﻿name,address1,address2,address3,borough_name,website,os_addressbase_uprn,borough_code,ward_2022_name,ward_2022_code,latitude,longitude,easting,northing,fme_feature_type.total_count
Black Cultural Archives,1 Windrush Square ,Brixton ,SW2 1EF,Lambeth,https://blackculturalarchives.org/,10091118537,E09000022,Brixton Windrush,E05014098,51.46051638,-0.114572316,531079.1710999999,175189.95219999924,298
"British Film Institute, Special Collections",BFI Southbank ,Belvedere Road ,SE1 8XT,Lambeth,https://www.bfi.org.uk/archive-collections/introduction-bfi-collections/exploring-collections/special-co,200000000000,E09000022,Waterloo & South Bank,E05014118,51.5069462,-0.115937366,530851.5021000002,180350.55189999938,298
Catholic Truth Society,40-46 Harleyford Road, ,SE11 5AY,Lambeth,http://www.ctsbooks.org/,100024000000,E09000022,Vauxhall,E05014117,51.48531584,-0.120552493,530593.0140000004,177937.00359999947,298
"Cinema Museum, Ronald Grant Archive",The Master's House ,The Old Lambeth Workhouse  2 Dugard W,SE11 4TH,Lambeth,http://www.ronaldgrantarchive.com/,10023852579,E09000022,Kennington,E05014105,51.49228045,-0.105168913,531641.0113000004,178739.00229999982,298
Countryside Alliance,The Old Town ,367 Kennington Road ,SE11 4PT,Lambeth,http://www.countryside-alliance.org/,100023000000,E09000022,Kennington,E05014105,51.48681908,-0.111128096,531243.0129000004,178121.00269999914,298
D'Oyly Carte Opera Company,N302 North Block Vox Studios, ,SE11 5JH,Lambeth,http://www.doylycarte.org.uk/,100023000000,E09000022,Kennington,E05014105,51.48847861,-0.11087226,531256.0124000004,178306.00229999982,298
European Movement,Southbank House, Black Prince Road ,SE1 7SJ,Lambeth,http://www.europeanmovement.co.uk/,100023000000,E09000022,Vauxhall,E05014117,51.49222021,-0.11986521,530621.0115999999,178706.00180000067,298
Garden Museum Archives,Garden Museum ,5 Lambeth Palace Road ,SE1 7LB,Lambeth,https://gardenmuseum.org.uk/archive/,100000000000,E09000022,Waterloo & South Bank,E05014118,51.49504923,-0.12019536,530590.0135000004,179020.00310000032,298
Hayward Gallery Library and Archives,Belvedere Road, ,SE1 8XX,Lambeth,https://www.southbankcentre.co.uk/about/what-we-do/archives-collections/hayward-gallery-archive,200000000000,E09000022,Waterloo & South Bank,E05014118,51.50613299,-0.115444817,530888.0120999999,180261.00229999982,298
International Fund for Animal Welfare Charitable Trus,87-90 Albert Embankment, ,SE1 7UD,Lambeth,https://www.ifaw.org/united-kingdom/frontpage,100000000000,E09000022,Vauxhall,E05014117,51.48796534,-0.123713335,530366.0132999998,178226.0025999993,298
King's College London: St Thomas' House Library,St Thomas' Hospital ,Lambeth Palace Road ,SE1 7EH,Lambeth,https://www.kcl.ac.uk/library/visiting/stthomas.aspx,100000000000,E09000022,Waterloo & South Bank,E05014118,51.49948958,-0.118384483,530703.0125000002,179517.00210000016,298
Lambeth Archives,Minet Library ,52 Knatchbull Road ,SE5 9QY,Lambeth,https://www.lambeth.gov.uk/places/lambeth-archives,100000000000,E09000022,Myatt's Fields,E05014107,51.47129501,-0.105390235,531686.0113000004,176405.00170000084,298
Marine Society,202 Lambeth Road, ,SE1 7JW,Lambeth,https://www.marine-society.org/,100000000000,E09000022,Waterloo & South Bank,E05014118,51.49554589,-0.116400357,530852.0132999998,179082.00290000066,298
Musicians Union,National Office ,60/62 Clapham Road ,SW9 0JJ,Lambeth,https://www.musiciansunion.org.uk/,200000000000,E09000022,Oval,E05014108,51.47964474,-0.115154428,530984.0115999999,177316.0022,298
National Theatre Archive,NT Studio 83-101, The Cut ,SE1 8LL,Lambeth,https://www.nationaltheatre.org.uk/about-the-national-theatre/archive,200000000000,E09000022,Waterloo & South Bank,E05014118,51.50233994,-0.10885803,531356.0118000004,179851.00229999982,298
Prospect,Prospect House ,75-79 York Street ,SE1 7AQ,Lambeth,https://www.prospect.org.uk/,10023851808,E09000022,Waterloo & South Bank,E05014118,51.50217833,-0.116329069,530837.9721999997,179819.66190000065,298
Rambert Dance Company Archives,99 Upper Ground, ,SE1 9PP,Lambeth,http://www.rambert.org.uk/explore/rambert-archive/,100000000000,E09000022,Waterloo & South Bank,E05014118,51.50617404,-0.113523269,531021.2418999998,180269.00210000016,298
Ramblers Association,2nd Floor Camelford House ,87-90 Albert Embankment ,SE1 7TW,Lambeth,https://www.ramblers.org.uk/,100000000000,E09000022,Vauxhall,E05014117,51.48796534,-0.123713335,530366.0132999998,178226.0025999993,298
Sea Cadet Association,202 Lambeth Road, ,SE1 7JF,Lambeth,https://www.sea-cadets.org/,100000000000,E09000022,Waterloo & South Bank,E05014118,51.49554589,-0.116400357,530852.0132999998,179082.00290000066,298
Sir Arthur Sullivan Society,9 Killieser Avenue, ,SW2 4NN,Lambeth,http://www.sullivansociety.org.uk/,100000000000,E09000022,Streatham Hill West & Thornton,E05014114,51.44132765,-0.128128304,530192.0131000001,173032.00430000015,298
Socialist Party of Great Britain,52 Clapham High Street, ,SW4 7UN,Lambeth,https://www.worldsocialism.org/spgb/,200000000000,E09000022,Clapham Town,E05014102,51.46389204,-0.132733683,529808.0109999999,175533.00170000084,298
Society for Cooperation in Russian and Soviet Studies,320 Brixton Road, ,SW9 6AB,Lambeth,http://www.scrss.org.uk/,100000000000,E09000022,Brixton North,E05014096,51.4692849,-0.112903029,531170.0098000001,176168.00019999966,298
Southbank Centre Archive,Royal Festival Hall South Bank Centre ,Belvedere Road ,SE1 8XX,Lambeth,https://www.southbankcentre.co.uk/venues/archive-studio,200000000000,E09000022,Waterloo & South Bank,E05014118,51.50576807,-0.116800006,530795.0120999999,180218.00249999948,298
The Wyndham Ashworth Archive,2 Salamanca Place ,Albert Embankment ,SE1 7HB,Lambeth,http://www.wyndhamashworth.org/,10008789585,E09000022,Vauxhall,E05014117,51.49154783,-0.120555522,530575.0118000004,178630.00200000033,298
Topolski Century,150-152 Hungerford Bridge, Concert Hall Approach  Waterloo,SE1 8XU,Lambeth,http://www.topolskicentury.org.uk/,10091117071,E09000022,Waterloo & South Bank,E05014118,51.50484918,-0.115769002,530869.1920999996,180117.66259999946,298
Type Museum,100 Hackford Road, ,SW9 OQU,Lambeth,http://www.typearchive.org/,100000000000,E09000022,Stockwell East,E05014110,51.47344231,-0.115870702,530952.0114000002,176625.0025999993,298
United Medical and Dental Schools: St Thomas's Hospit,The Library Block 9 St Thomas's Hospital ,Lambeth Palace Road ,SE1 7EH,Lambeth,http://www.kingscollections.org/catalogues/kclca/collection/u/10un50-1/,200000000000,E09000022,Waterloo & South Bank,E05014118,51.49699222,-0.120230644,530582.0131000001,179236.00200000033,298
World Development Movement,25 Beehive Place, ,SW9 7QR,Lambeth,https://www.globaljustice.org.uk/,100000000000,E09000022,Brixton Windrush,E05014098,51.46394243,-0.113972754,531111.0099,175572.0008000005,298
Stockwell Road - ASC Studios,3rd Floor,246 Stockwell Road,,Lambeth,www.ascstudios.co.uk,10091846274,E09000022,Brixton North,E05014096,51.46469069,-0.114647355,531062.0099,175654.00049999915,298
Warrior Studios,Arch 264, 241 Coldharbour Lane,,Lambeth,http://www.warriorstudios.org/,200000459971,E09000022,Herne Hill & Loughborough Junction,E05014104,51.46498994,-0.102541588,531902.0119000003,175709.00129999965,298
Arch 258,Arch 258 Hardess St,,,Lambeth,www.artcoreint.net,10023854148,E09000022,Herne Hill & Loughborough Junction,E05014104,51.4650893,-0.101457693,531977.0120999999,175722.00200000033,298
Clockwork Studios,38 Southwell Road,,,Lambeth,http://www.clockworkstudios.co.uk/,10093379709,E09000022,Herne Hill & Loughborough Junction,E05014104,51.46662,-0.09846,532180.8097999999,175897.6194000002,298
coldharbour studios,26 - 34 Southwell Road,,,Lambeth,http://www.coldharbourlondon.com/,100023275063,E09000022,Herne Hill & Loughborough Junction,E05014104,51.4663483,-0.098684343,532166.0120000001,175867.00170000084,298
Block 336,336 Brixton Road,,,Lambeth,http://block336.com/,10091845237,E09000022,Brixton North,E05014096,51.46814799,-0.113223473,531151.0093999999,176041.0008000005,298
Glassyard,276 Oak Square,Stockwell,,Lambeth,www.acme.org.uk,10090201945,E09000022,Brixton North,E05014096,51.4688417,-0.120581162,530638.0116999997,176105.0019000005,298
401 1/2 Studios,"401 - 403, Wandsworth Road",,,Lambeth,www.401studios.org,200000524037,E09000022,Stockwell West & Larkhall,E05014111,51.47371047,-0.13248182,529797.6815,176625.27329999954,298
Gasworks,155 Vauxhall Street,,,Lambeth,www.gasworks.org.uk,100023230142,E09000022,Oval,E05014108,51.48513475,-0.11543231,530949.0137,177926.0033999998,298
Studio 180,180 Lambeth Road,,,Lambeth,www.makespacestudios.com,200000469749,E09000022,Waterloo & South Bank,E05014118,51.49568915,-0.115874653,530888.0932999998,179098.87250000052,298
Makespace studios,Newnham Terrace,,,Lambeth,www.makespacestudios.com,10001114119,E09000022,Waterloo & South Bank,E05014118,51.49863391,-0.113261782,531061.0126,179431.00249999948,298
Empire Arches, 1-9 Watts Mews,off Conyers Road,,Lambeth,https://www.instagram.com/empirearches/?hl=en,10093058949,E09000022,Streatham St Leonard's,E05014115,51.42278226,-0.138149048,529548.0109999999,170952.00060000084,298
Carlew House,East Place,West Norwood,,Lambeth,www.acme.org.uk,100023571581,E09000022,Knight's Hill,E05014106,51.43040236,-0.100809816,532122.0126999998,171866.00280000083,298
Bainbridge Print,"1 Sydenham Place, Off Lansdowne Hill",,,Lambeth,www.bainbridgeprint.com,200000470223,E09000022,Knight's Hill,E05014106,51.43431391,-0.104676051,531842.0119000003,172294.00200000033,298
Streatham Hill,"47 Streatham Hill, ",Streatham ,,Lambeth,www.ascstudios.co.uk,10000445647,E09000022,Streatham Hill East,E05014113,51.44056664,-0.124965017,530414.0130000003,172953.0041000005,298
FriendsWorkShops,1 Park Mews,,,Lambeth,-,10090196587,E09000022,West Dulwich,E05014119,51.44959481,-0.100359001,532098.0119000003,174001.00170000084,298
Studio Voltaire,1a Nelsons Row,,,Lambeth,www.studiovoltaire.org,100023363904,E09000022,Clapham East,E05014100,51.46197333,-0.134222761,529710.0113000004,175317.00229999982,298
Brixton Village,1st Floors,Brixton Village Market,,Lambeth,www.ascstudios.co.uk,10090196125,E09000022,Brixton Windrush,E05014098,51.46254928,-0.111784377,531267.0107000005,175421.00119999982,298
Bureau Of Silly Ideas,Arches 17 & 555 Valentia Place,,,Lambeth,www.artcoreint.net,100023573059,E09000022,Brixton Windrush,E05014098,51.46283153,-0.111441616,531290.0105999997,175453.0014999993,298
Cleaver Street,"County Courts, Cleaver Street",Kennington,,Lambeth,https://ascstudios.co.uk/studios/,100023229221,E09000022,Kennington,E05014105,51.488362,-0.10986527,531326.2550999997,178294.83940000087,298
Make Space Studios,Newnham Terrace,,,Lambeth,http://www.makespacestudios.com,10001114119,E09000022,Waterloo & South Bank,E05014118,51.498633,-0.11328718,531059.2523999996,179430.85590000078,298
Proposition Studios,"Floor 10, The London Studios",60-72 Upper Ground,London South Bank,Lambeth,https://propositionstudios.giftpro.co.uk/contact/,200000485242 ,E09000022,Waterloo & South Bank,E05014118,51.507732,-0.11151352,531156.2377000004,180445.84449999966,298
Durham Street (Bow Arts),47-49 Durham Street ,,,Lambeth,https://bowarts.org/studios/durham-street-studios-vauxhall,100023230048,E09000022,Oval,E05014108,51.485046,-0.11837066,530745.2642000001,177910.88759999909,298
Streatham Space Project ,Sternhold Ave,,SW2 4PA,Lambeth,,10093376788,E09000022,Streatham Hill West & Thornton,E05014114,51.43878494,-0.1276554,530232.1028000005,172750.09380000085,298
Southbank Centre ,Belvedere Road,,SE1 8XX,Lambeth,https://www.southbankcentre.co.uk/,200000000000,E09000022,Waterloo & South Bank,E05014118,51.50576807,-0.116800006,530795.0120999999,180218.00249999948,298
BFI IMAX ,1 Charlie Chaplin Walk,Lambeth ,SE1 8XR,Lambeth,,200000488784,E09000022,Waterloo & South Bank,E05014118,51.504816,-0.11365137,531016.2463999996,180117.75809999928,298
BFI Southbank,,Belvedere Road,SE1 8XT,Lambeth,,200000480097,E09000022,Waterloo & South Bank,E05014118,51.50694,-0.11597015,530849.2448000005,180349.8038999997,298
Clapham Picturehouse,,76 Venn Street,SW4 0AT,Lambeth,,100023362688,E09000022,Clapham Town,E05014102,51.46254,-0.13825614,529428.2390999999,175372.88719999976,298
Odeon Streatham,,47-49 High Road,SW16 1PW,Lambeth,,200000481977,E09000022,Streatham Wells,E05014116,51.43209,-0.128057,530223.2081000004,172004.89609999955,298
Ritzy Picturehouse,,Brixton Oval,SW2 1JG,Lambeth,,100023570920,E09000022,Brixton Windrush,E05014098,51.461272,-0.11464124,531072.2204,175273.8537000008,298
West Norwood Library And Picturehouse,1-7 Norwood High St,West Norwood,SE27 9JU,Lambeth,,10000446790,E09000022,West Dulwich,E05014119,51.433204,-0.103324,531939.1825000001,172173.01400000043,298
Whirled Cinema,259-260 Hardess Street,Loughborough Junction,SE24 0HN,Lambeth,https://www.whirledcinema.com/,10023854149,E09000022,Herne Hill & Loughborough Junction,E05014104,51.465089,-0.10148353,531975.2182999998,175721.92210000008,298
Space Station 65,373 Kennington Road,,,Lambeth,http://spacestationsixtyfive.com/#,10000445110,E09000022,Kennington,E05014105,51.48601134,-0.109183494,531380.3370000003,178034.66589999944,298
Amstel Art Gallery,7 St George Wharf,,,Lambeth,http://amstelart.com/#,10091846195,E09000022,Vauxhall,E05014117,51.48484375,-0.124961977,530288.2182,177876.65750000067,298
Newport Street,3 Newport Street,,,Lambeth,http://www.newportstreetgallery.com/#,10093376049,E09000022,Kennington,E05014105,51.49291799,-0.11539545,530929.2915000003,178791.57349999994,298
Danielle Arud,123 Kennington Road,,,Lambeth,http://www.daniellearnaud.com/#,100021856991,E09000022,Kennington,E05014105,51.4942894,-0.108869727,531378.3406999996,178955.75689999945,298
Caroline Wiseman,26 Lansdowne Gardens,,,Lambeth,http://www.carolinewiseman.com/#,100021862472,E09000022,Stockwell West & Larkhall,E05014111,51.47606391,-0.124832425,530322.1984999999,176900.5547000002,298
Gasworks Gallery,155 Vauxhall Street,,,Lambeth,http://www.gasworks.org.uk/#,100023230142,E09000022,Kennington,E05014105,51.48462055,-0.113850591,531060.301,177871.6512000002,298
Photofusion Gallery,17A Electric Ln,Brixton,,Lambeth,http://www.photofusion.org/photography-exhibitions/#,100023388443,E09000022,Brixton Windrush,E05014098,51.46135658,-0.11233368,531232.2725999998,175287.38929999992,298
Brixton Art Gallery,35 Brixton Station Road,,,Lambeth,http://www.brixtonartgallery.co.uk/#,100023388518,E09000022,Brixton Windrush,E05014098,51.46330407,-0.111518999,531283.2805000003,175505.40909999982,298
Brocket Gallery,16 Windmill Row,,,Lambeth,http://www.brocketgallery.com/#,200000468294,E09000022,Kennington,E05014105,51.48650486,-0.110229078,531306.3293000003,178087.67170000076,298
Orso Major Gallery,19 Lower Marsh,,,Lambeth,http://www.orsomajor.com/#,200000471760,E09000022,Waterloo & South Bank,E05014118,51.5000865,-0.111425214,531184.3139000004,179595.8183999993,298
Man & Eve,119-120 Lower Marsh,,,Lambeth,http://www.manandeve.co.uk/#,200000471832,E09000022,Waterloo & South Bank,E05014118,51.500296,-0.11158947,531172.3124000002,179618.82090000063,298
Clapham Art Gallery,Unit 02,40-48 Bromellâ€™s Road,,Lambeth,http://www.claphamartgallery.com/#,200000520874,E09000022,Clapham East,E05014100,51.46213347,-0.136720207,529536.0779999997,175330.3936999999,298
The Sunday Painter,117-119 South Lambeth Road,SW8 1XA,,Lambeth,http://www.thesundaypainter.co.uk/#,10094054400,E09000022,Oval,E05014108,51.479165,-0.12345154,530409.2582,177247.8574000001,298
Art First,The Forge,15 St Mary's Walk,,Lambeth,http://www.artfirst.co.uk/#,100023229968,E09000022,Kennington,E05014105,51.493655,-0.10849388,531406.2529999996,178885.8850999996,298
Corvi-Mora,1a Kempsford Road (off Wincott Street),London,,Lambeth,https://www.corvi-mora.com/,100023229773,E09000022,Kennington,E05014105,51.491182,-0.1085242,531411.2538000001,178610.83060000092,298
greengrassi,1a Kempsford Road,London,,Lambeth,https://www.greengrassi.com/,100023229773,E09000022,Kennington,E05014105,51.491182,-0.1085242,531411.2538000001,178610.83060000092,298
San Mei Gallery,39a Loughborough Road,,,Lambeth,https://www.sanmeigallery.co.uk/,10094054829,E09000022,Myatt's Fields,E05014107,51.470868,-0.10854377,531468.2265999997,176351.8552000001,298
Sundy,63 Black Prince Rd,London,,Lambeth,https://sundy.co.uk/,100023231008,E09000022,Vauxhall,E05014117,51.491534,-0.11863653,530708.2641000003,178631.88560000062,298
The Handbag Factory,The Handbag Factory,3 Loughborough Street,,Lambeth,http://www.handbag-factory.com,100023230368,E09000022,Kennington,E05014105,51.48673752,-0.114065734,531039.3005999997,178106.67589999922,298
Canvas Coworking,Canvas Coworking,215 Lyham Road,,Lambeth,www.canvasbrixton.space/,100023353742,E09000022,Brixton Acre Lane,E05014095,51.45189105,-0.124959563,530382.1606000001,174212.28509999998,298
Piano House,9 Brighton Terrace,Brixton,,Lambeth,www.pianohousebrixton.co.uk/,100023387855,E09000022,Brixton Windrush,E05014098,51.46111732,-0.114791121,531062.2516000001,175256.38519999944,298
Biz Space,The Work Lounge (Brixton),"Shakespeare Business Centre, 245a",Coldharbour Lane,Lambeth,www.bizspace.co.uk/spaces/brixton,100023387868,E09000022,Herne Hill & Loughborough Junction,E05014104,51.46420145,-0.101374242,531985.3679,175623.42380000092,298
Tripod Brixton,Lambeth Town Hall,Brixton,,Lambeth,https://www.meanwhilespace.com/single-post/tripod / https://www.tripodbrixton.co.uk/,100023673934 ,E09000022,Brixton Acre Lane,E05014095,51.460661,-0.11689773,530917.2204999998,175201.87680000067,298
Old Paradise Yard,20 Carlisle Ln,Waterloo,,Lambeth,https://eatworkart.com/old-paradise-yard,200000457272,E09000022,Waterloo & South Bank,E05014118,51.498487,-0.11654926,530833.2582,179408.79020000063,298
The Corner Studios,Vincent's Yard,23 Alphabet Mews,Vassal,Lambeth,https://thecornerstudios.co.uk/,10090201031,E09000022,Stockwell East,E05014110,51.473872,-0.11416498,531069.2364999996,176675.8339000009,298
Bow Arts - Durham Street,47-49 Durham Street,,,Lambeth,https://bowarts.org/studios/durham-street-studios-vauxhall,100023230048,E09000022,Oval,E05014108,51.485046,-0.11837066,530745.2642000001,177910.88759999909,298
Pop Brixton,49 Brixton Station Road,,,Lambeth,https://www.popbrixton.org/about/,10090199715,E09000022,Brixton Windrush,E05014098,51.46294178,-0.110752289,531337.5768999998,175466.49670000002,298
Meanwhile Space,Granby Space,114-118 Lower Marsh,,Lambeth,https://www.granbyspace.co.uk,100023225341,E09000022,Waterloo & South Bank,E05014118,51.50044832,-0.111554352,531174.3125,179635.8217999991,298
Meanwhile Space,Lj Space,Styles Gardens,Loughborough Road,Lambeth,https://www.meanwhilespace.com/single-post/2017/10/31/LJ-Works,100023572524,E09000022,Herne Hill & Loughborough Junction,E05014104,51.46574849,-0.101382012,531980.3684999999,175795.43999999948,298
Old Paradise Yard,20 Carlisle Lane,,,Lambeth,eatworkart.com,200000457272,E09000022,Waterloo & South Bank,E05014118,51.49797542,-0.114928597,530947.2101999996,179354.79759999923,298
FriendsWorkshop,Park Mews,Croxted Rd,Norwood,Lambeth,http://www.friendsworkshops.org/,10090196587 ,E09000022,West Dulwich,E05014119,51.449595,-0.1003849,532096.2119000005,174000.97609999962,298
Clockwork Studios,38 Southwell Road,,,Lambeth,http://www.clockworkstudios.co.uk/,10093379709,E09000022,Herne Hill & Loughborough Junction,E05014104,51.46662,-0.09846,532180.8097999999,175897.6194000002,298
Make Space Studios,Newnham Terrace,,,Lambeth,http://www.makespacestudios.com,10001114119,E09000022,Waterloo & South Bank,E05014118,51.498633,-0.11328718,531059.2523999996,179430.85590000078,298
Vox Studios,1-45 Durham St,London,,Lambeth,https://www.workspace.co.uk/workspaces/vox-studios,100023674592,E09000022,Oval,E05014108,51.485981,-0.11838976,530741.2659999998,178014.82650000043,298
198 Contemporary Arts and Learning,198 Railton Road,Brixton,,Lambeth,https://www.198.org.uk/,200000477701 ,E09000022,Herne Hill & Loughborough Junction,E05014104,51.453995,-0.10388696,531840.2143999999,174483.9472000003,298
Fabric Floor,"Level 8, 3Space International House",Canterbury Crescent,,Lambeth,https://assemblestudio.co.uk/workspace/fabric-floor,100023387080,E09000022,Brixton Windrush,E05014098,51.46398,-0.11304678,531175.2213000003,175577.8359999992,298
Durham Street (Bow Arts),47-49 Durham Street ,,,Lambeth,https://bowarts.org/studios/durham-street-studios-vauxhall,100023230048,E09000022,Oval,E05014108,51.485046,-0.11837066,530745.2642000001,177910.88759999909,298
Bread and Roses,68 Clapham Manor St,,,Lambeth,https://www.breadandrosestheatre.co.uk,100021824058,E09000022,Clapham Town,E05014102,51.46586805,-0.136540351,529538.0115999999,175746.00249999948,298
Lost Theatre,208 Wandsworth Road,,,Lambeth,http://www.losttheatre.co.uk,10023851231,E09000022,Stockwell West & Larkhall,E05014111,51.47552393,-0.131821282,529838.4115000004,176828.10339999944,298
White Bear Theatre,138 Kennington Park Road,,,Lambeth,http://www.whitebearkennington.co.uk,100021856679,E09000022,Kennington,E05014105,51.48690516,-0.108099695,531453.0126999998,178136.00320000015,298
Waterloo East Theatre,19 Brad Street,,,Lambeth,http://www.waterlooeast.co.uk,10000445872,E09000022,Waterloo & South Bank,E05014118,51.50406716,-0.110011288,531271.0118000004,180041.00290000066,298
The Vaults,7AD Leake St,,,Lambeth,https://www.thevaults.london,10091121720,E09000022,Waterloo & South Bank,E05014118,51.50197488,-0.115285479,530910.9822000004,179798.90240000002,298
Electric Brixton,Town Hall Parade,,,Lambeth,http://electricbrixton.uk.com,200000455751,E09000022,Brixton Acre Lane,E05014095,51.46019347,-0.116833605,530923.0115999999,175150.00200000033,298
Landor Theatre,70 Landor Pub,,,Lambeth,http://www.thelandorpub.com,100021861916,E09000022,Clapham East,E05014100,51.46566493,-0.126053013,530267.0108000003,175742.00210000016,298
The Young Vic,66 The Cut,,,Lambeth,https://www.youngvic.org,100023226258,E09000022,Waterloo & South Bank,E05014118,51.50327691,-0.107291849,531462.0115999999,179958.00320000015,298
Rambert,99 Upper Ground,,,Lambeth,http://www.rambert.org.uk,100023226975,E09000022,Waterloo & South Bank,E05014118,51.50617404,-0.113523269,531021.2418999998,180269.00210000016,298
Omnibus Arts Centre,1 Northside Clapham Common,,,Lambeth,http://omnibus-clapham.org,100023362765,E09000022,Clapham Town,E05014102,51.46375804,-0.142413708,529136.0115,175501.00229999982,298
Flow Dance London,1-3 Brixton Rd.,Kennington Business Park,Canterbury Court U,Lambeth,https://flowdance-london.co.uk,10090196810,E09000022,Myatt's Fields,E05014107,51.4804897,-0.109546045,531371.0113000004,177420.0019000005,298
Southbank Centre,Belvedere Road,London,,Lambeth,https://www.southbankcentre.co.uk/,10090198178,E09000022,Waterloo & South Bank,E05014118,51.505864,-0.11618744,530837.2472999999,180229.7639000006,298
Alford House,Aveline Street,Kennington,,Lambeth,http://www.alfordhouse.org.uk/site/room-hire.php,100023230353,E09000022,Vauxhall,E05014117,51.48799223,-0.114176555,531028.0126999998,178246.00269999914,298
Brixton Community Base,32 Talma Road,,,Lambeth,http://www.brixtoncommunitybase.org,100021898740,E09000022,Brixton Windrush,E05014098,51.45865602,-0.110707061,531353.0118000004,174990.0025999993,298
Evelyn Grace Academy,255 Shakespeare Road,,,Lambeth,http://evelyngraceacademy.org/ega-dance-studio,10023851851,E09000022,Brixton Windrush,E05014098,51.46083334,-0.10353452,531845.0119000003,175245.0019000005,298
Love Dance Centre,8 Clapham Park Rd,,,Lambeth,,100021891189,E09000022,Clapham East,E05014100,51.46105474,-0.136966609,529522.0115,175210.0019000005,298
The Shala,Third Floor,"537, Norwood Road",West Norwood,Lambeth,http://www.theshalalondon.com,100023674227,E09000022,West Dulwich,E05014119,51.43454753,-0.102997455,531958.0118000004,172323.0014999993,298
Studio B,130 Brixton Hill,,,Lambeth,http://studioblondon.com,100023350695,E09000022,Brixton Acre Lane,E05014095,51.4528921,-0.121365609,530629.0113000004,174330.00229999982,298
Streatham Youth and Community Trust,Wellfield Centre,16 Wellfield Road,London,Lambeth,http://www.syct.org.uk,200000486426,E09000022,Streatham Wells,E05014116,51.42965878,-0.127238497,530287.0104,171735.99719999917,298
West Dulwich Health and Wellbeing Centre,1 Park Hall Road,,,Lambeth,https://aspirewellbeing.org,100023252867,E09000022,West Dulwich,E05014119,51.4351669,-0.095720482,532462.0116999997,172405.00170000084,298
South London Dance Studios,130 Herne Hil,,,Lambeth,http://southlondondancestudios.co.uk,100023258077,E09000022,Herne Hill & Loughborough Junction,E05014104,51.45353404,-0.101490894,532008.0120000001,174437.00229999982,298
Ovalhouse,52-54 Kennington Oval,,,Lambeth,http://www.ovalhouse.com,200000468066,E09000022,Oval,E05014108,51.48244459,-0.113670827,531079.0114000002,177630.00249999948,298
Vinters Studios,1b Sunnyhill Road,,,Lambeth,http://www.vintersstudios.co.uk,100023318812,E09000022,Streatham Wells,E05014116,51.43094452,-0.128912273,530167.0102000004,171875.99789999984,298
Creation Box,Newnham Terrace,,,Lambeth,https://www.creationboxlondon.com,10008788597,E09000022,Waterloo & South Bank,E05014118,51.49890212,-0.113164254,531067.0125000002,179461.00210000016,298
Arch 468 ,209a Coldharbour Lane ,,,Lambeth,https://www.arch468.com/rehearsalspacehire,200001000000,E09000022,Herne Hill & Loughborough Junction,E05014104,51.46580262,-0.102191142,531924.0119000003,175800.00200000033,298
Electric Brixton,Town Hall Parade,,,Lambeth,http://electricbrixton.uk.com,200000455751,E09000022,Brixton Acre Lane,E05014095,51.46019347,-0.116833605,530923.0115999999,175150.00200000033,298
Landor Theatre,70 Landor Pub,,,Lambeth,http://www.thelandorpub.com,100021861916,E09000022,Clapham East,E05014100,51.46566493,-0.126053013,530267.0108000003,175742.00210000016,298
The Young Vic,66 The Cut,,,Lambeth,https://www.youngvic.org,100023226258,E09000022,Waterloo & South Bank,E05014118,51.50327691,-0.107291849,531462.0115999999,179958.00320000015,298
Rambert,99 Upper Ground,,,Lambeth,http://www.rambert.org.uk,100023226975,E09000022,Waterloo & South Bank,E05014118,51.50617404,-0.113523269,531021.2418999998,180269.00210000016,298
Omnibus Arts Centre,1 Northside Clapham Common,,,Lambeth,http://omnibus-clapham.org,100023362765,E09000022,Clapham Town,E05014102,51.46375804,-0.142413708,529136.0115,175501.00229999982,298
Flow Dance London,1-3 Brixton Rd,Unit 3,,Lambeth,https://flowdance-london.co.uk,10090196810,E09000022,Myatt's Fields,E05014107,51.4804897,-0.109546045,531371.0113000004,177420.0019000005,298
Brixton House,385 Coldharbour Lane,Brixton,,Lambeth,https://brixtonhouse.co.uk/,10094957510,E09000022,Brixton Windrush,E05014098,51.461917,-0.11110208,531316.2185000004,175351.91449999996,298
Sunshine International Arts,209A Coldharbour Ln,,,Lambeth,https://www.sunshineiarts.co.uk/,No UPRN,E09000022,Herne Hill & Loughborough Junction,E05014104,51.46619534,-0.10204378,531933.1156000001,175843.93769999966,298
Guava London Ltd,Unit 58 Eurolink Business Centre,49 Effra Road,,Lambeth,http://www.guavalondon.com/,100023571674,E09000022,Brixton Rush Common,E05014097,51.45844156,-0.114141888,531115.0116999997,174960.00290000066,298
Clockwork Studios,38 Southwell Road,,,Lambeth,http://www.clockworkstudios.co.uk/,10093379709,E09000022,Herne Hill & Loughborough Junction,E05014104,51.46662,-0.09846,532180.8097999999,175897.6194000002,298
Vox Studios,"1-45 Durham St, London SE11 5JH",,,Lambeth,https://www.workspace.co.uk/workspaces/vox-studios,100023674592,E09000022,Oval,E05014108,51.485981,-0.11838976,530741.2659999998,178014.82650000043,298
Above the Stag Theatre,72 Albert Embankment,Miles Street,SE1 7TP,Lambeth,,,E09000022,Vauxhall,E05014117,51.48751,-0.12277,530432.8014000002,178177.04700000025,298
Eagle London,349 Kennington Lane,,SE11 5QY,Lambeth,,,E09000022,Vauxhall,E05014117,51.48620351,-0.119345654,530674.2660999997,178037.86480000056,298
Royal Vauxhall Tavern,372 Kennington Lane,Lambeth,SE11 5HY,Lambeth,,,E09000022,Vauxhall,E05014117,51.48652405,-0.11970696,530648.2664999999,178072.8649000004,298
The Cock Tavern ,340 Kennington Road,,SE11 4LD,Lambeth,,,E09000022,Kennington,E05014105,51.48640229,-0.11163793,531208.8130999999,178073.74230000004,298
Arch Clapham,"Arch 642, Voltaire Rd, London ",,SW4 6DH,Lambeth,,,E09000022,Clapham Town,E05014102,51.46499,-0.13086,529935.0433,175658.41630000062,298
The Bridge Bar,8 Voltaire Road,Clapham,SW4 6DH,Lambeth,http://www.bridgewinebar.com/#menu,,E09000022,Clapham Town,E05014102,51.46579362,-0.13361743,529741.2403999995,175742.89550000057,298
Fire (including Lightbox and Protocol),39 (34-41) Parry Street; South Lambeth Road,Vauxhall; Vauxhall,SW8 1RT,Lambeth,http://firelondon.seetickets.com/promoter/circuit-clubbing/12825,,E09000022,Vauxhall,E05014117,51.48471939,-0.123814056,530368.2704999996,177864.86999999918,298
The Two Brewers,114 Clapam High Street,,SW4 7UJ,Lambeth,www.the2brewers.com    http://london.gaycities.com/bars/2019-the-two-brewers,,E09000022,Clapham Town,E05014102,51.46317837,-0.134847041,529663.2363999998,175449.90000000037,298
Union,66 Albert Embankment,,SE1 7TW,Lambeth,http://www.clubunion.co.uk,,E09000022,Vauxhall,E05014117,51.48795551,-0.123738831,530364.2713000001,178224.8640999999,298
Streatham,,,,Lambeth,,100023315960,E09000022,Streatham Wells,E05014116,51.43105845,-0.127568076,530260.1238000002,171891.0558000002,298
Carnegie library (Herne Hill),,,,Lambeth,,10091838239,E09000022,Herne Hill & Loughborough Junction,E05014104,51.46026675,-0.09500123,532439.4206999997,175197.3872999996,298
Brixton,,,,Lambeth,,200000455963,E09000022,Brixton Windrush,E05014098,51.46058716,-0.113142886,531178.2653999999,175200.38099999912,298
Clapham,,,,Lambeth,,10090197569,E09000022,Clapham East,E05014100,51.46259073,-0.132070789,529857.7441999996,175389.46839999966,298
Minet,,,,Lambeth,,100021859495,E09000022,Myatt's Fields,E05014107,51.47077924,-0.103808424,531797.3517000005,176350.4918000009,298
Tate South Lambeth,,,,Lambeth,,100023383422,E09000022,Oval,E05014108,51.47868673,-0.122377153,530485.2231000001,177196.58530000038,298
Durning,,,,Lambeth,,100023229223,E09000022,Kennington,E05014105,51.48827569,-0.108499154,531421.3426999999,178287.69099999964,298
Waterloo,,,,Lambeth,,100023225318,E09000022,Waterloo & South Bank,E05014118,51.49766755,-0.110329276,531267.3254000004,179328.79279999994,298
West Norwood Library and Picturehouse,,,,Lambeth,,10000446790,E09000022,Knight's Hill,E05014106,51.43228329,-0.102510989,531998.3444999997,172072.09569999948,298
Artichoke,Artichoke Print Workshop,Unit S1,245a Coldharbour L,Lambeth,www.facebook.com/artichokeprintmaking/,200000459927,E09000022,Herne Hill & Loughborough Junction,E05014104,51.46471787,-0.102955985,531874.0118000004,175678.00129999965,298
Bainbridge Print,,1 Sydenham Place,Lansdowne Hille,Lambeth,www.bainbridgeprint.com,10008789269,E09000022,Knight's Hill,E05014106,51.43439246,-0.104528928,531852.0119000003,172303.00139999948,298
North Street Potters,4a Rectory Grove,Clapham,,Lambeth,www.northstreetpotters.com/,100023361853,E09000022,Clapham Town,E05014102,51.46819321,-0.139123731,529352.0116999997,176000.00180000067,298
Photofusion,17a Electric Lane,London,,Lambeth,www.photofusion.org,100023388443,E09000022,Brixton Windrush,E05014098,51.46187314,-0.113914086,531121.0107000005,175342.00129999965,298
Meanwhile Space,Loughborough Junction Arches,Loughborough Junction Arches,Ridgeway Road,Lambeth,https://www.meanwhilespace.com/single-post/2017/08/16/Loughborough-Junction-Arches,10008793671,E09000022,Brixton North,E05014096,51.46626477,-0.102963824,531869.0116999997,175850.0019000005,298
Parade Mews Pottery,Parade Mews Pottery,7 Parade Mews,Tulse Hill,Lambeth,www.parademewspottery.co.uk/,200000522168,E09000022,St Martin's,E05014109,51.43981813,-0.106937521,531669.0118000004,172902.00269999914,298
The Camera Club,The Camera Club,16 Bowden Street,,Lambeth,www.thecameraclub.co.uk,100023229935,E09000022,Kennington,E05014105,51.48766563,-0.110646583,531274.0126,178216.00239999965,298
The Remakery,4-20 Paulet Road,Loughborough Junction,,Lambeth,www.remakery.org/,10001110677,E09000022,Herne Hill & Loughborough Junction,E05014104,51.47054969,-0.099776622,532078.0228000004,176332.2254000008,298
SLAUGHTERHAUS,23 Alphabet Mews,London,,Lambeth,https://vincentsyard.co.uk/join-us/slaughterhaus-print-studio/,10090201031,E09000022,Stockwell East,E05014110,51.473872,-0.11416498,531069.2364999996,176675.8339000009,298
Creatives Inc. (UK) Limited,11A Streatham Common South ,,,Lambeth,https://www.creativesinc.com,100021895622,E09000022,Streatham Common & Vale,E05014112,51.41993954,-0.123462715,530577.1489000004,170661.93060000055,298
FAB CUT DESIGN LTD,458 Rathgar Rd,Brixton,,Lambeth,https://www.fabcutdes.com/,100023572514,E09000022,Herne Hill & Loughborough Junction,E05014104,51.466522,-0.1022447,531918.2189999996,175879.9003999997,298
Cinema Museum,"The Masterâ€™s House, The Old Lambeth Workhouse",2 Dugard Way,Kennington,Lambeth,http://www.rmg.co.uk/cuttysark,10023852579,E09000022,Kennington,E05014105,51.49176679,-0.103585874,531752.3805999998,178684.72819999978,298
Black Cultural Archives,1 Windrush Square,NA,NA,Lambeth,www.bcaheritage.org.uk,10091118537,E09000022,Brixton Windrush,E05014098,51.45999969,-0.11299205,531190.4264000002,175135.32459999993,298
The Garden Museum,5 Lambeth Palace Rd,Lambeth,NA,Lambeth,www.â€‹gardenmuseum.â€‹org.â€‹uk,100023225605,E09000022,Waterloo & South Bank,E05014118,51.49453609,-0.118613722,530701.2666999996,178965.76180000044,298
Hayward Gallery,Southbank Centre,Belvedere Road,NA,Lambeth,http://ticketing.southbankcentre.co.uk/venues/hayward-gallery#,200000480099,E09000022,Waterloo & South Bank,E05014118,51.50562082,-0.113862479,530999.2883000001,180206.87700000033,298
Florence Nightingale Museum,St. Thomas Hospital,2 Lambeth Palace Road,NA,Lambeth,http://www.florence-nightingale.co.uk/,200000488107,E09000022,Waterloo & South Bank,E05014118,51.49953929,-0.115424879,530908.2844000002,179527.81409999914,298
Studio Voltaire,1A Nelsons Row,London,SW4 7JR,Lambeth,https://www.studiovoltaire.org/,100023363904,E09000022,Clapham East,E05014100,51.462095,-0.13461766,529682.2359999996,175329.83349999972,298
Gasworks,155 Vauxhall Street,London,SE11 5RH,Lambeth,https://gasworks.org.uk/,100023230142,E09000022,Oval,E05014108,51.485134,-0.11545759,530947.2607000005,177925.87480000034,298
Cabinet Gallery,132 Tyers Street,Vauxhall Pleasure Gardens,SE11 5HS,Lambeth,https://www.cabinet.uk.com/,10093057125,E09000022,Vauxhall,E05014117,51.487618,-0.11950352,530659.2655999996,178194.87600000016,298
Arts Council Collection,Southbank Centre,Belvedere Road,SE1 8XX,Lambeth,https://artscouncilcollection.org.uk,No UPRN found,E09000022,Waterloo & South Bank,E05014118,51.50608,-0.1163,530828.8175999997,180253.58220000006,298
Garden Museum,5 Lambeth Palace Road,London,SE1 7LB,Lambeth,https://gardenmuseum.org.uk/,100023225605,E09000022,Waterloo & South Bank,E05014118,51.495048,-0.12022058,530588.2664000001,179019.82129999995,298
Lambeth Palace Library,15 Lambeth Palace Road,London,SE1 7JT,Lambeth,https://lambethpalacelibrary.org/,10094053854,E09000022,Waterloo & South Bank,E05014118,51.497656,-0.1185717,530695.2619000003,179312.77280000038,298
The Chocolate Museum,187 Ferndale Rd,London,NA,Lambeth,https://www.thechocolatemuseum.co.uk/,200000463564,E09000022,Brixton North,E05014096,51.463925,-0.11630269,530949.2213000003,175565.89680000022,298
Van Gogh House London,87 Hackford Road,London,NA,Lambeth,https://vangoghhouse.co.uk/,100021847182,E09000022,Stockwell East,E05014110,51.474509,-0.11517551,530997.2381999996,176744.86250000075,298
San Mei Gallery,39a Loughborough Road,NA,NA,Lambeth,https://www.sanmeigallery.co.uk/,10094054829,E09000022,Myatt's Fields,E05014107,51.470868,-0.10854377,531468.2265999997,176351.8552000001,298
The Cinema Museum,2 Dugard Way,Renfrew Rd,NA,Lambeth,http://www.cinemamuseum.org.uk/,10023852579,E09000022,Kennington,E05014105,51.492279,-0.10519433,531639.2511,178738.79539999925,298
Brixton East,"100 Barrington Road, SW9 7JF",,,Lambeth,,100000000000,E09000022,Brixton Windrush,E05014098,51.463218,-0.107588,531556.5827000001,175502.88910000026,298
B45 London,"Basement 45, 45 Tulse Hill, Brixton, London SW2 2T",,,Lambeth,,10090198452,E09000022,Brixton Rush Common,E05014097,51.453891,-0.11311,531199.7315999996,174455.82880000025,298
Iklectik,"20 Carlisle Lane, SE1 7LG London, United Kingdom",Carlisle Lane,The Grey Studio 20,Lambeth,www.iklectikartlab.com,10091119428,E09000022,Waterloo & South Bank,E05014118,51.498452,-0.116546,530833.5845999997,179404.90399999917,298
Purcell Room,"Southbank Centre, Belvedere Rd, London SE1 8XX",London, Belvedere Road,Lambeth,https://www.southbankcentre.co.uk/venues/purcell-room?,0,E09000022,Waterloo & South Bank,E05014118,51.506081,-0.116304,530828.5371000003,180253.68630000018,298
The Royal Festival Hall,Belvedere Road,London, Belvedere Road,Lambeth,https://www.southbankcentre.co.uk/venues/royal-festival-hall?,200000000000,E09000022,Waterloo & South Bank,E05014118,51.506081,-0.116304,530828.5371000003,180253.68630000018,298
O2 Academy Brixton,211 Stockwell Road; Stockwell; London SW9 9SL; Uni,Lambeth,211 Stockwell Road,Lambeth,www.academymusicgroup.com/o2academybrixton,100000000000,E09000022,Brixton North,E05014096,51.46512,-0.11489,531043.9271999998,175701.3058000002,298
Royal Vauxhall Tavern,372 Kennington Lane; Oval; London SE11 5HY; United,Lambeth,372 Kennington Lan,Lambeth,www.vauxhalltavern.com,100000000000,E09000022,Oval,E05014108,51.484869,-0.115209,530965.2779000001,177896.85060000047,298
Off The Cuff,"Arch 645, 301-303 Railton Rd, Herne Hill SE24 0JN",Lambeth,301-303 Railton Ro,Lambeth,www.offthecuffbar.com,100000000000,E09000022,Herne Hill & Loughborough Junction,E05014104,51.452984,-0.102127,531965.4022000004,174374.69239999913,298
White Lion Sw16,232 Streatham High Road,Lambeth,,Lambeth,www.whitelionsw16.co.uk,100000000000,E09000022,Streatham St Leonard's,E05014115,51.43010618,-0.128196909,530219.1172000002,171784.04480000027,298
Electric Brixton,Town Hall Parade; Brixton; London SW2 1RJ; United ,Brixton,,Lambeth,https://www.electricbrixton.uk.com/,,E09000022,Brixton Acre Lane,E05014095,51.459842,-0.116868,530921.6270000003,175110.8571000006,298
Primo Bar,"Park Plaza, Westminster Bridge, 200 Westminster Br",Lambeth,200 Westminster Br,Lambeth,,10008793643,E09000022,Waterloo & South Bank,E05014118,51.500912,-0.116497,530829.9429000001,179678.5451999996,298
Toulouse Lautrec Jazz Club,"140 Newington Butts, Kennington, London SE11 4RN",Kennington,,Lambeth,https://www.toulouselautrec.co.uk/,200000000000,E09000022,Kennington,E05014105,51.491117,-0.103371,531769.1686000004,178612.85730000027,298
Old Red Lion Theatre,"42 Kennington Park Rd, London SE11 4RS, United Kin",Lambeth,42 Kennington Park,Lambeth,www.theoldredlion.com,100000000000,E09000022,Kennington,E05014105,51.489473,-0.105134,531651.5153999999,178426.87380000018,298
Phonox,418 Brixton Road Brixton London SW9 7AY,Lambeth,418 Brixton Road,Lambeth,www.phonox.co.uk/,100000000000,E09000022,Brixton North,E05014096,51.464399,-0.114649,531062.7306000004,175621.5616999995,298
The Bread & Roses,68 Clapham Manor Street,,,Lambeth,,100000000000,E09000022,Clapham Town,E05014102,51.46535221,-0.134962016,529649.0981999999,175691.43090000004,298
The Eagle,349 Kennington Lane; Vauxhall; London SE11 5QY; Un,,,Lambeth,www.eaglelondon.com/,100000000000,E09000022,Vauxhall,E05014117,51.486307,-0.119348,530673.8076,178049.36879999936,298
Fire,"39 Parry Street, South Lambeth Road, London, SW8 1",Lambeth,Arch 39-43 Parry S,Lambeth,www.firelondon.net/,100000000000,E09000022,Vauxhall,E05014117,51.484403,-0.123444,530394.8640000001,177830.34530000016,298
Hootananny Brixton,"95 Effra Road, Brixton, London, SW2 1DF",Brixton,,Lambeth,https://www.hootanannybrixton.co.uk/,100000000000,E09000022,Herne Hill & Loughborough Junction,E05014104,51.455382,-0.113254,531185.4563999996,174621.3696999997,298
Porky's Wine Bar,"23-27 Sternhold Avenue, Streatham Hill, SW2 4PA",Lambeth,23-27 Sternhold Av,Lambeth,,100000000000,E09000022,Streatham Hill West & Thornton,E05014114,51.43846,-0.127681,530231.2467999998,172713.91459999979,298
Brixton Jamm Limited,261 Brixton Rd,,,Lambeth,,100000000000,E09000022,Brixton North,E05014096,51.47028117,-0.110280436,531349.2982999999,176283.4846999999,298
The Vaults,Arch 236 Leake Street,Lambeth,Arch 236 Leake Str,Lambeth,,10091121720,E09000022,Waterloo & South Bank,E05014118,51.50146321,-0.113702738,531022.2949999999,179744.8337999992,298
Upstairs At The Ritzy,Brixton Oval; Coldharbour Lane; London SW2 1JG; Un,Chaplin House,Brixton Rd London,Lambeth,www.picturehouses.com/cinema/Ritzy_Picturehouse/Whats_On?filter=Upstairs,100000000000,E09000022,Brixton Windrush,E05014098,51.461272,-0.114641,531072.2369999997,175273.8541000001,298
Hideaway,"2 Empire Mews, Stanthorpe Road, SW16 2BF, London",Lambeth,,Lambeth,https://www.hideawaylive.co.uk/,100000000000,E09000022,Streatham St Leonard's,E05014115,51.426834,-0.130317,530081.0262000002,171416.4101999998,298
Club 414,414 Coldharbour Lane; Brixton; London SW9 8LF; Uni,,,Lambeth,https://www.club414.org,,E09000022,Brixton Windrush,E05014098,51.461631,-0.113526,531148.6622000001,175315.76989999972,298
Bloc South,"65 Albert Embankment, SE1 7TP London, United Kingd",,,Lambeth,http://www.blocsouth.club,,E09000022,Vauxhall,E05014117,51.486909,-0.122896,530425.7675999999,178109.99090000056,298
Bar Lenuccia,148 Camberwell New Road; London SE5 0RR,,,Lambeth,http://www.barlenuccia.com,,E09000022,Myatt's Fields,E05014107,51.478208,-0.103507,531796.8980999999,177177.1168000009,298
Mist On Rocks,"518 Wandsworth Road, Clapham, SW8 3JX",,,Lambeth,,200000000000,E09000022,Clapham Town,E05014102,51.467943,-0.145114,528936.6694,175961.6235000007,298
Electric Social,40 Acre Lane; Brixton; London SW2 5SP; United King,,,Lambeth,,100000000000,E09000022,Brixton Acre Lane,E05014095,51.460313,-0.120439,530672.2161999997,175156.8582000006,298
Arch 269,269 Coldharbour Lane; Herne Hil; London SW9 8SE; U,,,Lambeth,,,E09000022,Brixton Windrush,E05014098,51.463573,-0.105635,531691.2209999999,175545.8735000007,298
Queen Elizabeth Hall,"Southbank Centre, Belvedere Rd, London, SE1 8XX; U",London, Belvedere Road,Lambeth,https://www.southbankcentre.co.uk/venues/queen-elizabeth-hall?,,E09000022,Waterloo & South Bank,E05014118,51.506081,-0.116304,530828.5371000003,180253.68630000018,298
Venn Street Records,"78 Vemm Street, Clapham, London, SW4 0BD",,,Lambeth,https://www.vennstreetrecords.com,,E09000022,Clapham Town,E05014102,51.462525,-0.13803,529443.9896999998,175371.61849999987,298
Tia Maria Restaurant & Music Bar,"126 South Lambeth Road, Vauxhall, London, SW8 1RB",,,Lambeth,,100000000000,E09000022,Oval,E05014108,51.480931,-0.124865,530306.0862999996,177441.72529999912,298
House Of Vans,Arches 228 - 232 Station Approach Road; London SE1,,,Lambeth,,,E09000022,Waterloo & South Bank,E05014118,51.503793,-0.113863,531004.4927000003,180003.62140000053,298
Gremio De Brixton,"St. Matthew's Church Brixton, Effra Rd, London, SW",,Lambeth ,Lambeth,,10090196516,E09000022,Brixton Acre Lane,E05014095,51.453129,-0.120718,530673.3299000002,174357.50019999966,298
Paradise London,65 Albert Embankment,,65 Albert Embankme,Lambeth,,,E09000022,Vauxhall,E05014117,51.487899982,-0.123220012,530400.4479,178219.61250000075,298
Effra Hall Tavern,38 Kellet Road London,,,Lambeth,https://theeffra.com/,,E09000022,Brixton Windrush,E05014098,51.459829994,-0.113920039,531126.4477000004,175114.7932999991,298
Blues Kitchen Brixton (The),40 Ace Lane,Brixton,,Lambeth,https://theblueskitchen.com/brixton/,,E09000022,Brixton Acre Lane,E05014095,51.460369998,-0.120379971,530676.1541999998,175163.30169999972,298
Queen's Head (The),144 Stockwell Road,,,Lambeth,https://www.queensheadbrixton.co.uk,,E09000022,Brixton North,E05014096,51.467169985,-0.11776004,530838.7209000001,175924.13690000027,298
Cavendish Arms (The),128 Hartington Rd,Stockwell,,Lambeth,https://www.thecavendisharmsstockwell.co.uk/,,E09000022,Stockwell West & Larkhall,E05014111,51.47647,-0.127469972,530137.8887999998,176941.0259000007,298
Union,66 Albert Embankment,,66 Albert Embankme,Lambeth,Union :: Vauxhall :: London (clubunion.co.uk),,E09000022,Vauxhall,E05014117,51.487899982,-0.123220012,530400.4479,178219.61250000075,298
Scandals,82 Norwood High Street,,,Lambeth,,,E09000022,Knight's Hill,E05014106,51.429619981,-0.101360008,532086.0217000004,171778.01060000062,298
Fantazya,69 Albert Embankment,,69 Albert Embankme,Lambeth,Fantazya | Arabic Night Club,,E09000022,Vauxhall,E05014117,51.487899982,-0.123220012,530400.4479,178219.61250000075,298
Ligthbox,6 S Lambeth Pl,,6 S Lambeth Pl,Lambeth,,,E09000022,Vauxhall,E05014117,51.485649986,-0.123489993,530388.1183000002,177968.93019999936,298
Hideaways,"225 Streatham High Rd, London SW16 6EN",,,Lambeth,,,E09000022,Streatham St Leonard's,E05014115,51.426219987,-0.131019959,530033.8996000001,171346.88529999927,298
Royal Vauxhall Tavern,372 Kennington Lane; Oval; London SE11 5HY; United,Lambeth,372 Kennington Lan,Lambeth,www.vauxhalltavern.com,100000000000,E09000022,Oval,E05014108,51.484869,-0.115209,530965.2779000001,177896.85060000047,298
Off The Cuff,"Arch 645, 301-303 Railton Rd, Herne Hill SE24 0JN",Lambeth,301-303 Railton Ro,Lambeth,www.offthecuffbar.com,100000000000,E09000022,Herne Hill & Loughborough Junction,E05014104,51.452984,-0.102127,531965.4022000004,174374.69239999913,298
White Lion Sw16,232 Streatham High Road,Lambeth,,Lambeth,www.whitelionsw16.co.uk,100000000000,E09000022,Streatham St Leonard's,E05014115,51.43010618,-0.128196909,530219.1172000002,171784.04480000027,298
Electric Brixton,Town Hall Parade; Brixton; London SW2 1RJ; United ,Brixton,,Lambeth,https://www.electricbrixton.uk.com/,,E09000022,Brixton Acre Lane,E05014095,51.459842,-0.116868,530921.6270000003,175110.8571000006,298
Hideaway,"2 Empire Mews, Stanthorpe Road, SW16 2BF, London",Lambeth,,Lambeth,https://www.hideawaylive.co.uk/,,E09000022,Streatham St Leonard's,E05014115,51.426834,-0.130317,530081.0262000002,171416.4101999998,298
Club 414,414 Coldharbour Lane; Brixton; London SW9 8LF; Uni,,,Lambeth,https://www.club414.org,,E09000022,Brixton Windrush,E05014098,51.461631,-0.113526,531148.6622000001,175315.76989999972,298
Venn Street Records,"78 Vemm Street, Clapham, London, SW4 0BD",,,Lambeth,https://www.vennstreetrecords.com,,E09000022,Clapham Town,E05014102,51.462525,-0.13803,529443.9896999998,175371.61849999987,298
Effra Hall Tavern,38 Kellet Road London,,,Lambeth,https://theeffra.com/,,E09000022,Brixton Windrush,E05014098,51.459829994,-0.113920039,531126.4477000004,175114.7932999991,298
Blues Kitchen Brixton (The),40 Ace Lane,Brixton,,Lambeth,https://theblueskitchen.com/brixton/,,E09000022,Brixton Acre Lane,E05014095,51.460369998,-0.120379971,530676.1541999998,175163.30169999972,298
Queen's Head (The),144 Stockwell Road,,,Lambeth,https://www.queensheadbrixton.co.uk,,E09000022,Brixton North,E05014096,51.467169985,-0.11776004,530838.7209000001,175924.13690000027,298
Cavendish Arms (The),128 Hartington Rd,Stockwell,,Lambeth,https://www.thecavendisharmsstockwell.co.uk/,,E09000022,Stockwell West & Larkhall,E05014111,51.47647,-0.127469972,530137.8887999998,176941.0259000007,298
B45 London,"Basement 45, 45 Tulse Hill, Brixton, London SW2 2T",,,Lambeth,,10090198452,E09000022,Brixton Rush Common,E05014097,51.453891,-0.11311,531199.7315999996,174455.82880000025,298
The Eagle,349 Kennington Lane; Vauxhall; London SE11 5QY; Un,,,Lambeth,www.eaglelondon.com/,,E09000022,Vauxhall,E05014117,51.486307,-0.119348,530673.8076,178049.36879999936,298
Fire,"39 Parry Street, South Lambeth Road, London, SW8 1",Lambeth,Arch 39-43 Parry S,Lambeth,www.firelondon.net/,100000000000,E09000022,Vauxhall,E05014117,51.484403,-0.123444,530394.8640000001,177830.34530000016,298
Hootananny Brixton,"95 Effra Road, Brixton, London, SW2 1DF",Brixton,,Lambeth,https://www.hootanannybrixton.co.uk/,,E09000022,Herne Hill & Loughborough Junction,E05014104,51.455382,-0.113254,531185.4563999996,174621.3696999997,298
Porky's Wine Bar,"23-27 Sternhold Avenue, Streatham Hill, SW2 4PA",Lambeth,23-27 Sternhold Av,Lambeth,,100000000000,E09000022,Streatham Hill West & Thornton,E05014114,51.43846,-0.127681,530231.2467999998,172713.91459999979,298
Brixton Jamm Limited,261 Brixton Rd,,,Lambeth,,100000000000,E09000022,Brixton North,E05014096,51.47028117,-0.110280436,531349.2982999999,176283.4846999999,298
Bloc South,"65 Albert Embankment, SE1 7TP London, United Kingd",,,Lambeth,http://www.blocsouth.club,,E09000022,Vauxhall,E05014117,51.486909,-0.122896,530425.7675999999,178109.99090000056,298
Scandals,82 Norwood High Street,,,Lambeth,,,E09000022,Knight's Hill,E05014106,51.429619981,-0.101360008,532086.0217000004,171778.01060000062,298
Fantazya,69 Albert Embankment,,69 Albert Embankme,Lambeth,Fantazya | Arabic Night Club,,E09000022,Vauxhall,E05014117,51.487899982,-0.123220012,530400.4479,178219.61250000075,298
Ligthbox,6 S Lambeth Pl,,6 S Lambeth Pl,Lambeth,,,E09000022,Vauxhall,E05014117,51.485649986,-0.123489993,530388.1183000002,177968.93019999936,298
Paradise London,65 Albert Embankment,,65 Albert Embankme,Lambeth,,,E09000022,Vauxhall,E05014117,51.487899982,-0.123220012,530400.4479,178219.61250000075,298
Union,66 Albert Embankment,,66 Albert Embankme,Lambeth,Union :: Vauxhall :: London (clubunion.co.uk),,E09000022,Vauxhall,E05014117,51.487899982,-0.123220012,530400.4479,178219.61250000075,298
Red Mastering Studio,Ashley Lodge 122a Thurlow Park Rd,,,Lambeth,onlinemastering.org.uk,100023676750,E09000022,West Dulwich,E05014119,51.44077,-0.09394,532569.5533999996,173031.28089999966,298
Sonica Studios Ltd,17a Welmar Mews,Lambeth,,Lambeth,www.sonicastudios.co.uk,10093378271,E09000022,Clapham Common & Abbeville,E05014099,51.45843412,-0.130320449,529991.1188000003,174930.3501999993,298
The Dairy Studios,43 Tunstall Road,Lambeth,,Lambeth,http://www.thedairy.co.uk,100023387821,E09000022,Brixton Acre Lane,E05014095,51.46173272,-0.116147931,530966.2407999998,175322.39189999923,298
Brixton recording Studios,"Unit 3, Fairfax House",Overton Rd,Brixton,Lambeth,https://www.brixtonrecordingstudios.com/,See notes ,E09000022,Brixton North,E05014096,51.46833,-0.11039,531347.2849000003,176066.31640000083,298
Iguana Studio,Unit 1 88a Acre Lane,Brixton,,Lambeth,http://www.iguanastudio.co.uk/,10000444825,E09000022,Brixton Acre Lane,E05014095,51.459976,-0.12241052,530536.2221999997,175115.8696999997,298
Brixton Hill Studios,"Unit 1, 126 Brixton Hill",,,Lambeth,https://brixtonhillstudios.com/, 200000490825,E09000022,Brixton Acre Lane,E05014095,51.453056,-0.12096731,530656.2167999996,174348.93799999915,298
Octagon London Studios ,130 Brixton Hill ,,,Lambeth,https://www.octagonlondon.com/,100023350695,E09000022,Brixton Acre Lane,E05014095,51.452892,-0.12139144,530627.2169000003,174329.94510000013,298
OCTAGON LONDON STUDIOS,130 BRIXTON HILL,LONDON,,Lambeth,www.artspacestudio.co.uk,10090196515,E09000022,Brixton Acre Lane,E05014095,51.45285,-0.12127,530635.7741,174325.49120000005,298
Brixton Hill Studios,"Unit 1, 126 Brixton Hill",,,Lambeth,https://brixtonhillstudios.com/, 200000490825,E09000022,Brixton Acre Lane,E05014095,51.453056,-0.12096731,530656.2167999996,174348.93799999915,298
Sunshine International Arts,Studio 5 209A,Coldhabour Lane,,Lambeth,https://www.sunshineiarts.co.uk,No UPRN,E09000022,Herne Hill & Loughborough Junction,E05014104,51.46619534,-0.10204378,531933.1156000001,175843.93769999966,298
Metro production Group (MPG),6 Camberwell New Road,,,Lambeth,http://www.metrobroadcast.com,10090201545,E09000022,Myatt's Fields,E05014107,51.47997493,-0.107964056,531482.3344999999,177365.5957999993,298
Croga Studio,373 Kennington Rd,,,Lambeth,https://www.crogastudiobuilds.com/,10000445110,E09000022,Kennington,E05014105,51.486524,-0.11079108,531267.2571,178088.79319999926,298
Clockwork Studios,38 Southwell Road,,,Lambeth,http://www.clockworkstudios.co.uk/,10093379709,E09000022,Herne Hill & Loughborough Junction,E05014104,51.46662,-0.09846,532180.8097999999,175897.6194000002,298
Make Space Studios,Newnham Terrace,,,Lambeth,http://www.makespacestudios.com,10001114119,E09000022,Waterloo & South Bank,E05014118,51.498633,-0.11328718,531059.2523999996,179430.85590000078,298
Alford House,Aveline Street,Kennington,,Lambeth,www.alfordhouse.org.uk,100023230353,E09000022,Vauxhall,E05014117,51.48755415,-0.113776906,531057.0129000004,178198.00239999965,298
Oval House,52-54 Kennington Oval,,,Lambeth,www.ovalhouse.com,200000468066,E09000022,Oval,E05014108,51.4837594,-0.117145352,530834.0115,177770.00239999965,298
Waterloo Creative Studio,20 Carlisle Lane,,,Lambeth,http://www.waterloocreativestudio.com/,10093059387,E09000022,Waterloo & South Bank,E05014118,51.49848827,-0.116509522,530836.0126,179409.00239999965,298
Shala Yoga,537 Norwood Road,,,Lambeth,https://www.theshalalondon.com/,10091118696,E09000022,West Dulwich,E05014119,51.43473658,-0.103565119,531918.0118000004,172343.00180000067,298
Brixton Community Base,Talma Road,Brixton,,Lambeth,www.brixtoncommunitybase.org,200000483133,E09000022,Brixton Windrush,E05014098,51.45904755,-0.111007586,531331.0116999997,175033.0019000005,298
SWC (Small World Centre),Unit 11 Eurolink Centre,49 Effra Rd,,Lambeth,www.swcbrixton.com,100023350649,E09000022,Brixton Rush Common,E05014097,51.4584328,-0.114156644,531114.0116999997,174959.00239999965,298
Electric Brixton,Brixton Hill,,,Lambeth,http://electricbrixton.uk.com/,200000455751,E09000022,Brixton Acre Lane,E05014095,51.46019347,-0.116833605,530923.0115999999,175150.00200000033,298
Clapham Community Project,St Anne's Hall,31-33 Bromells Road,,Lambeth,www.rehearseatccp.co.uk,100023362582,E09000022,Clapham Town,E05014102,51.46276309,-0.1392149,529361.0115,175396.00269999914,298
Omnibus,1 Clapham Common North Side,,,Lambeth,www.omnibus-clapham.org,100023362765,E09000022,Clapham Town,E05014102,51.46315491,-0.142942058,529101.0115,175433.00249999948,298
Lost Theatre,208 Wandsworth Road,,,Lambeth,www.losttheatre.co.uk,10023851231,E09000022,Stockwell West & Larkhall,E05014111,51.47597205,-0.131218325,529879.0114000002,176879.00349999964,298
504,504 Ridgway Road,,,Lambeth,https://www.504arch.org/,200000478109,E09000022,Brixton North,E05014096,51.46529159,-0.103954385,531803.0115999999,175740.0022,298
Brixton House,385 Coldharbour Lane,Brixton,,Lambeth,https://brixtonhouse.co.uk/,10094957510,E09000022,Brixton Windrush,E05014098,51.461917,-0.11110208,531316.2185000004,175351.91449999996,298
Spanners,Arch 504 Ridgway Rd,,,Lambeth,https://www.spanners.club/,200000478109,E09000022,Brixton North,E05014096,51.465273,-0.10398096,531801.2192000002,175737.88719999976,298
Studio One,Simulacra Studio,302-304 Barrington Rd,,Lambeth,https://simulacrastudio.com/studio-one,100023387514,E09000022,Brixton Windrush,E05014098,51.463624,-0.10764843,531551.2186000003,175547.92769999988,298
Young Vic,66 The Cut, Waterloo,,Lambeth,https://www.youngvic.org/about-us/venue-hire,100023226258,E09000022,Waterloo & South Bank,E05014118,51.503276,-0.10731743,531460.2389000002,179957.85610000044,298
The Vaults,Leake Street,,,Lambeth,https://www.thevaults.london/site-plan,10091121720,E09000022,Waterloo & South Bank,E05014118,51.501966,-0.11532521,530908.2501999997,179797.8440000005,298
Sunshine International Arts C.A.F.E,Studio 5 209A,Coldhabour Lane,Brixton,Lambeth,https://www.sunshineiarts.co.uk/venue-hire/,100023388464,E09000022,Herne Hill & Loughborough Junction,E05014104,51.465803,-0.10227452,531918.2194999997,175799.89409999922,298
Rambert,99 Upper Ground,South Bank,,Lambeth,https://www.rambert.org.uk/about-us/our-building/space-hire/?utm_source=ArtsProfessional&utm_medium=adve,100023226975,E09000022,Waterloo & South Bank,E05014118,51.506173,-0.11355213,531019.2421000004,180268.83479999937,298
Vinters Studios,1b Sunnyhill Road,,,Lambeth,http://www.vintersstudios.co.uk/studio2.html,100023318812,E09000022,Streatham Wells,E05014116,51.430944,-0.12893824,530165.2067,171875.89389999956,298
South London Theatre,The Old Fire Station,2A Norwood High Street,,Lambeth,https://sltfirestation.org/room-hire/,100023572270,E09000022,Knight's Hill,E05014106,51.431994,-0.1030141,531964.2065000003,172039.0208999999,298
Network Theatre,246A Lower Rd, Waterloo,,Lambeth,https://networktheatre.org/,10008787031,E09000022,Waterloo & South Bank,E05014118,51.50274612,-0.113888522,531005.7229000004,179887.16200000048,298
The Scoop,Queen's Walk,,,Lambeth,https://www.visitlondon.com/things-to-do/place/3720745-scoop,10013532078,E09000022,Waterloo & South Bank,E05014118,51.50417225,-0.120831813,530519.7774,180033.35539999977,298
Stockwell Playhouse,208 Wandsworth Road,,,Lambeth,http://www.stockwellph.com/,10023851231,E09000022,Stockwell West & Larkhall,E05014111,51.47648579,-0.132823448,529766.0931000002,176933.2890000008,298
QEH Southbank Centre,Belvedere Rd, Lambeth,,Lambeth,https://www.southbankcentre.co.uk/venues/queen-elizabeth-hall,10090198178,E09000022,Waterloo & South Bank,E05014118,51.50717504,-0.117552648,530738.7551999995,180373.11510000005,298
"St Johns, Waterloo",73 Waterloo Rd, Lambeth,,Lambeth,NA,10090199534,E09000022,Waterloo & South Bank,E05014118,51.50499811,-0.113579398,531020.7188999997,180138.13749999925,298
The Vaults,Leake Street,Lambeth,,Lambeth,https://www.thevaults.london/,10091121720,E09000022,Waterloo & South Bank,E05014118,51.50247048,-0.117556057,530751.9808999998,179849.95859999955,298
Waterloo East Theatre,Brad St, Lambeth,,Lambeth,https://www.waterlooeast.co.uk/,10091908867,E09000022,Waterloo & South Bank,E05014118,51.50460339,-0.111517693,531164.9293999998,180097.93370000087,298
The Bread & Roses Theatre,68 Clapham Manor St,,,Lambeth,https://www.breadandrosestheatre.co.uk/,100021824058,E09000022,Clapham Town,E05014102,51.46690969,-0.138482219,529400.1925999997,175858.40450000018,298
The Royal Vauxhall Tavern,372 Kennington Lane, Vauxhall,,Lambeth,http://www.vauxhalltavern.com/,100021856165,E09000022,Vauxhall,E05014117,51.4870039,-0.121405222,530528.9941999996,178123.19830000028,298
White Bear Theatre,138 Kennington Park Rd, Kennington,,Lambeth,https://www.whitebeartheatre.co.uk/,100021856679,E09000022,Kennington,E05014105,51.48722009,-0.109658371,531343.8974000001,178168.22880000062,298
Landor Space,70 Landor Rd, Clapham North,,Lambeth,https://www.landorspace.com/,100021861916,E09000022,Clapham East,E05014100,51.46618085,-0.127632228,530155.8562000003,175796.5672999993,298
Young Vic,66 The Cut, Waterloo,,Lambeth,https://www.youngvic.org/,100023226258,E09000022,Waterloo & South Bank,E05014118,51.50378941,-0.108874737,531350.6857000003,180012.15410000086,298
Streatham Space Project,Sternhold Avenue,,,Lambeth,https://www.streathamspaceproject.co.uk/,100023353203,E09000022,Streatham Hill West & Thornton,E05014114,51.43917354,-0.128474733,530174.0559999999,172791.85089999996,298
Omnibus Theatre,1 Clapham Common North Side,,,Lambeth,https://omnibus-clapham.org/,100023362765,E09000022,Clapham Town,E05014102,51.46366993,-0.144545405,528988.1908,175487.45099999942,298
Ovalhouse,52-54 Kennington Oval, London,,Lambeth,http://www.ovalhouse.com/,200000468066,E09000022,Oval,E05014108,51.48427322,-0.118752358,530720.9702000003,177824.27219999954,298
The Old Vic,The Cut, Lambeth,,Lambeth,https://www.oldvictheatre.com/,200000486294,E09000022,Waterloo & South Bank,E05014118,51.5024496,-0.110626736,531232.9457999999,179860.02669999935,298
tiol Theatre,Upper Ground, Lambeth,,Lambeth,NA,200000523951,E09000022,Waterloo & South Bank,E05014118,51.50737705,-0.115668338,530868.9370999997,180398.94329999946,298
The Calder Bookshop & Theatre,51 The Cut,,,Lambeth,http://calderbookshop.com/,200003375676,E09000022,Waterloo & South Bank,E05014118,51.50354554,-0.108319985,531389.8864000002,179986.0304000005,298
Brixton House,385 Coldharbour Lane,Brixton,,Lambeth,https://brixtonhouse.co.uk/,10094957510,E09000022,Brixton Windrush,E05014098,51.461917,-0.11110208,531316.2185000004,175351.91449999996,298
Golden Goose Theatre ,146 Camberwell New Road,Camberwell,London,Lambeth,www.goldengoosetheatre.co.uk,100023273349,E09000022,Myatt's Fields,E05014107,51.478006,-0.10342414,531803.2330999998,177154.8030999992,298
