﻿name,address1,address2,address3,borough_name,website,os_addressbase_uprn,borough_code,ward_2022_name,ward_2022_code,latitude,longitude,easting,northing,fme_feature_type.total_count
Book Trust,Book House ,45 East Hill ,SW18 2QZ,Wandsworth,https://www.booktrust.org.uk/,121011471,E09000032,Wandsworth Town,E05014028,51.45797137,-0.184048133,526260.0119000003,174785.00170000084,114
De Morgan Centre,West Hill Library ,38 West Hill ,SW18 1RZ,Wandsworth,http://www.demorgan.org.uk/,121007255,E09000032,East Putney,E05014011,51.45713641,-0.200476777,525121.0130000003,174664.00280000083,114
Emanuel School,Battersea Rise, ,SW11 1HS,Wandsworth,http://www.emanuel.org.uk/,100024000000,E09000032,Wandsworth Common,E05014027,51.45665326,-0.173290163,527011.0102000004,174657.00100000016,114
Foyle Special Collections Library/ Foreign and Common,King's College Chancery Lane, ,WC2A 1LR,Wandsworth,https://www.kcl.ac.uk/library/archivespec/special-collections/Individualcollections/fco.aspx,121016628,E09000032,Battersea Park,E05014010,51.48076694,-0.168381317,527285.0121999998,177347.00280000083,114
Franco-British Society,2 Dovedale Studios ,465 Battersea Park Road ,SW11 4LR,Wandsworth,http://www.franco-british-society.org/,100000000000,E09000032,Battersea Park,E05014010,51.47225363,-0.163379903,527656.0122999996,176409.00200000033,114
"Queen Mary's Hospital, Roehampton",Health Service Library Roehampton, ,SW15 5PN,Wandsworth,https://www.nhs.uk/Services/hospitals/Overview/DefaultView.aspx?id=29686,121052762,E09000032,Roehampton,E05014017,51.45554949,-0.241705797,522261.01209999993,174418.00229999982,114
Royal Academy of Dance: Philip Richardson Library,36 Battersea Square, ,SW11 3RA,Wandsworth,https://www.royalacademyofdance.org/more/library,100000000000,E09000032,St Mary's,E05014018,51.47430671,-0.17507667,526838.0121999998,176617.00229999982,114
Shaftesbury Young People,The Chapel Royal Victoria Patriotic Building ,John Archer Way ,SW18 3SX,Wandsworth,https://www.shaftesburyyoungpeople.org/,121030969,E09000032,Wandsworth Common,E05014027,51.45349738,-0.17390549,526977.0113000004,174305.00159999914,114
"St George's Archives and Special Collections, Univers",Cranmer Terrace Tooting, ,SW17 0RE,Wandsworth,https://archives.sgul.ac.uk/st-georges-archives-and-special-collections-university-of-london,100000000000,E09000032,Tooting Broadway,E05014024,51.42729284,-0.174518631,527007.0119000003,171390.00049999915,114
University of Roehampton: Archives and Special Collec,Library and Learning Services ,Roehampton Lane ,SW15 5SZ,Wandsworth,https://www.roehampton.ac.uk/student-support/library/,121001383,E09000032,Roehampton,E05014017,51.45736039,-0.244932558,522032.01209999993,174614.00229999982,114
University of Roehampton: Southlands College Archives,80 Roehampton Lane, ,SW15 5SL,Wandsworth,https://www.roehampton.ac.uk/colleges/southlands-college/history/,121048702,E09000032,Roehampton,E05014017,51.45954775,-0.244474421,522058.01209999993,174858.00180000067,114
Wandsworth Heritage Service,Battersea Library 1st floor,265 Lavender Hill ,SW11 1JB,Wandsworth,https://www.better.org.uk/library/london/wandsworth/wandsworth-heritage-service,100000000000,E09000032,Lavender,E05014014,51.4640283,-0.164141817,527626.0119000003,175493.00210000016,114
Wandsworth Museum,38 West Hill ,Wandsworth ,SW18 1RZ,Wandsworth,https://www.bac.org.uk/content/39415/to_archive/wandsworth_museum/wandsworth_museum,121007255,E09000032,East Putney,E05014011,51.45713641,-0.200476777,525121.0130000003,174664.00280000083,114
Pipeline Projects,31 Ruvigny Gardens,,,Wandsworth,www.artcoreint.net,100023587385,E09000032,Thamesfield,E05014022,51.46791673,-0.218611754,523832.01219999976,175832.00359999947,114
London Southwest Workshops,Culvert Court ,105 Culvert Road ,,Wandsworth,http://londonsouthwestworkshops.co.uk/,121052096,E09000032,Battersea Park,E05014010,51.47101893,-0.156330777,528149.0121999998,176284.00170000084,114
Nine Elms,New Covent Garden Market,,,Wandsworth,www.acava.org,10025501041,E09000032,Nine Elms,E05014015,51.47990872,-0.138775447,529343.1118999999,177303.40320000052,114
Wandsworth Plain,7 - 9 Church Row,,,Wandsworth,www.acava.org,121007444,E09000032,Wandsworth Town,E05014028,51.45787306,-0.194574699,525529.0126999998,174756.00249999948,114
Wimbledon Art Studios,10 Riverside Yard,Earlsfield,,Wandsworth,www.wimbledonartstudios.co.uk,10008158183,E09000032,Wandsworth Common,E05014027,51.43253345,-0.188293862,526035.0137,171949.00280000083,114
Delta House Studios,Riverside Road,,,Wandsworth,https://www.deltahousestudios.co.uk/,100023322062,E09000032,Wandsworth Common,E05014027,51.43338,-0.18894695,525987.2922999999,172042.01740000024,114
Battersea Arts Centre ,Lavender Hill,,SW11 5TN,Wandsworth,https://www.bac.org.uk/,121015942,E09000032,Shaftesbury & Queenstown,E05014019,51.46516318,-0.160813767,527854.0120000001,175625.00229999982,114
Odeon Putney,,26 Putney High Street,SW15 1SN,Wandsworth,,100023311345,E09000032,Thamesfield,E05014022,51.465174,-0.21394813,524163.3596999999,175534.89509999938,114
The Cinema in the Arches ,Battersea Power Station,22 Arches Ln,SW11 8AB,Wandsworth,,,E09000032,Nine Elms,E05014015,51.48268,-0.14689,528771.8765000002,177597.28509999998,114
Cineworld Wandsworth,,Southside Shopping Centre,SW18 4TF,Wandsworth,www.cineworld.co.uk,10070239837,E09000032,Wandsworth Town,E05014028,51.453961,-0.19342927,525619.3126999997,174322.94099999964,114
Pumphouse Gallery,Battersea Park,,,Wandsworth,http://pumphousegallery.org.uk/#,121032970,E09000032,Battersea Park,E05014010,51.47848393,-0.153207646,528344.9912999999,177119.5901999995,114
Sprout Community Arts,74 Moyser Road,,,Wandsworth,http://www.sproutarts.com/#,10008157629,E09000032,Furzedown,E05014013,51.42351214,-0.145628394,529025.9699999997,171019.98900000006,114
The Wandsworth Museum,38 West Hill,,,Wandsworth,http://www.wandsworthmuseum.co.uk/#,10024086836,E09000032,East Putney,E05014011,51.45662105,-0.198904848,525231.6242000004,174609.37700000033,114
Maestro Arts,One Eastfields Avenue,,,Wandsworth,http://www.maestroarts.com/#,10091499728,E09000032,Thamesfield,E05014022,51.46135157,-0.196558984,525381.6431,175139.42060000077,114
Plus One Gallery,89-91 Pimlico Road,,,Wandsworth,http://www.plusonegallery.com/#,10091504329,E09000032,Falconbrook,E05014012,51.46263131,-0.183334547,526296.7346000001,175304.41939999908,114
Foss Fine Art,113b Northcote Road,,,Wandsworth,http://fossfineart.com/#,100023304718,E09000032,Northcote,E05014016,51.45655973,-0.163651714,527680.8650000002,174663.33929999918,114
Northcote Gallery Battersea,110 Northcote Road,,,Wandsworth,http://www.northcotegallery.com/#,100023304739,E09000032,Northcote,E05014016,51.45636157,-0.164206711,527642.8607999999,174640.33750000037,114
Kristin Hjellegjerde,533 Old York Road,,,Wandsworth,http://kristinhjellegjerde.com/#,100023326939,E09000032,Wandsworth Town,E05014028,51.45930095,-0.187224359,526035.7043000003,174927.38869999908,114
La Galleria,298 Garratt Lane,Earlsfield,,Wandsworth,http://www.lagalleria.org/#,121045946,E09000032,Wandle,E05014026,51.444332,-0.19064344,525839.3022999996,173256.96880000085,114
Knight Webb Gallery,58 Battersea Bridge Rd,,,Wandsworth,https://www.knightwebbgallery.com/,100023300510,E09000032,St Mary's,E05014018,51.478596,-0.17049448,527144.3125,177101.92090000026,114
JGM Gallery,24 Howie St,,,Wandsworth,https://www.jgmgallery.com/,10094189970,E09000032,Battersea Park,E05014010,51.479244,-0.16938845,527219.3130000001,177175.89939999953,114
Quantum Contemporary Art,The Imperial Laundry,87 Warriner Gardens,,Wandsworth,https://www.quantumart.co.uk/,See notes,E09000032,Battersea Park,E05014010,51.47422,-0.15817,528012.3322999999,176636.75310000032,114
Cooke Latham,41 Parkgate Road,London,,Wandsworth,https://www.cookelathamgallery.com/,10090501557,E09000032,Battersea Park,E05014010,51.479149,-0.16736167,527360.3109999998,177168.85539999977,114
Grove Collective,9b Battersea Square,London,,Wandsworth,https://grovecollective.co/,See notes,E09000032,St Mary's,E05014018,51.47539,-0.17529,526820.1979,176737.09750000015,114
Scratch Hub,Battersea Arts Centre,Lavender Hill,,Wandsworth,https://bac.org.uk/scratch-hub/,121015942 ,E09000032,Shaftesbury & Queenstown,E05014019,51.465162,-0.16083884,527852.2737999996,175624.82740000077,114
Testbed 1,33 Parkgate Road,,,Wandsworth,http://testbed1.com,100023587064,E09000032,Battersea Park,E05014010,51.47883271,-0.168329134,527294.0121999998,177132.00229999982,114
Putney Arts Theatre,Ravenna Rd,,,Wandsworth,http://www.putneyartstheatre.org.uk,100023314898,E09000032,West Putney,E05014030,51.46128657,-0.220223039,523738.0122999996,175092.00290000066,114
"The Michaelis Building, Froebel College, University o",Froebel College,University of Roehampton,Froebel Lane,Wandsworth,,10033238647,E09000032,Roehampton,E05014017,51.45610039,-0.247269507,521873.01209999993,174470.00269999914,114
Newlands Community Hall,226 Stroud Crescent,,,Wandsworth,http://www.wandsworth.gov.uk/directory_record/148179/newlands_hall_putney_vale_clubroom/category/1125/cl,100023313548,E09000032,Roehampton,E05014017,51.43808068,-0.244376348,522122.0120000001,172471.00269999914,114
Tara Theatre,356 Garratt Lane,,,Wandsworth,https://www.tara-arts.com,121011012,E09000032,Wandle,E05014026,51.44217585,-0.188430425,525999.0120000001,173021.0030000005,114
bbo Dance,Juniper Drive,Battersea Reach,,Wandsworth,https://bbo.dance/about-us/facilities/espinosa-studio,10070242030,E09000032,St Mary's,E05014018,51.46505672,-0.183407032,526285.0120000001,175574.00269999914,114
Off The Rails,"Unit 8, Arches 14-16",8 Grant Road,Clapham Junction,Wandsworth,https://www.offtherails.studio,10091499620,E09000032,Falconbrook,E05014012,51.46522837,-0.170730754,527165.0119000003,175615.00139999948,114
Price Studios,110 York Rd,,,Wandsworth,http://www.pricestudios.co.uk,10090497335,E09000032,St Mary's,E05014018,51.46740759,-0.178432859,526624.0120999999,175844.00239999965,114
Royal Academy of Dance,36 Battersea Square,,,Wandsworth,http://www.rad.org.uk,100023300146,E09000032,St Mary's,E05014018,51.47430671,-0.17507667,526838.0121999998,176617.00229999982,114
Southside Ballroom,63 Wandsworth High Street,,,Wandsworth,http://southsideballroom.co.uk,121007666,E09000032,Wandsworth Town,E05014028,51.45656464,-0.191948945,525715.0124000004,174615.0025999993,114
Battersea Spanish,Units 120-121,99-109 Lavender Hill,,Wandsworth,https://hirespace.com/Spaces/London/162219/Battersea-Spanish/La-Unit/Events,10091500694,E09000032,Lavender,E05014014,51.46500578,-0.154802128,528272.0119000003,175618.00170000084,114
Putney Arts Theatre,Ravenna Rd,,,Wandsworth,http://www.putneyartstheatre.org.uk,100023314898,E09000032,West Putney,E05014030,51.46128657,-0.220223039,523738.0122999996,175092.00290000066,114
The Michaelis Building,"Froebel College, University of Roehampton",Froebel Lane,,Wandsworth,,10033238647,E09000032,Roehampton,E05014017,51.45610039,-0.247269507,521873.01209999993,174470.00269999914,114
Newlands Community Hall,226 Stroud Crescent,,,Wandsworth,http://www.wandsworth.gov.uk/directory_record/148179/newlands_hall_putney_vale_clubroom/category/1125/cl,100023313548,E09000032,Roehampton,E05014017,51.43808068,-0.244376348,522122.0120000001,172471.00269999914,114
Tara Studio,356 Garratt Lane,,,Wandsworth,https://www.tara-arts.com,121011012,E09000032,Wandle,E05014026,51.44217585,-0.188430425,525999.0120000001,173021.0030000005,114
Royal Academy of Dance,188 York Road,,,Wandsworth,https://www.royalacademyofdance.org/about-us/venue-hire/,10095440680 ,E09000032,St Mary's,E05014018,51.46648,-0.17957425,526547.2993999999,175738.88209999911,114
Aspire @ Southfields,337 Merton Road,,,Wandsworth,https://www.aspiresouthfields.com/dance-studio,See notes,E09000032,Southfields,E05014021,51.44463,-0.19757,525357.1629999997,173278.2480999995,114
Sienna Couture ,Avro House,208 Havelock Terrace,,Wandsworth,http://www.siennacouture.co.uk/,121035280,E09000032,Shaftesbury & Queenstown,E05014019,51.47747742,-0.143901732,528994.0119000003,177024.0025999993,114
Delta House Studios,"Riverside Road, London SW17 0BA",,,Wandsworth,https://www.deltahousestudios.co.uk/artists,100023322062,E09000032,Wandsworth Common,E05014027,51.43338,-0.18894695,525987.2922999999,172042.01740000024,114
W&W JEWELLERY,"19 Webbs Road, London SW11 6RU",,,Wandsworth,https://wandwjewellery.com,100023304576,E09000032,Northcote,E05014016,51.459059,-0.16389119,527657.2636000002,174940.84300000034,114
Mounir's Design Limited,30 Lower Richmond Road,Putney,,Wandsworth,http://www.mounir.co.uk,100023311534,E09000032,Thamesfield,E05014022,51.4668012,-0.217107557,523939.5053000003,175710.49670000002,114
Tooting Library,,,,Wandsworth,,121014131,E09000032,Tooting Broadway,E05014024,51.42603474,-0.164185342,527728.8392000003,171268.0429999996,114
Earlsfield Library,,,,Wandsworth,,100023328731,E09000032,Wandsworth Common,E05014027,51.44192022,-0.185149645,526227.7070000004,172998.21660000086,114
Southfields Library,,,,Wandsworth,,100023335031,E09000032,West Hill,E05014029,51.44303209,-0.207139118,524696.5537999999,173084.25049999915,114
Balham Library,,,,Wandsworth,,100023306589,E09000032,Balham,E05014009,51.44496215,-0.150761033,528608.9439000003,173396.20580000058,114
Roehampton Library,,,,Wandsworth,,100023314365,E09000032,Roehampton,E05014017,51.44929376,-0.240517105,522360.2980000004,173724.34050000086,114
Northcote Library,,,,Wandsworth,,100023304130,E09000032,Northcote,E05014016,51.45463918,-0.162764313,527747.869,174451.3183999993,114
Wandsworth Town Library,,,,Wandsworth,,121008322,E09000032,Wandsworth Town,E05014028,51.45567007,-0.190880754,525791.6774000004,174517.3574000001,114
Putney Library,,,,Wandsworth,,100023313019,E09000032,Thamesfield,E05014022,51.46127262,-0.214314012,524148.5214999998,175100.43879999965,114
Battersea Library,,,,Wandsworth,,100023297401,E09000032,Lavender,E05014014,51.46351276,-0.162566274,527736.8866999997,175438.4173000008,114
York Gardens Library,,,,Wandsworth,,10091844398,E09000032,Falconbrook,E05014012,51.46671069,-0.176145747,526784.7927999999,175770.45910000056,114
Battersea Park Library,,,,Wandsworth,,100023301848,E09000032,Battersea Park,E05014010,51.47387352,-0.152846626,528382.9835000001,176607.5351999998,114
Hired Woodwork Space (Hwws),Unit 4 & 39 Drca Business Centre,Charlotte Despard Avenu,,Wandsworth,http://www.hirewoodworkspace.co.uk/index.cfm?sid=941&pid=13799,100022624457,E09000032,Battersea Park,E05014010,51.47405065,-0.152407067,528413.0120999999,176628.00239999965,114
London Southwest Workshops Ltd,London Sculpture Workshop,Culvert Court,105 Culvert Road,Wandsworth,http://londonsouthwestworkshops.co.uk/,121031051,E09000032,Battersea Park,E05014010,51.47114226,-0.15616742,528160.0121999998,176298.00180000067,114
Arch Bronze Ltd,Arch 23-24  Winthrope Road,,,Wandsworth,http://www.archbronze.com,121005781,E09000032,Thamesfield,E05014022,51.46185738,-0.208431397,524555.5624000002,175175.43820000067,114
TDC - Cordless Lighting,38 Weir Road,,,Wandsworth,www.tdccordlesslighting.com,48130372,E09000032,Wandsworth Common,E05014027,51.43422389,-0.189944046,525915.6694999998,172134.14619999938,114
Antique Breadboard Museum,17 Lifford Street,London,SW15 1NY,Wandsworth,https://antiquebreadboards.com/,100022664167,E09000032,Thamesfield,E05014022,51.463695,-0.21839674,523858.3635,175362.9059999995,114
The Clapham Grand,21-25 St. John's Hill,Wandsworth,21-25 St. John's H,Wandsworth,www.claphamgrand.com,100000000000,E09000032,Lavender,E05014014,51.4624427,-0.167749266,527379.8455999997,175310.40579999983,114
Tooting Tram And Social,46-48 Mitcham Road; Tooting; London SW17 9NA; Unit,,46-48 Mitcham Rd,Wandsworth,https://www.tootingtramandsocial.co.uk,0,E09000032,Tooting Broadway,E05014024,51.426768,-0.166488,527566.7246000003,171345.57349999994,114
Bedford (The) ,77 Bedford Hill,Balham,,Wandsworth,https://thebedford.com/,100000000000,E09000032,Balham,E05014009,51.44216166,-0.147693672,528829.9637000002,173090.17170000076,114
Half Moon Putney,93 Lower Richmond Rd,Putney,,Wandsworth,https://www.halfmoon.co.uk/,121002857,E09000032,Thamesfield,E05014022,51.46677792,-0.218533971,523840.49430000037,175705.49799999967,114
The Magic Garden,231 Battersea Park Road,Wandsworth,231 Battersea Park,Wandsworth,http://www.magicgardenpub.com/,10024085883,E09000032,Battersea Park,E05014010,51.47479645,-0.149208915,528633.0127999997,176716.5451999996,114
Le Quecumbar And Brasserie,42-44 Battersea High Street,Wandsworth,42-44 Battersea Hi,Wandsworth,www.quecumbar.co.uk,100000000000,E09000032,St Mary's,E05014018,51.47347833,-0.172390697,527026.8361999998,176529.53619999997,114
Wessex House Club,"1A St John's Hill, London, SW11 1TN",,,Wandsworth,,10033237019,E09000032,Lavender,E05014014,51.463408,-0.168323,527337.3097999999,175416.75229999982,114
Putney Pies & Vaults,"2 Putney High Street, SW15 1SL",,,Wandsworth,,100000000000,E09000032,Thamesfield,E05014022,51.466005,-0.21455,524119.3025000002,175626.28429999948,114
Le Fez,"200b Upper Richmond Rd, Putney, London SW15 2SH, U",,200 Upper Richmond,Wandsworth,Home | Le Fez,,E09000032,East Putney,E05014011,51.460833,-0.216609,523990.2904000003,175047.66999999993,114
Bach Club,A08a Riverside,Bendon Valley,,Wandsworth,https://bach.club/,,E09000032,Wandle,E05014026,51.446580007,-0.19290003,525676.3271000003,173503.0792999994,114
Tooting Tram And Social,46-48 Mitcham Road; Tooting; London SW17 9NA; Unit,,46-48 Mitcham Rd,Wandsworth,https://www.tootingtramandsocial.co.uk,,E09000032,Tooting Broadway,E05014024,51.426768,-0.166488,527566.7246000003,171345.57349999994,114
Bedford (The) ,77 Bedford Hill,Balham,,Wandsworth,https://thebedford.com/,100000000000,E09000032,Balham,E05014009,51.44216166,-0.147693672,528829.9637000002,173090.17170000076,114
Half Moon Putney,93 Lower Richmond Rd,Putney,,Wandsworth,https://www.halfmoon.co.uk/,121002857,E09000032,Thamesfield,E05014022,51.46677792,-0.218533971,523840.49430000037,175705.49799999967,114
The Magic Garden,231 Battersea Park Road,Wandsworth,231 Battersea Park,Wandsworth,http://www.magicgardenpub.com/,10024085883,E09000032,Battersea Park,E05014010,51.4747,-0.149208915,528633.2836999996,176705.81980000064,114
Le Quecumbar And Brasserie,42-44 Battersea High Street,Wandsworth,42-44 Battersea Hi,Wandsworth,www.quecumbar.co.uk,100000000000,E09000032,St Mary's,E05014018,51.47347833,-0.172390697,527026.8361999998,176529.53619999997,114
Bach Club,A08a Riverside,Bendon Valley,,Wandsworth,https://bach.club/,,E09000032,Wandle,E05014026,51.446580007,-0.19290003,525676.3271000003,173503.0792999994,114
Wessex House Club,"1A St John's Hill, London, SW11 1TN",,,Wandsworth,,10033237019,E09000032,Lavender,E05014014,51.463408,-0.168323,527337.3097999999,175416.75229999982,114
Le Fez,"200b Upper Richmond Rd, Putney, London SW15 2SH, U",,200 Upper Richmond,Wandsworth,Home | Le Fez,,E09000032,East Putney,E05014011,51.460833,-0.216609,523990.2904000003,175047.66999999993,114
Pirate Studios - Earlsfield,17 Lydden Road,,,Wandsworth,http://piratestudios.co.uk,100023329597,E09000032,Wandle,E05014026,51.44643305,-0.189165102,525936.2569000004,173493.14269999973,114
Ritz Rehearsal Studios,The Courtyard Esmond Street,Wandsworth,,Wandsworth,,100022639645,E09000032,Thamesfield,E05014022,51.4615174,-0.209135791,524507.5571999997,175136.43620000035,114
Pirate Studios - Earlsfield Rehearsal Studios,17 Lydden Road,,,Wandsworth,http://piratestudios.co.uk,100023329597,E09000032,Wandle,E05014026,51.4468,-0.19074,525825.8152000001,173531.2452000007,114
Sw19,62 Weir Road,Merton,,Wandsworth,http://www.sw-19.net,48071997,E09000032,Wandsworth Common,E05014027,51.43704302,-0.188465564,526010.6816999996,172450.1718000006,114
National Opera Studio,The Douglas Kane Studio,2 Chapel Yard Wandsworth High Stlondo,,Wandsworth,http://www.nationaloperastudio.org.uk,121008733,E09000032,Wandsworth Town,E05014028,51.45688,-0.19511,525494.5466,174644.6579,114
Battersea Arts Centre,Lavender Hill,,,Wandsworth,https://www.bac.org.uk/,121015942,E09000032,Shaftesbury & Queenstown,E05014019,51.465162,-0.16083884,527852.2737999996,175624.82740000077,114
London Prop Hire ,Unit 38 Wimbledon Stadium Business Centre,Riverside Road,,Wandsworth,https://www.londonprophire.com,121051108,E09000032,Wandsworth Common,E05014027,51.432926,-0.18987123,525924.2956999997,171989.9458000008,114
Royal Academy of Dance,36 Battersea Square,,,Wandsworth,www.rad.org.uk,100023300146,E09000032,St Mary's,E05014018,51.47478257,-0.175028893,526840.0121999998,176670.00180000067,114
Royal Academy of Dance,188 York Road,,,Wandsworth,https://www.royalacademyofdance.org/about-us/venue-hire/,10095440680,E09000032,St Mary's,E05014018,51.46648,-0.17957425,526547.2993999999,175738.88209999911,114
Price Studios ,Office 215,250 York Road,Battersea,Wandsworth,https://www.pricestudios.co.uk/,100023300091,E09000032,St Mary's,E05014018,51.464687,-0.18223701,526367.3002000004,175534.90530000068,114
Tara Theatre,356 Garratt Ln,Earlsfield,,Wandsworth,https://taratheatre.com/venue-hire/studio/,121011012,E09000032,Wandle,E05014026,51.442176,-0.18845511,525997.2961999997,173020.97729999945,114
Chapel Room,Katherine Low Settlement,108 Battersea High Street,,Wandsworth,https://www.klsettlement.org.uk/room-hire/,100023585689,E09000032,St Mary's,E05014018,51.472019,-0.17375258,526936.3030000003,176364.89599999972,114
The Anthony Bridges Theatre,Putney Arts Theatre,Ravenna Rd, Putney,Wandsworth,https://putneyartstheatre.org.uk/venue-hire,100023314898,E09000032,West Putney,E05014030,51.461286,-0.2202468,523736.3633000003,175091.89939999953,114
bbodance,Ensign House,Battersea Reach,Juniper Drive,Wandsworth,https://bbo.dance/about-us/venue-hire/espinosa-studio,10070241972,E09000032,St Mary's,E05014018,51.465029,-0.18343274,526283.3027999997,175570.87590000033,114
Tara Theatre,356 Garratt Ln,,,Wandsworth,https://www.tara-arts.com/,121011012,E09000032,Wandle,E05014026,51.44228795,-0.189439175,525928.6031,173031.7366000004,114
Battersea Arts Centre,Lavender Hill,,,Wandsworth,https://www.bac.org.uk/,121015942,E09000032,Shaftesbury & Queenstown,E05014019,51.4656784,-0.162414822,527741.3687000005,175679.5044999998,114
Battersea Barge,Nine Elms Lane,,,Wandsworth,http://www.batterseabarge.com/bbevents/,10025500313,E09000032,Nine Elms,E05014015,51.48265903,-0.139325265,529297.1684999997,177608.27300000004,114
Theatre503,503 Battersea Park Rd,,,Wandsworth,https://theatre503.com/,10091845630,E09000032,St Mary's,E05014018,51.47244361,-0.167282835,527384.4341000002,176423.3378999997,114
Battersea Power Station Village Hall,188 Kirtling St,,,Wandsworth,https://www.bac.org.uk/content/40704/to_archive/consultation_sessions_circus_west_village_hall_battersea,10091874090,E09000032,Nine Elms,E05014015,51.48170708,-0.142272912,529095.1920999996,177497.21759999916,114
Putney Arts Theatre,Raven Rd, Putney,,Wandsworth,http://www.putneyartstheatre.org.uk/,100023314898,E09000032,West Putney,E05014030,51.46102652,-0.221703171,523635.89639999997,175060.58860000037,114
Above The Stag Theatre,72 Albert Embankment, Vauxhall,,Wandsworth,http://www.abovethestag.com/,200000453260,E09000032,Nine Elms,E05014015,51.48312519,-0.127382453,530125.0530000003,177681.24990000017,114
