﻿name,address1,address2,address3,borough_name,website,os_addressbase_uprn,borough_code,ward_2022_name,ward_2022_code,latitude,longitude,easting,northing,fme_feature_type.total_count
Age Concern,National Old People's Welfare Council ,Astral House  1268 London Road,SW16 4ER,Croydon,https://www.ageuk.org.uk/,200001000000,E09000008,Norbury & Pollards Hill,E05011472,51.40683553,-0.120521531,530819.0078999996,169210.00090000033,67
Spurgeon's College,189 South Norwood Hill, ,SE25 6DJ,Croydon,http://www.spurgeons.ac.uk/,100000000000,E09000008,Thornton Heath,E05011486,51.40643282,-0.086202504,533207.0136000002,169227.00100000016,67
Turf Projects,"46/47 Trinity Court (Ground Floor),","Whitgift Shopping Centre,",,Croydon,www.turf-projects.com,200001209392,E09000008,Fairfield,E05011468,51.3763539,-0.099010414,532403.0126,165859.00009999983,67
First Floor Space,1046/1048 Croydon Arts Store,Whitgift Centre,,Croydon,https://www.firstfloorspace.co.uk/about,200001186721 ,E09000008,Fairfield,E05011468,51.376345,-0.099007506,532403.2406000001,165858.0156999994,67
Grafton Road,"Art House, Grafton Quarter",Croydon,,Croydon,https://ascstudios.co.uk/studios/,10093755779,E09000008,Broad Green,E05011465,51.378036,-0.11241608,531465.2473999998,166021.9637000002,67
Bainbridge Print ,"Ground Floor, Grafton Quarter ",,,Croydon,https://bainbridgeprint.com/contact,10093755697 ,E09000008,Broad Green,E05011465,51.378715,-0.11210077,531485.2461000001,166098.03390000015,67
Conditions,89 Gloucester Road,,,Croydon,https://conditions.studio/,1.00023E+11,E09000008,Selhurst,E05011479,51.384999,-0.089824616,533017.2492000004,166836.9394000005,67
Fairfield Halls ,Park Ln,,CR9 1DG,Croydon,https://fairfield.co.uk/,100023000000,E09000008,Fairfield,E05011468,51.37252439,-0.095778074,532639.0120999999,165439.00170000084,67
Vue Croydon,,14 High St,CR0 1GT,Croydon,,10001004802,E09000008,Fairfield,E05011468,51.372997,-0.10108585,532268.2384000001,165481.97360000014,67
Vue Croydon Purley Way,Valley Park Leisure Complex,21 Hesterman Way,CR0 4YA,Croydon,,100022906148,E09000008,Broad Green,E05011465,51.378123,-0.12452606,530622.2461999999,166010.03119999915,67
David Lean Cinema,,Katherine St,CR9 1ET,Croydon,http://www.davidleancinema.org.uk/,200001222331,E09000008,Fairfield,E05011468,51.37216,-0.099,532415.8206000002,165392.66249999963,67
Matthews Yard,Matthews Yard,1 Matthews Yard,Off Surrey Street,Croydon,http://matthewsyard.com,10090382144,E09000008,Fairfield,E05011468,51.37163487,-0.099516428,532381.3903000001,165333.3367999997,67
Harris Academy Purley,Kendra Hall Road,,,Croydon,http://www.harrispurley.org.uk,100022910696,E09000008,Purley Oaks & Riddlesdown,E05011477,51.35324715,-0.10931616,531752.0118000004,163271.0019000005,67
Fairfield Hall (closed for refurbishment),71 Park Lane,,,Croydon,https://fairfield.co.uk,100022917675,E09000008,Fairfield,E05011468,51.37227,-0.09553,532657.0119000003,165411.16249999963,67
Theatre Utopia,1 Matthews Yard,,,Croydon,http://www.matthewsyard.com/venue/theatre-utopia/,10090382144,E09000008,Fairfield,E05011468,51.37216106,-0.101094936,532270.0120000001,165389.00159999914,67
Stanley Arts,12 South Norwood Hill,South Norwood,,Croydon,https://stanleyarts.org/venue-hire/,See notes,E09000008,South Norwood,E05011485,51.40014,-0.07514,533994.7710999995,168547.39350000024,67
Antenna Studios,1 Bewardine Road,,,Croydon,http://www.antennastudios.co.uk,10090383277,E09000008,Crystal Palace & Upper Norwood,E05011467,51.41806561,-0.083228404,533380.0119000003,170526.00329999998,67
The Warehouse Dance and Fitness Studio,4 Queensway,,,Croydon,http://thewarehousedancestudios.co.uk,10090384254,E09000008,Waddon,E05011487,51.36124226,-0.119401396,531027.0113000004,164142.00239999965,67
The Croydon Dance Academy,68-74 Church Street,,,Croydon,http://croydondanceacademy.com,100020601056,E09000008,Fairfield,E05011468,51.37377701,-0.103700627,532084.0132999998,165564,67
Harris Academy Purley,Kendra Hall Road,,,Croydon,http://www.harrispurley.org.uk,100022910696,E09000008,Purley Oaks & Riddlesdown,E05011477,51.35324715,-0.10931616,531752.0118000004,163271.0019000005,67
Fairfield Hall,71 Park Lane,,,Croydon,https://fairfield.co.uk,100022917675,E09000008,Fairfield,E05011468,51.37252439,-0.095778074,532639.0120999999,165439.00170000084,67
Theatre Utopia,1 Matthews Yard,,,Croydon,http://www.matthewsyard.com/venue/theatre-utopia/,10090382144,E09000008,Fairfield,E05011468,51.37216106,-0.101094936,532270.0120000001,165389.00159999914,67
Stanley Arts,12 South Norwood Hill,South Norwood,,Croydon,https://stanleyarts.org/venue-hire/,100023536211,E09000008,South Norwood,E05011485,51.400257,-0.075329996,533981.2138,168560.05680000037,67
Bradmore Green,,,,Croydon,,200001206439,E09000008,Old Coulsdon,E05011474,51.30703271,-0.12240494,530972.108,158108.65410000086,67
Coulsdon,,,,Croydon,,100023534265,E09000008,Coulsdon Town,E05011466,51.31947203,-0.13709679,529913.0367999999,159465.8281999994,67
Purley,,,,Croydon,,200001215992,E09000008,Purley & Woodcote,E05011476,51.33861472,-0.117094012,531252.2061000001,161629.96059999987,67
Sanderstead,,,,Croydon,,200001205396,E09000008,Sanderstead,E05011478,51.34028969,-0.083955297,533555.4594999999,161875.96890000068,67
New Addington,,,,Croydon,,100023534498,E09000008,New Addington South,E05011471,51.34039632,-0.014765878,538374.0064000003,162015.88519999944,67
Selsdon,,,,Croydon,,10014054952,E09000008,Selsdon Vale & Forestdale,E05011481,51.34193161,-0.060767012,535165.6721999999,162100.98929999955,67
Croydon central library,,,,Croydon,,100022917682,E09000008,Fairfield,E05011468,51.37138431,-0.097931813,532492.4013999999,165308.33520000055,67
Shirley,,,,Croydon,,100022908481,E09000008,Shirley South,E05011483,51.37465273,-0.043548174,536267.8069000002,165771.43920000084,67
Ashburton,,,,Croydon,,10014052814,E09000008,Addiscombe East,E05011462,51.38255158,-0.061536706,534992.6738999998,166616.52419999987,67
Broad Green,,,,Croydon,,10000104509,E09000008,Broad Green,E05011465,51.38485402,-0.115555759,531227.2637999998,166774.52300000004,67
Thornton Heath,,,,Croydon,,200001206453,E09000008,Bensham Manor,E05011464,51.3963774,-0.103997406,531998.3370000003,168076.6336000003,67
South Norwood,,,,Croydon,,200001210571,E09000008,South Norwood,E05011485,51.39677584,-0.077124186,533866.5768999998,168169.66169999912,67
Norbury,,,,Croydon,,100023319420,E09000008,Norbury & Pollards Hill,E05011472,51.40507418,-0.119052849,530926.1782999998,169016.75760000013,67
Upper Norwood,,,,Croydon,,10091838065,E09000008,Crystal Palace & Upper Norwood,E05011467,51.4195192,-0.079751385,533617.5345999999,170693.97709999979,67
Gipsy Hill Workshops,Gipsy Hill Workshops,14 Paddock Gardens,,Croydon,http://www.gipsyhillworkshops.co.uk/Creatives-in-Crystal-Palace.aspx,No UPRN,E09000008,Crystal Palace & Upper Norwood,E05011467,51.41938463,-0.081950703,533465.0118000004,170675.00540000014,67
Fox Umbrellas Limited,240A Wickham Road,,,Croydon,https://www.foxumbrellas.com,100022908259,E09000008,Shirley South,E05011483,51.37404183,-0.045744127,536116.7955999998,165699.44109999947,67
Museum of Croydon,Central Library,Croydon Clocktower,Katharine Street,Croydon,http://www.museumofcroydon.com/,100022917682,E09000008,Fairfield,E05011468,51.37138431,-0.097931813,532492.4013999999,165308.33520000055,67
Fairfield Halls,"Park Lane, Croydon, CR9 1DG",Croydon,Park Lane,Croydon,Home | Fairfield Halls | Croydon,,E09000008,Fairfield,E05011468,51.372525,-0.095804,532637.2060000002,165439.02270000055,67
The Oval (Formerly The Oval Tavern),130 Oval Road,Croydon,,Croydon,www.theovaltavern.co.uk,100000000000,E09000008,Addiscombe West,E05011463,51.37780104,-0.086039395,533301.5050999997,166043.40579999983,67
Matthews Yard,"1 Matthews Yard, Croydon CR0 1FF",Croydon,1 Matthews Yard,Croydon,,10090382144,E09000008,Fairfield,E05011468,51.371863,-0.100953,532280.7484999998,165356.1135000009,67
Scream Lounge,"20 South End Croydon, Surrey CR0 1DN",Croydon,20 South End,Croydon,http://www.screamstudios.net,100000000000,E09000008,Fairfield,E05011468,51.366616,-0.099218,532416.6173,164775.78470000066,67
Tiger Tiger,"Grants Entertainment Centre, 16 High St, Croydon, ",Croydon,16 High Street,Croydon,http://www.tigertiger.co.uk,10014052022,E09000008,Fairfield,E05011468,51.372891,-0.100616,532301.2441999996,165471.03360000066,67
Tabu Lounge,"179/183 London Road, Croydon  CR0 2RL",,,Croydon,,,E09000008,Broad Green,E05011465,51.381732,-0.10601,531900.4401000002,166444.45040000044,67
Alchemy,28-30 St. Georges Walk,Croydon,,Croydon,N/A,,E09000008,Fairfield,E05011468,51.372931,-0.098129,532474.2191000003,165479.96890000068,67
The Soulful Cellar,90 High Street,Croydon,90 High Street,Croydon,,200000000000,E09000008,Fairfield,E05011468,51.3699766,-0.09875171,532439.3925999999,165150.31949999928,67
Stanley Arts (Formerly Stanley Halls),12 S Norwood Hill,,,Croydon,https://stanleyarts.org/,,E09000008,South Norwood,E05011485,51.400239985,-0.07570996,533954.8344,168557.46990000084,67
The Oval (Formerly The Oval Tavern),130 Oval Road,Croydon,,Croydon,www.theovaltavern.co.uk,100000000000,E09000008,Addiscombe West,E05011463,51.37780104,-0.086039395,533301.5050999997,166043.40579999983,67
Alchemy,28-30 St. Georges Walk,Croydon,,Croydon,N/A,,E09000008,Fairfield,E05011468,51.372931,-0.098129,532474.2191000003,165479.96890000068,67
Stanley Arts (Formerly Stanley Halls),12 S Norwood Hill,,,Croydon,https://stanleyarts.org/,,E09000008,South Norwood,E05011485,51.400239985,-0.07570996,533954.8344,168557.46990000084,67
Tiger Tiger,"Grants Entertainment Centre, 16 High St, Croydon, ",Croydon,16 High Street,Croydon,http://www.tigertiger.co.uk,10014052022,E09000008,Fairfield,E05011468,51.372891,-0.100616,532301.2441999996,165471.03360000066,67
Tabu Lounge,"179/183 London Road, Croydon  CR0 2RL",,,Croydon,,,E09000008,Broad Green,E05011465,51.381732,-0.10601,531900.4401000002,166444.45040000044,67
The Soulful Cellar,90 High Street,Croydon,90 High Street,Croydon,,,E09000008,Fairfield,E05011468,51.37063773,-0.100174472,532338.4616,165221.26889999956,67
Pirate Studios - Croydon Production Studios,Unit 8 Block B,15 Whitestone Way,New South Quarter,Croydon,http://piratestudios.co.uk,10014049248,E09000008,Waddon,E05011487,51.37352069,-0.114227069,531352.1294,165516.61580000073,67
Pirate Studios - Croydon DJ Studios,Unit 8 Block B,15 Whitestone Way,New South Quarter,Croydon,http://piratestudios.co.uk,10014049248,E09000008,Waddon,E05011487,51.37425,-0.11641,531198.1184,165593.81369999982,67
Antenna Studios,Bowyers Yard Haynes Lane,Croydon,,Croydon,www.antennastudios.co.uk,10090383277,E09000008,Crystal Palace & Upper Norwood,E05011467,51.41754463,-0.081646512,533491.5175999999,170470.95040000044,67
Rockbottom Music ,68-70 London Road,,,Croydon,https://www.rockbottommusic.co.uk/rehearsal-rooms/, 100022903809,E09000008,Broad Green,E05011465,51.37949,-0.10389232,532054.2482000003,166198.94180000015,67
Robert Allsopp,4 Woodside Ave,,,Croydon,www.raprops.com,100023000000,E09000008,Woodside,E05011489,51.39088895,-0.064806899,534740.6618999997,167537.62260000035,67
Fox Umbrellas Limited,240A Wickham Road,,,Croydon,https://www.foxumbrellas.com,100022908259,E09000008,Shirley South,E05011483,51.37404183,-0.045744127,536116.7955999998,165699.44109999947,67
Little Parrot Set Construction ,12 Imperial Way,,,Croydon,https://littleparrot.co.uk/,100022917778,E09000008,Waddon,E05011487,51.358903,-0.11988179,531000.2340000002,163881.01960000023,67
Stanley Arts,12 South Norwood Hill,South Norwood,,Croydon,https://stanleyarts.org/venue-hire/,100023536211,E09000008,South Norwood,E05011485,51.400257,-0.075329996,533981.2138,168560.05680000037,67
Theatre Utopia,1 Matthews Yard, Croydon,,Croydon,http://www.matthewsyard.com/,10090382144,E09000008,Fairfield,E05011468,51.37268811,-0.102698376,532156.8982999995,165444.7195999995,67
Ashcroft Theatre (Fairfield Halls),Park Lane,,,Croydon,https://en.wikipedia.org/wiki/Ashcroft_Theatre,100022917675,E09000008,Fairfield,E05011468,51.37305115,-0.097382917,532525.7984999996,165494.67669999972,67
South London Theatre,The Old Fire Station, 2A Norwood High Street,,Croydon,http://www.southlondontheatre.co.uk/,100023572270,E09000008,South Norwood,E05011485,51.4009191,-0.077179031,533850.6681000004,168630.30460000038,67
Stanley Arts,12 South Norwood Hill,South Norwood,,Croydon,https://stanleyarts.org/,100023536211,E09000008,South Norwood,E05011485,51.400257,-0.075329996,533981.2138,168560.05680000037,67
