﻿name,address1,address2,address3,borough_name,website,os_addressbase_uprn,borough_code,ward_2022_name,ward_2022_code,latitude,longitude,easting,northing,fme_feature_type.total_count
Employment Policy Institute,Beaufort House ,15 St Botolph Street ,EC3A 7NJ,City of London,,95500292,E09000001,Portsoken,E05009308,51.51506783,-0.075887122,533607.0120000001,181326.0022,127
All Hallows by the Tower,All Hallows Church ,Byward Street ,EC3R 5BJ,City of London,http://www.allhallowsbythetower.org.uk/,200000000000,E09000001,Tower,E05009310,51.50933062,-0.079184156,533395.0120999999,180682.00180000067,127
Baltic Exchange,38 St Mary Axe, ,EC3A 8BH,City of London,https://www.balticexchange.com/,100023000000,E09000001,Aldgate,E05009289,51.51497647,-0.08018605,533309.0120000001,181308.00170000084,127
Bank of England Archive,Threadneedle Street, ,EC2R 8AH,City of London,https://www.bankofengland.co.uk/archive,200000000000,E09000001,Walbrook,E05009312,51.51418809,-0.088621829,532726.0118000004,181205.00210000016,127
Barbers Company,Barber-Surgeons' Hall ,1 Monkwell Square  Wood Street ,EC2Y 5BL,City of London,http://barberscompany.org/,200000000000,E09000001,Cripplegate,E05009302,51.5180174,-0.094601756,532300.0124000004,181619.9985000007,127
Baring Archive,8-10 Moorgate, ,EC2R 6DA,City of London,https://www.baringarchive.org.uk/,95512518,E09000001,Broad Street,E05009295,51.51551699,-0.089226292,532680.2119000005,181351.68129999936,127
Bishopsgate Institute,230 Bishopsgate, ,EC2M 4QH,City of London,http://www.bishopsgate.org.uk/,100023000000,E09000001,Bishopsgate,E05009292,51.5187111,-0.079250559,533363.0118000004,181725.00249999948,127
British Red Cross Museum and Archives,UK Office ,44 Moorfields ,EC2Y 9AL,City of London,https://www.redcross.org.uk/about-us/our-history/museum-and-archives,200000000000,E09000001,Coleman Street,E05009299,51.51908359,-0.08858643,532714.2418999998,181749.4506000001,127
C Hoare & Co,37 Fleet Street, ,EC4P 4DQ,City of London,https://www.hoaresbank.co.uk/,95513039,E09000001,Farringdon Without,E05009305,51.51377693,-0.1096323,531269.4112999998,181121.41330000013,127
Carpenters Company,Carpenters Hall ,Throgmorton Avenue ,EC2N 2JJ,City of London,http://www.carpentersco.com/,95511248,E09000001,Broad Street,E05009295,51.51669821,-0.085936685,532905.0115999999,181489.00200000033,127
Chartered Insitute of Taxation,Tony Arnold Library,Maughan Library Chancery Lane,WC2A 1LR,City of London,https://www.tax.org.uk/homepage,95509816,E09000001,Farringdon Without,E05009305,51.51520531,-0.110328375,531217.0114000002,181279.00269999914,127
City of London Club,19 Old Broad Street, ,EC2N 1DS,City of London,http://www.cityoflondonclub.com/,100023000000,E09000001,Cornhill,E05009301,51.5149871,-0.08468246,532997.0116999997,181301.00249999948,127
City of London Police Museum,Police Headquarters ,37 Wood St ,EC2P 2NP,City of London,https://www.cityoflondon.police.uk/about-us/history/museum/Pages/default.aspx,100024000000,E09000001,Bassishaw,E05009290,51.51667263,-0.093749855,532363.0121999998,181471.99960000068,127
City of London School,William Hallet Archive Room City of London School ,Queen Victoria Street ,EC4V 3AL,City of London,https://www.cityoflondonschool.org.uk/,100023000000,E09000001,Queenhithe,E05009309,51.51102633,-0.099361206,531990.0118000004,180834.00019999966,127
Clothworkers Company,Clothworkers' Hall ,Dunster Court  Mincing Lane,EC3R 7AH,City of London,https://www.clothworkers.co.uk/,95511249,E09000001,Tower,E05009310,51.51152987,-0.081138094,533253.0122999996,180923.00119999982,127
College of Arms,Queen Victoria Street, ,EC4V 4BT,City of London,https://www.college-of-arms.gov.uk/,100024000000,E09000001,Castle Baynard,E05009297,51.51223825,-0.098676614,532034.0120000001,180969.99950000085,127
Council for the Advancement of Arab-British Understan,1 Gough Square, ,EC4A 3DE,City of London,https://www.caabu.org/,100024000000,E09000001,Castle Baynard,E05009297,51.51514167,-0.108053774,531375.0114000002,181276.0025999993,127
Dr Johnson's House,17 Gough Square, ,EC4A 3DE,City of London,http://www.drjohnsonshouse.org/,100023000000,E09000001,Castle Baynard,E05009297,51.51503546,-0.108159067,531368.0114000002,181264.00310000032,127
Drapers' Company,Drapers' Hall ,Throgmorton Avenue ,EC2N 2DQ,City of London,https://www.thedrapers.co.uk/,95511252,E09000001,Broad Street,E05009295,51.51523928,-0.0863582,532880.0116999997,181326.00200000033,127
Fishmongers Company,Fishmongers Hall, London Bridge ,EC4 9EL,City of London,http://www.fishhall.org.uk/,200000000000,E09000001,Bridge,E05009294,51.50935936,-0.087541437,532815.0118000004,180670.00180000067,127
Foster + Partners,Riverside ,22 Hester Road ,SW11 4AN,City of London,https://www.fosterandpartners.com/,95509816,E09000001,Farringdon Without,E05009305,51.51520531,-0.110328375,531217.0114000002,181279.00269999914,127
Goldsmiths Company,Goldsmith's Hall ,Foster Lane ,EC2V 6BN,City of London,https://www.thegoldsmiths.co.uk/,200000000000,E09000001,Cheap,E05009298,51.51589613,-0.095771311,532225.0122999996,181381.99899999984,127
Inner Temple Archives,Treasurer's Office Inner Temple, ,EC4Y 7HL,City of London,https://www.innertemple.org.uk/who-we-are/history/the-archives/,200000000000,E09000001,Farringdon Without,E05009305,51.51279865,-0.109981236,531248.0110999998,181012.0030000005,127
Institute of Actuaries,Staple Inn Hall High Holborn, ,WC1V 7QJ,City of London,https://www.actuaries.org.uk/,100000000000,E09000001,Farringdon Without,E05009305,51.51782273,-0.111371942,531137.0915999999,181568.19239999913,127
Institute of Chartered Accountants in England and Wal,Chartered Accountants' Hall ,Moorgate Place ,EC2R 6EA,City of London,https://www.icaew.com/,200000000000,E09000001,Coleman Street,E05009299,51.51639409,-0.088241168,532746.0118000004,181451.00170000084,127
Leathersellers Company,15 St Helen's Place, ,EC3A 6DQ,City of London,https://leathersellers.co.uk/,95513684,E09000001,Lime Street,E05009307,51.51500491,-0.081543569,533214.7419999996,181308.69189999998,127
LexisNexis Butterworths,Halsbury House,35 Chancery Lane ,WC2A 1EL,City of London,https://store.lexisnexis.co.uk/categories/butterworths-law-books,95500066,E09000001,Farringdon Without,E05009305,51.51631266,-0.111522065,531131.0115,181400.00310000032,127
Lloyd's,One Lime Street, ,EC3M 7HA,City of London,https://www.lloydsbank.com/,100000000000,E09000001,Lime Street,E05009307,51.51301401,-0.082257511,533171.0120999999,181086.0014999993,127
Lloyds Banking Group Archives (London),7th floor 155 Bishopsgate, ,EC2M 3UB,City of London,https://www.lloydsbankinggroup.com/our-group/our-heritage/our-archives/,100000000000,E09000001,Bishopsgate,E05009292,51.51876949,-0.080069711,533306.0118000004,181730.00269999914,127
Lloyd's Register Foundation Heritage & Education Cent,71 Fenchurch Street, ,EC3M 4BS,City of London,http://www.lrfoundation.org.uk/public_education/HEC-Blogs/,200000000000,E09000001,Aldgate,E05009289,51.51250665,-0.078733423,533417.0121999998,181036.0022,127
Mercers' Company Archives,Mercers' Hall ,Ironmonger Lane ,EC2V 8HE,City of London,https://www.mercers.co.uk/archive,95511261,E09000001,Cheap,E05009298,51.51416686,-0.091735853,532510.0120000001,181197.00019999966,127
Middle Temple Library,Middle Temple Lane, ,EC4Y 9BT,City of London,https://www.middletemple.org.uk/library-and-archive/library,200000000000,E09000001,Farringdon Without,E05009305,51.51189777,-0.110998545,531180.0110999998,180910.00280000083,127
Mission to Seafarers,St Michael Paternoster ,Royal College Hill ,EC4R 2RL,City of London,https://www.missiontoseafarers.org/,200000000000,E09000001,Dowgate,E05009303,51.51118565,-0.092004606,532500.0120000001,180865.00139999948,127
Museum of London Library,150 London Wall, ,EC2Y 5HN,City of London,https://www.museumoflondon.org.uk/collections,200000000000,E09000001,Aldersgate,E05009288,51.5177984,-0.096066695,532199.0125000002,181592.99860000052,127
National Association of Citizens Advice Bureaux,Citizens Advice 3rd Floor North 200 Aldersgate Str, ,EC1A 4HD,City of London,https://www.ncsyes.co.uk/?gclid=EAIaIQobChMI3NOB97zo3gIVZJJbCh2ijwJVEAAYASAAEgJzafD_BwE&gclsrc=aw.ds,95511288,E09000001,Aldersgate,E05009288,51.51747107,-0.097507308,532100.0126,181553.99829999916,127
National Council for Housing and Planning,41 Botolph Lane, ,EC3 8DL,City of London,https://www.rtpi.org.uk/,200000000000,E09000001,Bridge,E05009294,51.51031626,-0.084460529,533026.0120000001,180782.00229999982,127
Prudential Group Archives,Prudential plc Laurence Pountney Hill, ,EC4R 0HH,City of London,https://www.prudential.co.uk/about-us/our-history/our-archives,95503633,E09000001,Dowgate,E05009303,51.51039098,-0.089040241,532708.0118000004,180782.00159999914,127
Royal Literary Fund,3 Johnson's Court,Off Fleet Street Temple Avenue,EC4A 3EA,City of London,https://www.rlf.org.uk/,100000000000,E09000001,Castle Baynard,E05009297,51.51480141,-0.108702042,531331.0113000004,181237.00320000015,127
Royal Town Planning Institute,41 Botolph Lane, ,EC3R 8DL,City of London,https://www.rtpi.org.uk/,200000000000,E09000001,Bridge,E05009294,51.51031626,-0.084460529,533026.0120000001,180782.00229999982,127
Saddlers Company,Saddlers Hall ,40 Gutter Lane ,EC2V 6BR,City of London,https://www.saddlersco.co.uk/,95511266,E09000001,Cheap,E05009298,51.51488611,-0.095597259,532240.0121999998,181269.9989,127
Salters Company,Salters' Hall ,4 Fore Street ,EC2Y 5DE,City of London,https://www.salters.co.uk/,200000000000,E09000001,Bassishaw,E05009290,51.51823014,-0.092200156,532466.0122999996,181647.99929999933,127
Schroder Archive,31 Gresham Street, ,EC2V 7QA,City of London,https://archiveshub.jisc.ac.uk/contributors/schroderarchive.html,100000000000,E09000001,Bassishaw,E05009290,51.5160036,-0.095190298,532265.0122999996,181394.99939999916,127
St Bartholomew's Hospital Archives,North Wing St Bartholomew's Hospital,West Smithfield ,EC1A 7BE,City of London,https://www.bartshealth.nhs.uk/st-bartholomews-museum-and-archives,200000000000,E09000001,Farringdon Without,E05009305,51.51775143,-0.100378378,531900.0118000004,181580.00100000016,127
St Bride Library,St Bride Institute ,Bride Lane  Fleet Street,EC4Y 8EQ,City of London,https://www.sbf.org.uk/,95511226,E09000001,Castle Baynard,E05009297,51.51349205,-0.105023493,531590.0113000004,181098.00290000066,127
"St Paul's Cathedral, Architectural Archive",Chapter House St Paul's Churchyard, ,EC4M 8AD,City of London,https://www.stpauls.co.uk/history-collections/the-collections/architectural-archive,200000000000,E09000001,Bread Street,E05009293,51.51430322,-0.099022976,532004.0120000001,181199.00039999932,127
Stationers Company,Stationers' Hall Ave ,Maria Lane ,EC4M 7DD,City of London,https://stationers.org/,200000000000,E09000001,Farringdon Within,E05009304,51.51428045,-0.101502905,531832.0114000002,181192.00280000083,127
The Rothschild Archive,New Court ,St Swithin's Lane ,EC4N 8AL,City of London,https://www.rothschildarchive.org/,95511233,E09000001,Walbrook,E05009312,51.51231529,-0.089031735,532703.0119000003,180996.00200000033,127
Worshipful Society of Apothecaries,Apothecaries' Hall ,Blackfriars Lane ,EC4V 6EJ,City of London,https://www.apothecaries.org/,95511244,E09000001,Farringdon Within,E05009304,51.51289096,-0.102886619,531740.0113000004,181035.0019000005,127
The Koppel Project Hive,26-30 Holborn Viaduct,,,City of London,www.thekoppelproject.com,200000070367,E09000001,Farringdon Within,E05009304,51.51718918,-0.105648316,531536.0114000002,181508.00290000066,127
The Barbican ,Silk St,,EC2Y 8DS,City of London,https://www.barbican.org.uk/,200000000000,E09000001,Cripplegate,E05009302,51.51996071,-0.094102589,532329.0126,181836.99799999967,127
Barbican Centre,,Silk Street,EC2Y 8DS,City of London,,200000072615,E09000001,Cripplegate,E05009302,51.519959,-0.09412869,532327.2068999996,181836.76060000062,127
Everyman Broadgate    ,,,,City of London,,,E09000001,Bishopsgate,E05009292,51.51936,-0.08417,533019.8296999997,181788.20610000007,127
Bank of England Museum,Bartholomew Lane,,,City of London,http://www.bankofengland.co.uk/education/Pages/museum/visiting/default.aspx#,95511162,E09000001,Cornhill,E05009301,51.51372411,-0.086112163,532901.4908999996,181157.9600000009,127
Carter Lane Gallery,49 Carter Lane,,,City of London,http://www.carterlanegallery.com/#,95514285,E09000001,Castle Baynard,E05009297,51.51242821,-0.098778453,532026.3967000004,180990.93950000033,127
Bloomberg Space,50 Finsbury Square,,,City of London,http://www.bloombergspace.com/#,5300033404,E09000001,Bishopsgate,E05009292,51.51948888,-0.085553305,532923.4874,181800.02419999987,127
Two Temple Place,2 Temple Place,,,City of London,http://www.twotempleplace.org/#,100023433098,E09000001,Farringdon Without,E05009305,51.51109098,-0.11063857,531207.3060999997,180820.93180000037,127
EXHIBIT at Golden Lane Estate,20 Goswell Road,,,City of London,http://www.exhibit-goldenlane.com/#,200000072012,E09000001,Cripplegate,E05009302,51.52193065,-0.095773228,532207.4099000003,182053.03759999946,127
London Mithraeum Bloomberg SPACE,12 Wallbrook,EC4N 8AA,,City of London,http://www.bloombergspace.com/#,200000074797,E09000001,Cordwainer,E05009300,51.51242,-0.090595407,532594.2105999999,181004.81289999932,127
Beers London,51 Little Britain,EC1A 7BH,,City of London,http://beerslondon.com/#,95515159,E09000001,Farringdon Within,E05009304,51.518353,-0.099874759,531933.2143999999,181647.80260000005,127
PUBLIC Gallery,91 Middlesex Street,London,,City of London,https://publicgallery.co/,100022951101,E09000001,Portsoken,E05009308,51.516258,-0.076713646,533546.1862000003,181456.8417000007,127
Huckletree,Huckletree,87 Charterhouse Street,Clerkenwell,City of London,http://www.huckletree.com/,5300019055,E09000001,Farringdon Without,E05009305,51.51922757,-0.100455809,531890.3771000002,181744.00879999995,127
BENK + BO ,4-6 Gravel Lane,,,City of London,https://www.benkandbo.com/workspace,100022951094 ,E09000001,Portsoken,E05009308,51.515797,-0.076041229,533594.1869000001,181406.80540000089,127
The Koppel Project Hive,The Koppel Project Hive,26 Holborn Viaduct,,City of London,http://thekoppelproject.com/studios/,95514267,E09000001,Farringdon Within,E05009304,51.51673152,-0.104048109,531648.3515999997,181459.9854000006,127
Barbican Centre,Silk St,,,City of London,https://www.barbican.org.uk/workspace-for-creatives,200000072615 ,E09000001,Cripplegate,E05009302,51.519959,-0.094128689,532327.2068999996,181836.76060000062,127
Barbican Centre Theatre,1C Silk St,,,City of London,http://www.barbican.org.uk,95512045,E09000001,Cripplegate,E05009302,51.51996231,-0.094106846,532328.7127,181837.16819999926,127
Bridewell Theatre,Fleet Street,,,City of London,http://www.sbf.org.uk/theatre,95511225,E09000001,Castle Baynard,E05009297,51.51349205,-0.105023493,531590.0113000004,181098.00290000066,127
"The Pit, Barbican Centre",1C Silk St,,,City of London,http://www.barbican.org.uk/theatre,95512046,E09000001,Cripplegate,E05009302,51.51996227,-0.094104542,532328.8726000004,181837.16789999977,127
Theatre Deli,2 Finsbury Avenue,,,City of London,https://www.theatredeli.co.uk/,100022933575,E09000001,Bishopsgate,E05009292,51.519961,-0.08487465,532969.1944000004,181853.7575000003,127
Bishopsgate Institute, 230 Bishopsgate,,,City of London,http://www.bishopsgate.org.uk/form.aspx?id=14,100022933667,E09000001,Bishopsgate,E05009292,51.5187111,-0.079250559,533363.0118000004,181725.00249999948,127
"The Pit, Barbican Centre",1C Silk St,,,City of London,http://www.barbican.org.uk/theatre,95512046,E09000001,Cripplegate,E05009302,51.51996227,-0.094104542,532328.8726000004,181837.16789999977,127
Theatre Deli,2 Finsbury Avenue,,,City of London,https://www.theatredeli.co.uk/,100022933575,E09000001,Bishopsgate,E05009292,51.519961,-0.08487465,532969.1944000004,181853.7575000003,127
David Game College,31 Jewry Street,London,,City of London,https://davidgameevents.com/venues-for-hire-in-central-london/dance-studio-for-hire/,95514552,E09000001,Tower,E05009310,51.512846,-0.076482648,533572.1909999996,181077.8445999995,127
NDT Broadgate,Floor 4,2 Finsbury Avenue,,City of London,https://newdiorama.com/ndt-broadgate,100022933575 ,E09000001,Bishopsgate,E05009292,51.519961,-0.08487465,532969.1944000004,181853.7575000003,127
Fashionworks London,7th Floor,45 Moorfields,,City of London,http://www.fashionworkslondon.com/,95506390,E09000001,Coleman Street,E05009299,51.51878063,-0.089006032,532686.0119000003,181715.0002999995,127
Alex Monroe Limited,15 Lower Ground Floor,65 London Wall,,City of London,https://www.alexmonroe.com/,10091779289,E09000001,Broad Street,E05009295,51.51612527,-0.085002456,532971.4959000004,181426.98709999956,127
Shoe Lane,,,,City of London,,200000075492,E09000001,Farringdon Within,E05009304,51.51492977,-0.104973389,531589.3460999997,181257.96780000068,127
Artizan Street,,,,City of London,,95511788,E09000001,Portsoken,E05009308,51.51514611,-0.075183973,533655.5685,181335.99120000005,127
Guildhall Library and City Business Library,,,,City of London,,100023529028,E09000001,Bassishaw,E05009290,51.51556142,-0.091238833,532540.4502999997,181352.9759999998,127
Barbican,,,,City of London,,200000072620,E09000001,Cripplegate,E05009302,51.51944948,-0.092517837,532440.4364999998,181783.01579999924,127
The Holmes Wood Consultancy Limited,1 Monkwell Square,,,City of London,http://www.holmes-wood.com,200000070781,E09000001,Bassishaw,E05009290,51.51767422,-0.092970856,532414.1550000003,181584.7860000003,127
Barts Pathology Museum,3rd Floor,Robin Brook Centre  St Bartholomew's ,West Smithfield,City of London,www.qmul.ac.uk/pathologymuseum/,95512892,E09000001,Farringdon Without,E05009305,51.51713619,-0.099433593,531967.3370000003,181513.28759999946,127
St. Bartholomew's Hospital Museum,North Wing,St Bartholomewâ€™s Hospital,West Smithfield,City of London,https://www.bartshealth.nhs.uk/st-bartholomews-museum-and-archives,95512892,E09000001,Farringdon Without,E05009305,51.51713619,-0.099433593,531967.3370000003,181513.28759999946,127
Dr. Johnson's House,17 Gough Square,NA,NA,City of London,http://www.drjohnsonshouse.org/,100022935908,E09000001,Castle Baynard,E05009297,51.51452396,-0.106575808,531479.3340999996,181209.9645000007,127
Museum of London,150 London Wall,NA,NA,City of London,http://www.museumoflondon.org.uk/london-wall/#,200000069411,E09000001,Bassishaw,E05009290,51.51728697,-0.094482179,532310.4243000001,181538.99049999937,127
Barbican Art Gallery,Level 3,Barbican Centre,Silk Street,City of London,http://www.barbican.org.uk/artgallery,200000072620,E09000001,Cripplegate,E05009302,51.51944948,-0.092517837,532440.4364999998,181783.01579999924,127
British Red Cross Museum and Archives,UK Office 44 Moorfields,NA,NA,City of London,http://www.redcross.org.uk/museumandarchives,200000075168,E09000001,Coleman Street,E05009299,51.51858074,-0.087065249,532821.2374,181696.29279999994,127
Guildhall Art Gallery and London's Roman Amphitheatre,Guildhall Art Gallery Cultural and Visitor Develop,NA,NA,City of London,http://www.guildhallartgallery.cityoflondon.gov.uk/,200000075197,E09000001,Coleman Street,E05009299,51.51505639,-0.09004913,532624.4596999995,181298.97100000083,127
London Mithraeum,12 Walbrook,London,EC4N 8AA,City of London,https://www.londonmithraeum.com/,95514174,E09000001,Cordwainer,E05009300,51.512711,-0.090813816,532578.2115000002,181036.77679999918,127
Guildhall Art Gallery,Basinghall St,London,NA,City of London,http://cityoflondon.gov.uk/guildhallartgallery,200000075197,E09000001,Bassishaw,E05009290,51.515566,-0.091660082,532511.2101999996,181352.7226999998,127
The Arab British Centre,"1 Gough Sqaure, EC4A 3DE",,,City of London,https://www.arabbritishcentre.org.uk,100023615844,E09000001,Castle Baynard,E05009297,51.51514,-0.10807957,531373.2264,181275.7706000004,127
Barbican Centre,Silk Street ,London,Silk Street ,City of London,Welcome to the Barbican | Barbican,200000000000,E09000001,Coleman Street,E05009299,51.5193739,-0.090084713,532609.4544000002,181779.0173000004,127
Milton Court Barbican,Silk Street,Barbican,Silk Street,City of London,Milton Court | Guildhall School of Music & Drama (gsmd.ac.uk),10025504329,E09000001,Coleman Street,E05009299,51.51936992,-0.08983981,532626.4561999999,181779.01860000007,127
South Place Hotel,3 South Place,,,City of London,,10090266586,E09000001,Bishopsgate,E05009292,51.51852469,-0.084887379,532972.4935999997,181694.01479999907,127
Beduin,57-59 Charterhouse Street,Islington,57-59 Charterhouse,City of London,www.beduinbar.co.uk/smithfields,10010439992,E09000001,Farringdon Without,E05009305,51.51881097,-0.101943545,531788.3658999996,181695.00520000048,127
The Steel Yard,13-16 Allhallows Lane,City Of London,13-16 Allhallows L,City of London,https://thesteelyard.london/,95510144,E09000001,Dowgate,E05009303,51.50948953,-0.088956021,532716.4746000003,180681.91229999997,127
St. Stephen Walbrook,39 Walbrook,City Of London,39 Walbrook,City of London,www.ststephenwalbrook.net,200000000000,E09000001,Candlewick,E05009296,51.51220757,-0.088525155,532738.4746000003,180984.94170000032,127
St. Andrew Holborn Church,5 St. Andrew Street,City Of London,5 St. Andrew Stree,City of London,www.standrewholborn.org.uk,10091906423,E09000001,Farringdon Within,E05009304,51.5165201,-0.104878542,531591.3453000002,181434.98340000026,127
St. Anne And St. Agnes Church,Gresham Centre Gresham St,London,Gresham Centre Gre,City of London,www.greshamcentre.com,0,E09000001,Bassishaw,E05009290,51.51598613,-0.094680627,532300.4241000004,181393.97780000046,127
St. Magnus The Martyr,Lower Thames Street City Of London,,Lower Thames Stree,City of London,www.stmagnusmartyr.org.uk,200000000000,E09000001,Billingsgate,E05009291,51.5086097,-0.081339815,533247.5329,180597.90719999932,127
Volupte Lounge,9 Norwich Street; The City; London EC4A 1EJ; Unite,,,City of London,http://www.volupte-lounge.com,,E09000001,Farringdon Without,E05009305,51.516815,-0.109791,531249.6704000002,181458.96360000037,127
Il Bottaccio,"7 Austin Friars, London EC2N 2HA, UK",,,City of London,,,E09000001,Broad Street,E05009295,51.515478,-0.085586,532932.8934000004,181353.94999999925,127
Clubten,"10 Godliman St, The City, London EC4V 5BD",,,City of London,,,E09000001,Castle Baynard,E05009297,51.512362,-0.099084,532005.3871999998,180983.02639999986,127
Gibson Hall,13 Bishopsgate; The City; London EC2N 3BA; United ,,,City of London,http://www.gibsonhall.com,10091780027,E09000001,Cornhill,E05009301,51.514556,-0.083627,533071.4977000002,181254.98169999942,127
Eastcheap Records,"20 Eastcheap, London, EC3M 1EB, United Kingdom",,,City of London,https://www.eastcheaprecords.com,,E09000001,Billingsgate,E05009291,51.510502,-0.083774,533073.1086999997,180803.90430000052,127
Soda Room,"Downstairs, The Botanist, Broadgate Circle, London",,,City of London,,,E09000001,Bishopsgate,E05009292,51.518972,-0.083281,533082.6350999996,181746.67620000057,127
Kanaloa,"Wine Office Court, Hill House, 18 Chancery Ln, Lon",,Shoe Lane City Of ,City of London,www.kanaloaclub.com,95506679,E09000001,Castle Baynard,E05009297,51.517526,-0.108283,531352.2505000001,181540.73000000045,127
Amber Bar,1 ROpenaker Street,London,,City of London,,,E09000001,Coleman Street,E05009299,51.519789981,-0.089559965,532644.6503999997,181826.2368999999,127
Eastcheap Records,"20 Eastcheap, London, EC3M 1EB, United Kingdom",,,City of London,https://www.eastcheaprecords.com,,E09000001,Billingsgate,E05009291,51.510502,-0.083774,533073.1086999997,180803.90430000052,127
South Place Hotel,3 South Place,,,City of London,,,E09000001,Bishopsgate,E05009292,51.519,-0.084887379,532971.1096000001,181746.86989999935,127
Beduin,57-59 Charterhouse Street,Islington,57-59 Charterhouse,City of London,www.beduinbar.co.uk/smithfields,,E09000001,Farringdon Without,E05009305,51.5187,-0.101943545,531788.6860999996,181682.66530000046,127
The Steel Yard,13-16 Allhallows Lane,City Of London,13-16 Allhallows L,City of London,https://thesteelyard.london/,95510144,E09000001,Dowgate,E05009303,51.50948953,-0.088956021,532716.4746000003,180681.91229999997,127
Il Bottaccio,"7 Austin Friars, London EC2N 2HA, UK",,,City of London,,,E09000001,Broad Street,E05009295,51.515478,-0.085586,532932.8934000004,181353.94999999925,127
Clubten,"10 Godliman St, The City, London EC4V 5BD",,,City of London,,,E09000001,Castle Baynard,E05009297,51.512362,-0.099084,532005.3871999998,180983.02639999986,127
Soda Room,"Downstairs, The Botanist, Broadgate Circle, London",,,City of London,,,E09000001,Bishopsgate,E05009292,51.518972,-0.083281,533082.6350999996,181746.67620000057,127
Kanaloa,"Wine Office Court, Hill House, 18 Chancery Ln, Lon",,Shoe Lane City Of ,City of London,www.kanaloaclub.com,,E09000001,Castle Baynard,E05009297,51.517526,-0.108283,531352.2505000001,181540.73000000045,127
Amber Bar,1 ROpenaker Street,London,,City of London,,,E09000001,Coleman Street,E05009299,51.519789981,-0.089559965,532644.6503999997,181826.2368999999,127
The Holmes Wood Consultancy Limited,1 Monkwell Square,,,City of London,http://www.holmes-wood.com,200000070781,E09000001,Bassishaw,E05009290,51.51767422,-0.092970856,532414.1550000003,181584.7860000003,127
FabLab London,1 Frederick?s Place,,,City of London,https://www.fablablondon.org,100022934179,E09000001,Walbrook,E05009312,51.51375422,-0.089613528,532658.4644999998,181154.95790000074,127
Theatre Deli,2 Finsbury Avenue,,,City of London,https://www.theatredeli.co.uk/,100022933575,E09000001,Bishopsgate,E05009292,51.519961,-0.08487465,532969.1944000004,181853.7575000003,127
Bridewell Theatre,14 Bride Ln, Fleet St,,City of London,https://www.sbf.org.uk/venue-hire/,95511225,E09000001,Castle Baynard,E05009297,51.51349,-0.10506,531587.4841999998,181097.70930000022,127
David Game College,31 Jewry Street,London,,City of London,https://davidgameevents.com/venues-for-hire-in-central-london/dance-studio-for-hire/,95514552,E09000001,Tower,E05009310,51.512846,-0.076482648,533572.1909999996,181077.8445999995,127
Bridewell Theatre,14 Bride Ln, Fleet St,,City of London,http://www.sbf.org.uk/venue-hire/bridewell-theatre/,95511225,E09000001,Castle Baynard,E05009297,51.51401962,-0.106603389,531478.8720000004,181153.83220000006,127
Milton Court,1 Milton Street,,,City of London,https://www.barbican.org.uk/hire/venue-hire/venues/milton-court-concert-hall,95511391,E09000001,Cripplegate,E05009302,51.52054719,-0.092682898,532425.8022999996,181904.78309999965,127
Barbican Theatre,Silk St,,,City of London,https://www.barbican.org.uk/,95512046,E09000001,Aldersgate,E05009288,51.52047017,-0.095713605,532215.7744000005,181890.73819999956,127
Winterflood Theatre,City of London School, Queen Victoria Street,,City of London,https://www.cityoflondonschool.org.uk/school-life/drama/winterflood-theatre,100022936607,E09000001,Castle Baynard,E05009297,51.51153824,-0.100945095,531878.6303000003,180888.07230000012,127
London Theatre Workshop,88 Gracechurch Street Leadenhall Market,,,City of London,http://londontheatreworkshop.co.uk/,200000069827,E09000001,Cornhill,E05009301,51.51334897,-0.085764417,532926.7105999999,181116.8752999995,127
Theatre Deli,2 Finsbury Avenue,,,City of London,https://www.theatredeli.co.uk/,100022933575,E09000001,Bishopsgate,E05009292,51.519961,-0.08487465,532969.1944000004,181853.7575000003,127
