﻿name,address1,address2,address3,borough_name,website,os_addressbase_uprn,borough_code,ward_2022_name,ward_2022_code,latitude,longitude,easting,northing,fme_feature_type.total_count
Chisenhale Gallery,64 Chisenhale Road ,Bow ,E3 5QZ,Tower Hamlets,https://chisenhale.org.uk/,,E09000030,Bow West,E05009320,51.53319,-0.03949,536078.2774999999,183408.27850000001,374
Crisis,66 Commercial Street, ,E1 6LT,Tower Hamlets,https://www.crisis.org.uk/,6155270,E09000030,Spitalfields & Banglatown,E05009333,51.51811045,-0.073885005,533737.0119000003,181668.00320000015,374
East London Mosque & London Muslim Centre Archive,4th Floor ,46-92 Whitechapel Road ,E1 1JX,Tower Hamlets,https://www.eastlondonmosque.org.uk/content/east-london-mosque-london-muslim-centre-archive-collections,6012773,E09000030,Whitechapel,E05009336,51.51746961,-0.065552047,534317.0120000001,181612.00379999913,374
Historic Royal Palaces Architectural Drawings Archive,Waterloo Block HM Tower of London, ,EC3N 4AB,Tower Hamlets,https://blog.hrp.org.uk/archive/,6086565,E09000030,St Katharine's & Wapping,E05009330,51.50827523,-0.076245514,533602.0120000001,180570.0022,374
HSBC Group Archives,HSBC Holdings plc 8 Canada Square, ,E14 5HQ,Tower Hamlets,https://www.hsbc.com/about-hsbc/company-history/hsbc-archives,6151241,E09000030,Canary Wharf,E05009323,51.50553219,-0.017395336,537694.0111999996,180374.0036999993,374
Lasa,Watson House,54 Baker Street ,W1U 7BU,Tower Hamlets,http://www.lasa.org.uk/,6002410,E09000030,Spitalfields & Banglatown,E05009333,51.5170911,-0.070958811,533943.0120000001,181560.00290000066,374
Lesbian and Gay Christian Movement,Oxford House ,Derbyshire Street ,E2 6HG,Tower Hamlets,https://www.onebodyonefaith.org.uk/about-us/new-era-new-name/,6089004,E09000030,St Peter's,E05009331,51.52636805,-0.061484047,534573.0115,182609.00390000083,374
Live Art Development Agency's Study Room,White Building, Unit 7 Queen's Yard  White Post Lane,E9 5EN,Tower Hamlets,http://www.thisisliveart.co.uk/resources/study-room/,6077530,E09000030,Bow East,E05009319,51.54298591,-0.02211269,537254.0120999999,184530.0030000005,374
Living Streets,4th Floor Universal House ,88-94 Wentworth Street ,E1 7SA,Tower Hamlets,https://www.livingstreets.org.uk/,6198476,E09000030,Spitalfields & Banglatown,E05009333,51.51708235,-0.070973594,533942.0120999999,181559.00280000083,374
London Metropolitan University: Trades Union Congress,The Wash Houses ,Old Castle Street ,E1 7NT,Tower Hamlets,https://student.londonmet.ac.uk/library/using-the-library/special-collections/trades-union-congress-libr,,E09000030,Spitalfields & Banglatown,E05009333,51.51596508,-0.07371457,533755.1194000002,181429.74679999985,374
"London University: Queen Mary, University of London",Archives Mile End Library Queen Mary University of,328 Mile End Road ,E1 4NS,Tower Hamlets,https://www.qmul.ac.uk/,6164839,E09000030,Bethnal Green,E05009317,51.52418885,-0.039664421,536093.0120000001,182407.00359999947,374
Minority Rights Group,Minority Rights Group International ,54 Commercial Street London ,E1 6LT,Tower Hamlets,https://minorityrights.org/,6715453,E09000030,Spitalfields & Banglatown,E05009333,51.51744496,-0.073336543,533777.0120000001,181595.00249999948,374
Museum of London Docklands - Port and River Archive,No 1 Warehouse ,West India Quay  Hertsmere Road,E14 4AL,Tower Hamlets,https://www.museumoflondon.org.uk/collections/access-and-enquiries/port-london-authority-archive,6650052,E09000030,Canary Wharf,E05009323,51.50769779,-0.023152002,537288.0113000004,180604.00129999965,374
Reuters Archive,Thomson Reuters ,30 South Colonnade  Canary Wharf,E14 5EP,Tower Hamlets,https://reuters.screenocean.com/,6155377,E09000030,Canary Wharf,E05009323,51.50435142,-0.020429416,537487.0115999999,180237.0022,374
"Royal Armouries Library, Tower of London",The Library,Royal Armouries HM Tower of London,EC3N 4AB,Tower Hamlets,https://royalarmouries.org/,6086565,E09000030,St Katharine's & Wapping,E05009330,51.50827523,-0.076245514,533602.0120000001,180570.0022,374
Royal College of Psychiatrists,21 Prescot Street, ,E1 8BB,Tower Hamlets,https://www.rcpsych.ac.uk/,6193878,E09000030,Whitechapel,E05009336,51.51141648,-0.071098355,533949.9720999999,180928.7229999993,374
Royal Fusiliers Museum,HM Tower of London, ,EC3N 4AB,Tower Hamlets,https://www.fusiliermuseumlondon.org/home,6086845,E09000030,St Katharine's & Wapping,E05009330,51.50839276,-0.075188563,533675.0119000003,180585.00200000033,374
Royal London Hospital Archives,Royal London Hospital Archives, 9 Prescot Street ,E1 8PR,Tower Hamlets,https://www.bartshealth.nhs.uk/the-royal-london-hospital-museum-and-archives,6086730,E09000030,Whitechapel,E05009336,51.51160555,-0.070412426,533997.0120999999,180951.0036999993,374
Sainsbury Archive,Museum in Docklands ,No 1 Warehouse  West India Quay,E14 4AL,Tower Hamlets,https://www.museumoflondon.org.uk/collections/access-and-enquiries/sainsbury-archive,6650052,E09000030,Canary Wharf,E05009323,51.50769779,-0.023152002,537288.0113000004,180604.00129999965,374
Society for the Protection of Ancient Buildings,37 Spital Square, ,E1 6DY,Tower Hamlets,https://www.spab.org.uk/,6001685,E09000030,Spitalfields & Banglatown,E05009333,51.52020003,-0.078467148,533413.0116999997,181892.00180000067,374
Tower Hamlets Local History Library and Archives,277 Bancroft Road, ,E1 4DQ,Tower Hamlets,https://www.towerhamlets.gov.uk/lgnl/leisure_and_culture/local_history/local_history__archives/local_his,6033654,E09000030,Bethnal Green,E05009317,51.52381997,-0.042347199,535908.0120999999,182361.00239999965,374
Toynbee Hall: Barnett Research Centre,Toynbee Hall ,28 Commercial Street ,E1 6LS,Tower Hamlets,http://www.toynbeehall.org.uk/other-projects/research/,,E09000030,Spitalfields & Banglatown,E05009333,51.51673871,-0.072298991,533851.0652000001,181518.36419999972,374
Unfinished Histories,St Margaret's House Settlement ,21 Old Ford Rd ,E2 9PL,Tower Hamlets,http://www.unfinishedhistories.com/,6040154,E09000030,St Peter's,E05009331,51.52999312,-0.054495932,535047.0104999999,183025.0092999991,374
V & A Museum of Childhood,Cambridge Heath Road, ,E2 9PA,Tower Hamlets,https://www.vam.ac.uk/moc/,6039165,E09000030,Bethnal Green,E05009317,51.52905531,-0.054881955,535023.0104,182920.0083000008,374
Wapping Police Station Museum,98 Wapping High Street, ,EC1,Tower Hamlets,http://www.thamespolicemuseum.org.uk/museum.html,6009795,E09000030,St Katharine's & Wapping,E05009330,51.50309221,-0.058596465,534842.0116999997,180026.00239999965,374
Whitechapel Art Gallery,Whitechapel High Street, ,E1 7QX,Tower Hamlets,https://www.whitechapelgallery.org/,6000113,E09000030,Spitalfields & Banglatown,E05009333,51.51614774,-0.070465394,533980.0120000001,181456.00349999964,374
Wilton's Music Hall,Graces Alley, ,E1 8JB,Tower Hamlets,https://www.wiltons.org.uk/,6006845,E09000030,Whitechapel,E05009336,51.51061305,-0.066937948,534241.0120000001,180847.00310000032,374
"The Crypt, St John on Bethnal Green",The Crypt,200 Cambridge Heath Road,,Tower Hamlets,www.lumenstudios.co.uk,6135046,E09000030,Bethnal Green,E05009317,51.52758087,-0.054901582,535026.0108000003,182756.00889999978,374
Chisenhale Studios,64-84 Chisenhale Road,,,Tower Hamlets,www.chisenhale.co.uk,6146768,E09000030,Bow West,E05009320,51.53308803,-0.039708154,536063.4515000004,183396.53419999965,374
Craft Central / The Forge,397-411 Westferry Road,,,Tower Hamlets,www.craftcentral.org.uk,6653025,E09000030,Island Gardens,E05009324,51.48879019,-0.019159363,537622.0119000003,178509.00180000067,374
The Rum Factory ,Unit 4 Pennington Street Warehouse,"Pennington Street,",,Tower Hamlets,www.bowarts.org    www.artiststudiofinder.org   www.londonsartistquarter.org,6195060,E09000030,St Katharine's & Wapping,E05009330,51.50860472,-0.062944696,534524.0118000004,180631.00379999913,374
Trinity Art Studios,Studio 1,8 TRINITY BUOY WHARF,,Tower Hamlets,Trinitybuoywharf.com,6179235,E09000030,Blackwall & Cubitt Town,E05009318,51.50824807,0.00848912,539482.0111999996,180725.00200000033,374
Trinity Buoy Wharf,64 Orchard Place,,,Tower Hamlets,www.trinitybuoywharf.com,10091954134,E09000030,Blackwall & Cubitt Town,E05009318,51.50844157,0.008742624,539499.0111999996,180747.0019000005,374
Cable Street Studios,566,Cable Street,,Tower Hamlets, ,6717530,E09000030,Shadwell,E05009332,51.51136698,-0.042996736,535900.0120000001,180975.0047999993,374
Art Space at St Katharines,2 Butcher Row,,,Tower Hamlets,www.bowarts.org    www.artiststudiofinder.org   www.londonsartistquarter.org,6169658,E09000030,Shadwell,E05009332,51.51149426,-0.041463615,536006.0120999999,180992.00430000015,374
Fitzgerald House,East India Dock Road,,,Tower Hamlets,www.bowarts.org    www.artiststudiofinder.org   www.londonsartistquarter.org,6129546,E09000030,Lansbury,E05009325,51.51165109,-0.014953291,537845.0102000004,181059.00100000016,374
Limehouse Town Hall,646 Commercial Rd,,,Tower Hamlets,www.limehousetownhall.co.uk/,10091898716,E09000030,Limehouse,E05009326,51.51210827,-0.031406437,536702.0118000004,181079.0022,374
Ratcliffe Cross Street ,1-9 Ratcliffe Cross Street,,,Tower Hamlets,www.themillcoproject.co.uk,6171933,E09000030,Shadwell,E05009332,51.51289369,-0.042873615,535904.0120999999,181145.00459999964,374
Aberfieldy Street studios,Aberfieldy Street ,,,Tower Hamlets,www.bowarts.org    www.artiststudiofinder.org   www.londonsartistquarter.org,6210893,E09000030,Lansbury,E05009325,51.51399396,-0.006218176,538444.0102000004,181336.00009999983,374
ArtsAdmin,Toynbee Studios,28 Commercial Street,,Tower Hamlets,www.artsadmin.co.uk,6090198,E09000030,Spitalfields & Banglatown,E05009333,51.51666169,-0.072187702,533859.0120000001,181510.0030000005,374
Leven Road,40 Leven Road,Poplar,,Tower Hamlets,www.acme.org.uk,6652767,E09000030,Lansbury,E05009325,51.51697596,-0.00758686,538340.0103000002,181664.99880000018,374
Copperfield Road,42/44 Copperfield Road,Bow,,Tower Hamlets,www.acme.org.uk,6048178,E09000030,Mile End,E05009327,51.51907944,-0.03580472,536376.0122999996,181845.99929999933,374
The Fire Station,30 Gillender Street,Poplar,,Tower Hamlets,www.acme.org.uk,6083286,E09000030,Lansbury,E05009325,51.5196308,-0.009820501,538177.0073999995,181955.99000000022,374
Brickfield,30 Brickfield Road,Tower Hamlets,,Tower Hamlets,www.spacestudios.org.uk,6155760,E09000030,Bromley South,E05009322,51.52087781,-0.013888751,537891.0089999996,182086.99369999953,374
Limehouse Studios,Towcester Rd,,,Tower Hamlets,www.acava.org,6086500,E09000030,Bromley South,E05009322,51.52132162,-0.011952243,538024.0081000002,182139.99149999954,374
Empson Street,Unit 3 Empson Street Bow,,,Tower Hamlets,www.ascstudios.co.uk,6177430,E09000030,Bromley South,E05009322,51.52169352,-0.012671208,537973.0083999997,182179.9933000002,374
No.w.here,316-318 Bethnal Green Rd,,,Tower Hamlets,http://www.no-w-here.org.uk/,6180436,E09000030,St Peter's,E05009331,51.52634659,-0.063993455,534399.0115999999,182602.00229999982,374
Warren House,Bromley High street ,,,Tower Hamlets,www.bowarts.org    www.artiststudiofinder.org   www.londonsartistquarter.org,6071681,E09000030,Bromley North,E05009321,51.52734413,-0.017110529,537648.0100999996,182800.00210000016,374
Bow Road,181-183 Bow Rd,,,Tower Hamlets,www.bowarts.org    www.artiststudiofinder.org   www.londonsartistquarter.org,6070835,E09000030,Bow East,E05009319,51.52894539,-0.017675298,537604.0099,182977.00420000032,374
P1,"Taylor Place, ","Payne Road, ",,Tower Hamlets,www.bowarts.org    www.artiststudiofinder.org   www.londonsartistquarter.org,6197813,E09000030,Bow East,E05009319,51.52999642,-0.015481409,537753.0088999998,183098.00039999932,374
Unripe Banana,"Unit 7, 268",Hackney Road,,Tower Hamlets,https://www.unripebanana.co.uk,6023163,E09000030,Weavers,E05009335,51.53095177,-0.068959633,534041.0126999998,183104.99650000036,374
Auto Italia,44 Bonner Road ,,,Tower Hamlets,http://autoitaliasoutheast.org/,6169839,E09000030,St Peter's,E05009331,51.53236861,-0.052419253,535184.0114000002,183293.00510000065,374
Robinson Road,15 Robinson Road,Bethnal Green,,Tower Hamlets,www.acme.org.uk,6169839,E09000030,St Peter's,E05009331,51.53237471,-0.052418128,535184.0713999998,183293.68549999967,374
Unit 8,Unit 8 Riverbank Business Park,Dye House Lane,,Tower Hamlets,www.artcoreint.net,6717569,E09000030,Bow East,E05009319,51.53478204,-0.020363184,537400.0120000001,183621.00239999965,374
Cell Studios Cambridge Heath Road,258 cambridge heath road,,,Tower Hamlets,cellprojects.org,6021858,E09000030,St Peter's,E05009331,51.53396121,-0.058436075,534762.0113000004,183459.00650000013,374
Crown Close,5 Crown Close,,,Tower Hamlets,http://www.v22collection.com,6075330,E09000030,Bow East,E05009319,51.53669093,-0.024779336,537088.0118000004,183825.00349999964,374
Britannia Works,43-45 Dace Road,Tower Hamlets,,Tower Hamlets,www.spacestudios.org.uk,6129407,E09000030,Bow East,E05009319,51.53775378,-0.022743329,537226.0119000003,183947.00359999947,374
Swan Wharf,60 Dace Road,,,Tower Hamlets,http://swanwharfproject.co.uk/contact/,6151658,E09000030,Bow East,E05009319,51.53773485,-0.021619376,537304.0120000001,183947.00359999947,374
Britannia Works,56 Dace Road,,,Tower Hamlets,www.londonbookarts.org,6135864,E09000030,Bow East,E05009319,51.53777223,-0.022771369,537224.0120000001,183949.00280000083,374
Bridget Riley,Dace Road,Tower Hamlets,,Tower Hamlets,www.spacestudios.org.uk,6180071,E09000030,Bow East,E05009319,51.53778211,-0.022754214,537225.1719000004,183950.1336000003,374
Stour Space,Stour Space,7 Roach Road,,Tower Hamlets,www.stourspace.co.uk,6172062,E09000030,Bow East,E05009319,51.54018102,-0.021095068,537333.0120999999,184220.0025999993,374
Pearl & Coutts Studios,9 Queens Yard ,White Post Lane,,Tower Hamlets,https://www.motherx.co.uk/,6210818,E09000030,Bow East,E05009319,51.54283703,-0.022349895,537238.0120999999,184513.00310000032,374
White Post Lane,49 White Post Lane Unit 4,Hackney Wick,,Tower Hamlets,www.arbeit.org.uk / www.arebyte.com,6077533,E09000030,Bow East,E05009319,51.5428834,-0.023501627,537158.0120999999,184516.0033999998,374
arebyte Studio - London City Island,7 Botanic Square,,,Tower Hamlets,https://www.arebyte.com/available-studios,No UPRN,E09000030,Blackwall & Cubitt Town,E05009318,51.51209106,0.006471284,539330.2596000005,181148.48460000008,374
POPLAR E14,"Baring House, Canton St",Poplar,,Tower Hamlets,https://www.arbeit.org.uk/poplar-e14,See notes,E09000030,Mile End,E05009327,51.51186,-0.02531,537125.7647000002,181062.78859999962,374
Three Waters Studios (Bow Arts),20 Gillender St,,,Tower Hamlets,https://bowarts.org/studios/three-waters,No UPRN,E09000030,Lansbury,E05009325,51.52147698,-0.010008689,538158.3667000001,182160.9316000007,374
Pintle Place (Arbeit Studios),6–14 Pintle Place,,,Tower Hamlets,https://www.arbeit.org.uk/hancock-rd-e3,No UPRN,E09000030,Bromley North,E05009321,51.52806273,-0.011319495,538047.5208999999,182890.8024000004,374
Rich Mix ,35-47 Bethnal Green Rd,,E1 6LA,Tower Hamlets,https://www.richmix.org.uk/,6150258,E09000030,Weavers,E05009335,51.52435934,-0.073275203,533761.0115999999,182364.00290000066,374
Poplar Union ,2 Cotall St,Poplar,E14 6TL,Tower Hamlets,https://poplarunion.com/ ,6194894,E09000030,Lansbury,E05009325,51.51559973,-0.02298261,537276.0118000004,181483.0011,374
Close-Up Film Centre,,97 Sclater Street,E1 6HR,Tower Hamlets,,6002778,E09000030,Weavers,E05009335,51.523609,-0.07207926,533846.1706999997,182282.75129999965,374
Curzon Aldgate ,,2 Canter Way,E1 8PS,Tower Hamlets,,6701865,E09000030,Whitechapel,E05009336,51.513817,-0.06883201,534100.1793,181199.8147,374
Electric Cinema Shoreditch,,64-66 Redchurch Street,E2 7DP,Tower Hamlets,,6002678,E09000030,Weavers,E05009335,51.524359,-0.07393604,533715.1721000001,182362.75709999911,374
Everyman Canary Wharf,,Crossrail Place Level -2,E14 5AR,Tower Hamlets,,6198197,E09000030,Canary Wharf,E05009323,51.506132,-0.01784306,537661.1331000002,180439.85869999975,374
Genesis Cinema,,93-95 Mile End Road,E1 4UJ ,Tower Hamlets,,6033507,E09000030,Bethnal Green,E05009317,51.521466,-0.0512395,535298.1445000004,182082.77190000005,374
Rich Mix,,35-47 Bethnal Green Road,E1 6LA,Tower Hamlets,,6150258,E09000030,Weavers,E05009335,51.524358,-0.07330181,533759.1699000001,182363.80519999936,374
Cineworld West India Quay,,Hertsmere Road,E14 4AL,Tower Hamlets,www.cineworld.co.uk,6136934,E09000030,Canary Wharf,E05009323,51.507908,-0.02288175,537306.1328999996,180627.88299999945,374
CubeFuture,33 Fournier Street,,,Tower Hamlets,http://www.cubefuture.com/#,6001683,E09000030,Spitalfields & Banglatown,E05009333,51.51883799,-0.071078384,533929.5930000003,181754.0404000003,374
Eleven Spitalfields,11 Princelet Street,,,Tower Hamlets,http://www.elevenspitalfields.com/#,6001684,E09000030,Spitalfields & Banglatown,E05009333,51.51934484,-0.071273203,533914.5909000002,181810.04609999992,374
Leyden Gallery,9/9a Leyden Street,,,Tower Hamlets,http://www.leydengallery.com/#,6001837,E09000030,Spitalfields & Banglatown,E05009333,51.51638732,-0.074641529,533689.5707,181475.00630000047,374
Brick Lane Gallery,216 Brick Lane,,,Tower Hamlets,http://www.thebricklanegallery.com/#,6002804,E09000030,Weavers,E05009335,51.52397045,-0.069808992,534002.5950999996,182327.10089999996,374
Espacio Gallery,159 Bethl Green Road,,,Tower Hamlets,http://www.espaciogallery.com/#,6005162,E09000030,Weavers,E05009335,51.52509833,-0.068939478,534059.5997000001,182454.1157000009,374
Whitechapel Gallery,77-82 Whitechapel High Street,,,Tower Hamlets,http://www.whitechapel.org/#,6011122,E09000030,Whitechapel,E05009336,51.51566133,-0.068776522,534098.6140000001,181405.00799999945,374
The Mews Project Space,15c Osborn Street,,,Tower Hamlets,http://the-mews-about.blogspot.co.uk/#,6015759,E09000030,Whitechapel,E05009336,51.51591746,-0.068491805,534117.6157999998,181434.0117000006,374
Stolenspace Gallery,"17 Osborn St,",,,Tower Hamlets,https://www.stolenspace.com/#,6015771,E09000030,Whitechapel,E05009336,51.51596334,-0.068547523,534113.6152999997,181439.0114999991,374
Maureen Paley,21 Herald Street,,,Tower Hamlets,http://www.maureenpaley.com/#,6015931,E09000030,Bethnal Green,E05009317,51.52474415,-0.054393817,535069.6240999997,182441.49269999936,374
Arebyte,Unit 4,49 White Post Lane,,Tower Hamlets,http://www.arebyte.com/#,6077533,E09000030,Bow East,E05009319,51.5423738,-0.021909521,537269.9404999996,184462.3161999993,374
Proof London,26 Cheshire Street,,,Tower Hamlets,http://prooflondon.com/#,6089640,E09000030,Spitalfields & Banglatown,E05009333,51.52293991,-0.06880071,534075.5636999998,182214.35080000013,374
Vilma Gold,6 Minerva Street,,,Tower Hamlets,http://vilmagold.com/#,6143359,E09000030,St Peter's,E05009331,51.53108925,-0.05811634,534792.6672,183140.22159999982,374
Modern Art 2,50-58 Vyner Street,,,Tower Hamlets,http://www.modernart.net/#,6146632,E09000030,St Peter's,E05009331,51.53411007,-0.053171278,535126.6986999996,183485.27470000088,374
Forman's Smokehouse Gallery,Stour Road,Fish Island,,Tower Hamlets,http://smokehousegallery.org/#,6151026,E09000030,Bow East,E05009319,51.53911538,-0.019611746,537439.0794000002,184104.2829,374
The Alexander Miles Gallery,"Unit K, The Ivory House",St.Katharine Docks,,Tower Hamlets,http://www.thealexandermilesgallery.com/,6155400,E09000030,St Katharine's & Wapping,E05009330,51.50691545,-0.069622013,534065.6195999999,180430.90670000017,374
Calvert 22,22 Calvert Avenue,,,Tower Hamlets,http://calvert22.org/#,6159644,E09000030,Weavers,E05009335,51.5255732,-0.074645584,533662.3980999999,182496.48120000027,374
Breese Little,Unit 1,249-253 Cambridge Heath Road,,Tower Hamlets,http://www.breeselittle.com/#,6161973,E09000030,Bethnal Green,E05009317,51.5252217,-0.053964425,535097.9961999999,182495.39130000025,374
Public Exhibitions,"Black Gates,",Hassard Street,,Tower Hamlets,http://publicexhibitions.biz/#,6178041,E09000030,Weavers,E05009335,51.53014439,-0.070705406,533922.2997000003,183012.01329999976,374
Union Gallery,94 Teesdale Street,,,Tower Hamlets,http://www.union-gallery.com/#,6178788,E09000030,St Peter's,E05009331,51.52930433,-0.059732984,534685.8084000004,182938.75100000016,374
Cell Project Space,258 Cambridge Heath Road,,,Tower Hamlets,http://www.cellprojects.org/#,6180728,E09000030,St Peter's,E05009331,51.53276995,-0.055015701,535002.7470000004,183332.84310000017,374
Unit 9,The Huntingdon Estate,Ebor St / Bethl Green Rd,,Tower Hamlets,http://www.unit9.london/#,6210892,E09000030,Weavers,E05009335,51.52356848,-0.073257295,533764.5707999999,182276.09090000018,374
Raven Row,56 Artillery Lane,,,Tower Hamlets,http://www.ravenrow.org/#,6653355,E09000030,Spitalfields & Banglatown,E05009333,51.51764768,-0.075265891,533642.5645000003,181614.01940000057,374
Rocket Gallery,56 Shoreditch High Street,,,Tower Hamlets,http://www.rocketgallery.com/#,10008304903,E09000030,Weavers,E05009335,51.52356281,-0.07510294,533636.5575000001,182272.08750000037,374
Andor Gallery,237 Hackney Road,,,Tower Hamlets,http://www.creativeandorcultural.com/#,100023649875,E09000030,Weavers,E05009335,51.53081191,-0.068553471,534069.5937999999,183090.1877999995,374
Crypt Museum,Byward Street,,,Tower Hamlets,http://www.allhallowsbythetower.org.uk/visit/crypt/,200000075582,E09000030,St Katharine's & Wapping,E05009330,51.50881823,-0.0775982,533506.5596000003,180627.91569999978,374
Maureen Paley,60 Three Colts Lane,E2 6GQ,,Tower Hamlets,http://www.maureenpaley.com/#,See notes,E09000030,St Peter's,E05009331,51.52459,-0.05566,534982.2490999997,182422.01300000027,374
Arebyte,Java House,7 Botanic Square,,Tower Hamlets,http://www.arebyte.com/#,6703964,E09000030,Blackwall & Cubitt Town,E05009318,51.511286,0.005352869,539255.1113,181056.8370999992,374
Unit G Gallery,Vittoria Wharf,10 Stour Road,,Tower Hamlets,http://unitg.london/gallery/#,See notes,E09000030,Bow East,E05009319,51.53968,-0.02122,537325.8561000004,184164.05450000055,374
Herald St (Shoreditch),2 Herald Street,E2 6JT,,Tower Hamlets,http://www.heraldst.com/,6176877,E09000030,St Peter's,E05009331,51.524865,-0.0555633,534988.1436999999,182452.7725000009,374
Kate MacGarry,27 Old Nichol Street,E2 7HR,,Tower Hamlets,https://www.katemacgarry.com/,6004160,E09000030,Weavers,E05009335,51.524699,-0.075435373,533610.1721999999,182397.82630000077,374
Annka Kultys Gallery,Unit 9,472 Hackney Road,E2 9EQ,Tower Hamlets,http://www.annkakultys.com/,No UPRN,E09000030,St Peter's,E05009331,51.53214,-0.05829,534777.5198999997,183256.74929999933,374
Carlos Ishikawa,"Unit 4, Cook's Yard",88 Mile End Road,,Tower Hamlets,https://www.carlosishikawa.com/,6362222,E09000030,Stepney Green,E05009334,51.520049,-0.0520063,535249.1478000004,181923.78020000085,374
mother's tankstation,58-64 Three Colts Lane,London,,Tower Hamlets,http://www.motherstankstation.com/,See notes,E09000030,St Peter's,E05009331,51.52449,-0.05565,534983.2384000001,182410.91110000014,374
Project tive Informant,Dressage Court,48 Three Colts Lane ,,Tower Hamlets,https://projectnativeinformant.com/,6708732,E09000030,St Peter's,E05009331,51.524428,-0.056302719,534938.1445000004,182402.81210000068,374
The Approach,47 Approach Road,London,,Tower Hamlets,https://theapproach.co.uk/,6040399,E09000030,St Peter's,E05009331,51.531359,-0.051826309,535228.1262999997,183181.8270999994,374
Union Pacific,17 Goulston Street,,,Tower Hamlets,https://unionpacific.co.uk/,6001918,E09000030,Spitalfields & Banglatown,E05009333,51.51604,-0.074993225,533666.1867000004,181435.7413999997,374
Yamamoto Keiko Rochaix,19 Goulston Street,,,Tower Hamlets,https://yamamotokeiko.com/,6002479,E09000030,Spitalfields & Banglatown,E05009333,51.51604,-0.074993225,533666.1867000004,181435.7413999997,374
Moarain House,223 Cambridge Heath Road,E2 0EL,,Tower Hamlets,https://www.moarainhouse.com/,6179213,E09000030,St Peter's,E05009331,51.524971,-0.055429054,534997.1424000002,182464.80790000036,374
Eve Leibe,5 Dalston Lane,London,,Tower Hamlets,https://www.eveleibegallery.com/,6718547,E09000030,Bow East,E05009319,51.539715,-0.023450254,537171.0953000002,184163.76999999955,374
Studio M ,Rochelle School,Friars Mount House,7 Playground Garde,Tower Hamlets,https://www.maureenpaley.com/,6180242,E09000030,Weavers,E05009335,51.525775,-0.074150215,533696.1687000003,182519.82679999992,374
NiCOLETTi,12A Vyner Street,London,,Tower Hamlets,https://nicoletticontemporary.com/,6023255,E09000030,St Peter's,E05009331,51.534309,-0.056184619,534917.1277000001,183501.8339000009,374
Soft Opening,6 Minerva Street,London,,Tower Hamlets,https://www.softopening.london/,6143359,E09000030,St Peter's,E05009331,51.531598,-0.059731586,534679.1374000004,183193.8200000003,374
Second Home,Second Home Spitafields,68-80 Hanbury Street,,Tower Hamlets,http://secondhome.io/,6000144,E09000030,Spitalfields & Banglatown,E05009333,51.51952071,-0.068843891,534082.6080999998,181834.05230000056,374
Oval Space,Oval Office,1-12 The Oval,,Tower Hamlets,http://www.ovalspace.co.uk/about/the-venues/11---12-the-oval/,6023236,E09000030,St Peter's,E05009331,51.53263919,-0.057214001,534850.6714000003,183314.24530000053,374
The Trampery Republic,The Trampery (Republic),Anchorage House,2 Clove Crescent,Tower Hamlets,www.thetrampery.com,6083018,E09000030,Poplar,E05009328,51.50970702,-0.003233377,538664.1245999997,180864.96059999987,374
The Cube,The Cube,155 Commercial Street,,Tower Hamlets,http://thecubelondon.com/,6108348,E09000030,Spitalfields & Banglatown,E05009333,51.52071769,-0.074440557,533690.8361,181956.91640000045,374
Soho Works Shoreditch,The Tea Building,56 Shoreditch High Street,,Tower Hamlets,http://sohoworks.com/shoreditch/,10008297236,E09000030,Weavers,E05009335,51.52356281,-0.07510294,533636.5575000001,182272.08750000037,374
One House Studios,One House Studios,25 Hackney Road,,Tower Hamlets,www.onehousestudios.com,100022990257,E09000030,Weavers,E05009335,51.52725237,-0.075235674,533616.5516999997,182682.12939999998,374
Oxford House Theatre,87 Derbyshire Street,,,Tower Hamlets,https://www.oxfordhouse.org.uk/space-hire/offices-and-workspace-for-rent/,6089004,E09000030,St Peter's,E05009331,51.526367,-0.061510951,534571.1484000003,182608.83770000003,374
Four Corners,121 Roman Road,,,Tower Hamlets,http://www.fourcornersfilm.co.uk/home,6039056,E09000030,Bethnal Green,E05009317,51.52875,-0.04884,535442.9881999996,182897.21419999935,374
arebyte Studio - London City Island,7 Botanic Square,,,Tower Hamlets,https://www.arebyte.com/available-studios,No UPRN found,E09000030,Blackwall & Cubitt Town,E05009318,51.51209106,0.006471284,539330.2596000005,181148.48460000008,374
Omega Hub,"Omega Works, Unit 132",Roach Rd,,Tower Hamlets,https://omegahub.co.uk/coworking-space-hackney-wick/,6650110,E09000030,Bow East,E05009319,51.540793,-0.021225996,537322.0920000002,184287.81010000035,374
Gossamer City Project,1-65 Gossamer Gardens,,,Tower Hamlets,https://gossamercityproject.london/,No UPRN,E09000030,St Peter's,E05009331,51.53263,-0.05902,534725.4440000001,183309.8939999994,374
Four Corners,Four Corners,121 Roman Road,,Tower Hamlets,http://www.fourcornersfilm.co.uk/home,6039056,E09000030,Bethnal Green,E05009317,51.52838559,-0.047402169,535543.7994999997,182859.34970000014,374
Limehouse Town Hall Consortium Trust,Limehouse Town Hall,646 Commercial Rd,,Tower Hamlets,www.limehousetownhall.co.uk/,6044870,E09000030,Limehouse,E05009326,51.51160273,-0.029804025,536814.7111999998,181025.77779999934,374
White Post Lane E9,White Post Lane,49 White Post Lane Unit 4,Hackney Wick,Tower Hamlets,www.arbeit.org.uk / www.arebyte.com,6077533,E09000030,Bow East,E05009319,51.5423738,-0.021909521,537269.9404999996,184462.3161999993,374
Poplar E14,Baring House,Canton Street,,Tower Hamlets,www.arbeit.org.uk / www.arebyte.com,6128963,E09000030,Mile End,E05009327,51.51141273,-0.023755679,537234.9574999996,181015.96429999918,374
Mowlem Studios,Mowlem Studios,3-7 Mowlem Street,,Tower Hamlets,http://www.mowlemstudios.com/artist-studios,6146334,E09000030,St Peter's,E05009331,51.53261148,-0.05386582,535082.9654000001,183317.34439999983,374
The Nest,The Nest,The Nest,2-4 Sampson St - W,Tower Hamlets,https://www.thenest.space/,6160107,E09000030,St Katharine's & Wapping,E05009330,51.50363266,-0.062030884,534602.0707999999,180079.78299999982,374
Stour Space,Stour Space,Stour Space,7 Roach Road,Tower Hamlets,www.stourspace.co.uk,6172062,E09000030,Bow East,E05009319,51.53967824,-0.019501493,537445.0301999999,184167.08029999956,374
Crown Workshop,Crown Workshop,1-2 Crown Works,Temple Street,Tower Hamlets,http://www.crownworkshop.co.uk/about/,6187732,E09000030,St Peter's,E05009331,51.52998406,-0.058950237,534738.0930000003,183015.78240000084,374
The Mill Co. Project,Ratcliffe Cross Street,1-9 Ratcliffe Cross Street,,Tower Hamlets,www.themillcoproject.co.uk,6356200,E09000030,Shadwell,E05009332,51.51217151,-0.041105768,536028.8249000004,181067.97949999943,374
Future Studio,Future Studio,237 Hackney Road,,Tower Hamlets,http://futurestudio.org.uk,100023649875,E09000030,Weavers,E05009335,51.53081191,-0.068553471,534069.5937999999,183090.1877999995,374
Poplar Works,384 Abbott Road,Aberfeldy Village,London,Tower Hamlets,https://poplarworks.co.uk/,6723760,E09000030,Lansbury,E05009325,51.51678,-0.008876882,538251.1031999998,181640.77199999988,374
"Containerville Bethnal Green Campus, E2",35 Corbridge Crescent ,,,Tower Hamlets,https://www.containerville.co.uk/locations,6194957,E09000030,St Peter's,E05009331,51.533884,-0.059302747,534702.1331000002,183448.82349999994,374
"Containerville Bethnal Green Campus, E2",1 Emma Street   ,,,Tower Hamlets,https://www.containerville.co.uk/locations,10092040575 ,E09000030,St Peter's,E05009331,51.532524,-0.059706637,534678.1353000002,183296.8412999995,374
Poplar Works,384 Abbott Road,Aberfeldy Village,,Tower Hamlets,https://thetrampery.com/workspaces/poplarworks/,See notes,E09000030,Lansbury,E05009325,51.51645,-0.00864,538268.5373,181604.5245999992,374
Craft Central / The Forge,397-411 Westferry Road,,,Tower Hamlets,www.craftcentral.org.uk,6653025,E09000030,Island Gardens,E05009324,51.48879,-0.01918591,537620.1694999998,178508.9308000002,374
London Jewellery Workshop,"Unit 18, Sunbury Workshops",Swansfield Street,London,Tower Hamlets,https://londonjewelleryworkshop.co.uk/,6005198,E09000030,Weavers,E05009335,51.526855,-0.074205557,533689.1672999999,182639.82330000028,374
Pill Box,115 Coventry Road,Bethnal Green,,Tower Hamlets,https://www.workspace.co.uk/workspaces/pill-box,10091966014,E09000030,St Peter's,E05009331,51.525194,-0.057481043,534854.1447000001,182485.82039999962,374
Chisenhale Dance Space,64-84 Chisenhale Road,,,Tower Hamlets,www.chisenhaledancespace.co.uk,6719953,E09000030,Bow West,E05009320,51.533082,-0.039742143,536061.1122000003,183395.8004999999,374
arebyte Studio - London City Island,7 Botanic Square,,,Tower Hamlets,https://www.arebyte.com/available-studios,No UPRN,E09000030,Blackwall & Cubitt Town,E05009318,51.51209106,0.006471284,539330.2596000005,181148.48460000008,374
Mainyard Studios - 35 Bow Road,35 Bow Road,Bromley by Bow,,Tower Hamlets,https://mainyardstudios.co.uk/tower-hamlets-private-offices-coworking/,No UPRN,E09000030,Bow West,E05009320,51.52687,-0.02777,536910.0591000002,182727.31200000085,374
Hone,16 Pixley St,,,Tower Hamlets,https://hone.london/jewellery/,6722960,E09000030,Mile End,E05009327,51.514779,-0.029358194,536836.1288000001,181379.80959999934,374
The Trampery,Icemaid Court,13 Rookwood Way,,Tower Hamlets,https://thetrampery.com/spaces/workspaces/fish-island/,6720523,E09000030,Bow East,E05009319,51.541022,-0.023119606,537190.0957000004,184309.7287000008,374
Pelican House,144 Cambridge Heath Rd,Bethnal Green,,Tower Hamlets,https://purposegroup.co.uk ,No UPRN,E09000030,Bethnal Green,E05009317,51.52415,-0.05471,535049.4493000004,182374.83720000088,374
Thamesmead Live/Work (Bow Arts),Lakeside Centre,London,,Tower Hamlets,https://www.arbeit.org.uk/hancock-rd-e3,No UPRN,E09000030,Bromley North,E05009321,51.52806273,-0.011319495,538047.5208999999,182890.8024000004,374
Brady Arts & Community Centre,192-196 Hanbury Street,,,Tower Hamlets,http://www.towerhamletsarts.org.uk/?s=3&v=15&guide=AllAges,6011121,E09000030,Spitalfields & Banglatown,E05009333,51.51941799,-0.065368543,534324.0120000001,181829.00320000015,374
The Yard,"Unit 2A, Queens Yard",,,Tower Hamlets,https://theyardtheatre.co.uk,6077552,E09000030,Bow East,E05009319,51.54263859,-0.023382441,537167.0120999999,184489.00329999998,374
Rich Mix,35-47 Bethnal Green Road,,,Tower Hamlets,https://www.richmix.org.uk,6150258,E09000030,Weavers,E05009335,51.52435934,-0.073275203,533761.0115999999,182364.00290000066,374
Poplar Union,2 Cotall St,,,Tower Hamlets,https://poplarunion.com,6194894,E09000030,Lansbury,E05009325,51.51559973,-0.02298261,537276.0118000004,181483.0011,374
Wilton's Music Hall,1 Graces Alley,,,Tower Hamlets,http://www.wiltons.org.uk,6006845,E09000030,Whitechapel,E05009336,51.51061305,-0.066937948,534241.0120000001,180847.00310000032,374
The Space,269 West Ferry Road,,,Tower Hamlets,http://www.space.org.uk,6060149,E09000030,Island Gardens,E05009324,51.49216667,-0.024198973,537262.0114000002,178874.99990000017,374
Chisenhale Dance Space,64-84 Chisenhale Road,,,Tower Hamlets,http://www.chisenhaledancespace.co.uk,6719953,E09000030,Bow West,E05009320,51.53308803,-0.039708154,536063.4515000004,183396.53419999965,374
Oxford House Theatre,87 Derbyshire Street,,,Tower Hamlets,http://www.oxfordhouse.org.uk,6089004,E09000030,St Peter's,E05009331,51.52636805,-0.061484047,534573.0115,182609.00390000083,374
Artsadmin,28 Commercial Street,,,Tower Hamlets,http://www.toynbeehall.org.uk,6722403,E09000030,Spitalfields & Banglatown,E05009333,51.51668037,-0.072230154,533856.0120000001,181512.0025999993,374
Half Moon Young People's Theatre,43 White Horse Road,,,Tower Hamlets,http://www.halfmoon.org.uk,6044554,E09000030,St Dunstan's,E05009329,51.51325269,-0.041215197,536018.0120999999,181188.00420000032,374
Folklore Hoxton,186 Hackney Road,,,Tower Hamlets,https://www.folklorehoxton.com/,6005502,E09000030,Weavers,E05009335,51.530654,-0.072315085,533809.1606999999,183065.73819999956,374
National Ballet,Mulryan Centre for Dance,"41 Hopewell Square, Leamouth Peninsul",,Tower Hamlets,www.ballet.org.uk,6721048,E09000030,Blackwall & Cubitt Town,E05009318,51.512769,0.006426868,539325.1090000002,181223.78360000066,374
English National Ballet ,City Island,,,Tower Hamlets,https://www.ballet.org.uk/venue-hire/,6721048,E09000030,Blackwall & Cubitt Town,E05009318,51.51193048,0.005091487,539235.0092000002,181128.0025999993,374
Hatstand Circus Rehearsal Space,98 Milligan Street,,,Tower Hamlets,http://www.towerhamletsarts.org.uk/?cat=29&cid=29241&guide=Organisations,6042557,E09000030,Limehouse,E05009326,51.50890064,-0.027293526,536997.0114000002,180729.9997000005,374
Cable Street Dance Studios,566 Cable Street,,,Tower Hamlets,http://cablestdance.com,6717530,E09000030,Shadwell,E05009332,51.51136698,-0.042996736,535900.0120000001,180975.0047999993,374
Club Baltimore Gym,35 Harbour Exchange Square,,,Tower Hamlets,https://hirespace.com/Spaces/London/139397/Club-Baltimore/Yoga-Studio/Other,,E09000030,Blackwall & Cubitt Town,E05009318,51.49685588,-0.015913616,537823.0093,179412.00549999997,374
Cardboard Citizens,77A Greenfield Road,,,Tower Hamlets,https://www.cardboardcitizens.org.uk/hire-our-space,6011593,E09000030,Whitechapel,E05009336,51.51639219,-0.065655375,534313.0120999999,181492.0036999993,374
Haileybury Centre,Ben Jonson Road ,,,Tower Hamlets,https://www.tagvenue.com/rooms/london/5518/haileybury-centre/dance-studio,6702177,E09000030,St Dunstan's,E05009329,51.51759962,-0.042498799,535916.0121999998,181669.0033999998,374
Rich Mix,35-47 Bethnal Green Road,,,Tower Hamlets,https://www.richmix.org.uk,6150258,E09000030,Weavers,E05009335,51.52435934,-0.073275203,533761.0115999999,182364.00290000066,374
Poplar Union,2 Cotall St,,,Tower Hamlets,https://poplarunion.com,6194894,E09000030,Lansbury,E05009325,51.51559973,-0.02298261,537276.0118000004,181483.0011,374
Wilton's Music Hall,1 Graces Alley,,,Tower Hamlets,http://www.wiltons.org.uk,6006845,E09000030,Whitechapel,E05009336,51.51061305,-0.066937948,534241.0120000001,180847.00310000032,374
The Space,269 West Ferry Road,,,Tower Hamlets,http://www.space.org.uk,6060149,E09000030,Island Gardens,E05009324,51.49216667,-0.024198973,537262.0114000002,178874.99990000017,374
Chisenhale Dance Space,64-84 Chisenhale Road,,London,Tower Hamlets,http://www.chisenhaledancespace.co.uk,6719953,E09000030,Bow West,E05009320,51.53308803,-0.039708154,536063.4515000004,183396.53419999965,374
Oxford House Theatre,87 Derbyshire Street,,,Tower Hamlets,http://www.oxfordhouse.org.uk,6089004,E09000030,St Peter's,E05009331,51.52636805,-0.061484047,534573.0115,182609.00390000083,374
Artsadmin,28 Commercial Street,,,Tower Hamlets,http://www.toynbeehall.org.uk,6722403,E09000030,Spitalfields & Banglatown,E05009333,51.51668037,-0.072230154,533856.0120000001,181512.0025999993,374
Half Moon Young People's Theatre,43 White Horse Road,,,Tower Hamlets,http://www.halfmoon.org.uk,6044554,E09000030,St Dunstan's,E05009329,51.51325269,-0.041215197,536018.0120999999,181188.00420000032,374
ONYX Dance Studio,2 Hague Street London,London,,Tower Hamlets,N/A,6020717,E09000030,St Peter's,E05009331,51.52635163,-0.063311957,534446.2684000004,182603.81560000032,374
National Ballet,Mulryan Centre for Dance,"41 Hopewell Square, Leamouth Peninsul",,Tower Hamlets,www.ballet.org.uk,6721048,E09000030,Blackwall & Cubitt Town,E05009318,51.512769,0.006426868,539325.1090000002,181223.78360000066,374
Vatican Dance and Recording Studio,Railway Arch 190,Bancroft Road,,Tower Hamlets,https://www.thevatican.biz/dance-studio,6036377 ,E09000030,Bethnal Green,E05009317,51.525871,-0.047894289,535517.1309000002,182578.80760000087,374
Pirate Studios - Hackney ,13 Rothbury Road,,,Tower Hamlets,https://pirate.com/en/locations/london-hackney/, 6722124,E09000030,Bow East,E05009319,51.54218,-0.026689225,536939.0958000002,184431.8234000001,374
MAES London,202 Riverbank Business Park,1 Dye House Lane,455 Wick Lane,Tower Hamlets,http://www.maeslondon.com/,6713918,E09000030,Bow East,E05009319,51.53480002,-0.020362404,537400.0120000001,183623.00329999998,374
Apollo Star,Unit 24 Whitechapel Technology Centre,65 Whitechapel Road,,Tower Hamlets,http://www.fashionsampleproduction.co.uk/,6011340,E09000030,Spitalfields & Banglatown,E05009333,51.51716542,-0.067827893,534160.0120999999,181574.00320000015,374
The Whitechapel Workhouse,2nd Floor,132 Whitechapel Road ,,Tower Hamlets,http://www.thewhitechapelworkhouse.com/,6011677,E09000030,Whitechapel,E05009336,51.51805272,-0.063293591,534471.9819999998,181680.99379999936,374
Richmond Wear,10-12 Ratcliffe Cross Street (2nd floor),,,Tower Hamlets,http://www.richmondwear.co.uk/,6027696,E09000030,Shadwell,E05009332,51.51268258,-0.043156502,535885.0120999999,181121.0041000005,374
CMT London,Unit 10,100 The Highway,,Tower Hamlets,http://www.cutmaketrimlondon.co.uk/,6010968,E09000030,St Katharine's & Wapping,E05009330,51.50914069,-0.061639357,534613.0118000004,180693.00379999913,374
Ince Umbrellas,63 Vyner Street,,,Tower Hamlets,http://www.jamesince.co.uk/,6041714,E09000030,St Peter's,E05009331,51.53498966,-0.054297217,535046.0092000002,183581.00980000012,374
Wearwell London,Unit 8,1-11 Assembly Passage,,Tower Hamlets,http://wear-well.co.uk/,6187558,E09000030,Stepney Green,E05009334,51.5203824,-0.05115421,535307.2726999996,181962.42909999937,374
Classic Cuts,Unit 2B,17 Plumbers Row,,Tower Hamlets,http://theretailplace.co.uk/shopping/23910/classic-cuts,6356102,E09000030,Whitechapel,E05009336,51.51629256,-0.066135818,534279.9720000001,181480.04309999943,374
Heba Womens Project,164 Brick Lane,,,Tower Hamlets,http://www.heba.org.uk,6002791,E09000030,Spitalfields & Banglatown,E05009333,51.52228837,-0.071474253,533892.0118000004,182137.00249999948,374
Cross Spot Studio,Unit 302 E1 Studios,7 Whitechapel Road,,Tower Hamlets,http://www.crossspotstudio.london/,6012752,E09000030,Spitalfields & Banglatown,E05009333,51.51637448,-0.069490104,534047.0120999999,181483.00359999947,374
ApparelTasker,Studio 12,5 Empson Street,,Tower Hamlets,http://appareltasker.com/,6196449,E09000030,Bromley South,E05009322,51.52215167,-0.01142769,538057.8877999997,182233.2820999995,374
Needle N Thread Studio,138 Cambridge Heath Road,,,Tower Hamlets,https://www.fashionrider.com/supplier/needle-n-thread-studio-ltd/,6135042,E09000030,Bethnal Green,E05009317,51.52412348,-0.054645362,535054.0115,182372.00740000047,374
The Truman Brewery,"91 Brick Ln, London E1 6QR",,,Tower Hamlets,https://www.trumanbrewery.com,See notes,E09000030,Spitalfields & Banglatown,E05009333,51.52084,-0.07209,533853.5427000001,181974.81519999914,374
Cock & Bull Menswear,"Fashion Antidote, Unit F, 23 Heneage Street",,,Tower Hamlets,https://www.cockandbullmenswear.co.uk,6187566,E09000030,Spitalfields & Banglatown,E05009333,51.519302,-0.070430589,533973.1730000004,181806.82489999942,374
Fabrika,"Studio 12, 5 Empson street E3 3LT",,,Tower Hamlets,http://fabrika.london/,6196449,E09000030,Bromley South,E05009322,51.522148,-0.011468108,538055.0950999996,182232.79780000076,374
Cross Spot Studio,"Unit 3, Containerville, 1 Emma St, London E2 9FP",,,Tower Hamlets,http://www.crossspotstudio.london/,6727360,E09000030,St Peter's,E05009331,51.532524,-0.059706637,534678.1353000002,183296.8412999995,374
Craft Central,397-411 Westferry Road London E14 3AE,,,Tower Hamlets,www.craftcentral.org.uk,6653025,E09000030,Island Gardens,E05009324,51.48879,-0.01918591,537620.1694999998,178508.9308000002,374
Poplar Works,"Poplar Works, 384 Abbott Road, London, E14 0UX",,,Tower Hamlets,https://poplarworks.co.uk,6723760,E09000030,Lansbury,E05009325,51.51678,-0.008876882,538251.1031999998,181640.77199999988,374
Philippe Pfeiffer Jewellery Limited,52 Artillery Lane,,,Tower Hamlets,https://www.philippepfeiffer.com/,6196254,E09000030,Spitalfields & Banglatown,E05009333,51.51759683,-0.075455435,533629.5630999999,181608.01860000007,374
London Jewellery Workshop,"Unit 18, Sunbury Workshops, Swansfield Street, Lon",,,Tower Hamlets,https://londonjewelleryworkshop.co.uk/,6005198,E09000030,Weavers,E05009335,51.526855,-0.074205557,533689.1672999999,182639.82330000028,374
Forge / Craft Central,"397-411 Westferry Road, London, E14 3AE",,,Tower Hamlets,https://www.craftcentral.org.uk,6653025,E09000030,Island Gardens,E05009324,51.48879,-0.01918591,537620.1694999998,178508.9308000002,374
Freeform Jewellery,"44 Wentworth St, London E1 7TF",,,Tower Hamlets,https://freeformjewellery.com/,6120305,E09000030,Spitalfields & Banglatown,E05009333,51.516745,-0.074632017,533689.1836000001,181514.79820000008,374
Hone,"16 Pixley St, London E14 7DF, UK",,,Tower Hamlets,https://hone.london/jewellery/,6722960,E09000030,Mile End,E05009327,51.514779,-0.029358194,536836.1288000001,181379.80959999934,374
Craft Central,397-411 Westferry Road,,,Tower Hamlets,https://www.craftcentral.org.uk,6653025,E09000030,Island Gardens,E05009324,51.48879,-0.01918591,537620.1694999998,178508.9308000002,374
The White Swan,556 Commercial Road,,E14 7JD,Tower Hamlets,,6047411,E09000030,Shadwell,E05009332,51.5126047,-0.040203411,536090.1451000003,181117.82679999992,374
The Backstreet,Wentworth Mews,Burdett Road,E3,Tower Hamlets,http://www.thebackstreet.com/,,E09000030,Mile End,E05009327,51.524506,-0.034202,536470.9796000002,182452.43050000072,374
Queen Adelaide of Cambridge Heath ,483 Hackney Road,Bethnal Green,E2 9ED,Tower Hamlets,https://www.thequeenadelaide.com,6352542,E09000030,St Peter's,E05009331,51.53256251,-0.058782222,534742.1343,183302.82699999958,374
Cubitt Town library,,,,Tower Hamlets,,6081796,E09000030,Blackwall & Cubitt Town,E05009318,51.49546216,-0.010181399,538225.0983999996,179267.83239999972,374
Idea Store Canary Wharf,,,,Tower Hamlets,,6145802,E09000030,Blackwall & Cubitt Town,E05009318,51.50390566,-0.013173491,537991.9046999998,180201.08970000036,374
Idea Store Chrisp Street,,,,Tower Hamlets,,6173963,E09000030,Poplar,E05009328,51.51105004,-0.012858142,537992.2017999999,180996.1118999999,374
Idea Store Watney Market,,,,Tower Hamlets,,6196250,E09000030,Shadwell,E05009332,51.51382558,-0.055650795,535014.7128999997,181224.99960000068,374
Idea Store Whitechapel,,,,Tower Hamlets,,6000711,E09000030,Whitechapel,E05009336,51.51927063,-0.056427971,534944.699,181829.06519999914,374
Local History Library,,,,Tower Hamlets,,6033654,E09000030,Bethnal Green,E05009317,51.52330884,-0.040757515,536019.8086999999,182307.11360000074,374
Bethnal Green library,,,,Tower Hamlets,,6036905,E09000030,Bethnal Green,E05009317,51.52592691,-0.052150698,535221.7186000003,182577.1598000005,374
Idea Store Bow,,,,Tower Hamlets,,6053810,E09000030,Bow East,E05009319,51.53204897,-0.028312673,536856.8925000001,183302.20849999972,374
Craft Central,The Forge,397-411 Westferry Road,,Tower Hamlets,www.craftcentral.org.uk,6653025,E09000030,Island Gardens,E05009324,51.48879392,-0.019150991,537622.5818999996,178509.43229999952,374
Fabpub,1-2 Gossamer Gardens,,,Tower Hamlets,https://fab.pub/about/,6716682,E09000030,St Peter's,E05009331,51.5327554,-0.05838648,534769.0114000002,183325.00659999996,374
Lime Wharf,Lime Wharf,Lime Wharf,Vinter Street,Tower Hamlets,limewharf.org/,6021881,E09000030,St Peter's,E05009331,51.53470733,-0.056152615,534918.1698000003,183546.18889999948,374
London Centre For Book Arts,London Centre For Book Arts,"Unit 18, Ground Floor Britannia Works",Dace Road,Tower Hamlets,http://londonbookarts.tumblr.com/,6180045,E09000030,Bow East,E05009319,51.53778211,-0.022754214,537225.1719000004,183950.1336000003,374
No.w.here,No.w.here,316-318 Bethnal Green Rd,,Tower Hamlets,http://www.no-w-here.org.uk/,6018579,E09000030,St Peter's,E05009331,51.52635401,-0.063979877,534399.9315999998,182602.85239999928,374
Swan Wharf Workshop,Swan Wharf Workshop,60 Dace Road,Hackney,Tower Hamlets,www.swanwharf.org/,6151658,E09000030,Bow East,E05009319,51.53773476,-0.021614621,537304.3420000002,183947.00249999948,374
The Carpentry Club,The Carpentry Club,Oxford House,Derbyshire Street,Tower Hamlets,https://www.oxfordhouse.org.uk/the-carpentry-club-at-oxford-house/,6089004,E09000030,St Peter's,E05009331,51.52636805,-0.061484047,534573.0115,182609.00390000083,374
FabPub,22 Gossamer Gardens,,,Tower Hamlets,https://fab.pub/, 6716703,E09000030,St Peter's,E05009331,51.532807,-0.058915983,534732.1355999997,183329.76889999956,374
Oxford House,87 Derbyshire Street,,,Tower Hamlets,https://www.oxfordhouse.org.uk/,6089004,E09000030,St Peter's,E05009331,51.526367,-0.061510951,534571.1484000003,182608.83770000003,374
Limehouse Labs ,Limehouse Town Hall,646 Commercial Road,London,Tower Hamlets,https://www.limehouselabs.org/,10091898716,E09000030,Limehouse,E05009326,51.512107,-0.031433524,536700.1360999998,181078.81039999984,374
AB Fine Art Foundry,1 Fawe Street,,,Tower Hamlets,https://www.abfineart.com,6068859,E09000030,Lansbury,E05009325,51.51712858,-0.013976255,537896.2609999999,181669.91970000044,374
Capital Models Limited,"Studio 8, The Hangar","Perseverance Works,",38 Kingsland Road,Tower Hamlets,https://www.capitalmodels.co.uk,10008244014,E09000030,Weavers,E05009335,51.5276102,-0.076215457,533547.5442000004,182720.13159999996,374
James Hoyle and Son,48-50 Andrews Road,Cambridge Heath,,Tower Hamlets,http://www.jameshoyleandson.co.uk,10008299117,E09000030,St Peter's,E05009331,51.53382424,-0.056543454,534893.6744999997,183447.2645999994,374
FabPub,22 Gossamer Gardens,,,Tower Hamlets,https://fab.pub/,6716703,E09000030,St Peter's,E05009331,51.532807,-0.058915983,534732.1355999997,183329.76889999956,374
V&A Museum of Childhood,Cambridge Heath Road,NA,NA,Tower Hamlets,http://www.museumofchildhood.org.uk/,6039165,E09000030,Bethnal Green,E05009317,51.52854504,-0.053293375,535134.7051999997,182866.19769999944,374
Ragged School Museum,46-50 Copperfield Road,NA,NA,Tower Hamlets,http://www.raggedschoolmuseum.org.uk/,6048400,E09000030,Mile End,E05009327,51.51815155,-0.03407382,536498.8679999998,181746.04059999995,374
The Tower of London,St Katharine's & Wapping,London,NA,Tower Hamlets,www.â€‹hrp.â€‹org.â€‹uk/â€‹TowerOfLondon/â€‹,6086565,E09000030,St Katharine's & Wapping,E05009330,51.50776272,-0.074659304,533713.5822000001,180515.90770000033,374
"Royal Armouries, Tower of London",HM Tower Of London,St Katharine's & Wapping,NA,Tower Hamlets,https://royalarmouries.org/visit-us/tower-of-london,6086565,E09000030,St Katharine's & Wapping,E05009330,51.50776272,-0.074659304,533713.5822000001,180515.90770000033,374
The Fusilier Museum London,HM Tower of London,35 Tower Hill,St Katharine's & W,Tower Hamlets,www.â€‹fusiliermuseumlondon.â€‹org,6086845,E09000030,St Katharine's & Wapping,E05009330,51.50788027,-0.073602252,533786.5895999996,180530.91139999963,374
Royal London Hospital Archives and Museum,Church of St Augustine with St Philip,Newark Street,NA,Tower Hamlets,NA,6118397,E09000030,Whitechapel,E05009336,51.5167479,-0.05887063,534782.6848999998,181544.03199999966,374
Museum of the Royal Pharmaceutical Society,66-68 E Smithfield,NA,,Tower Hamlets,www.â€‹rpsgb.â€‹org/â€‹museum,6136082,E09000030,St Katharine's & Wapping,E05009330,51.50856685,-0.066684113,534264.6392000001,180619.92840000056,374
Museum of London Docklands,No. 1 Warehouse,West India Quay,NA,Tower Hamlets,http://www.museumoflondon.org.uk/docklands,6151122,E09000030,Canary Wharf,E05009323,51.5071062,-0.022241432,537352.9774000002,180539.92559999973,374
Trades Union Congress (TUC) Library Collections,Special Collections  London Metropolitan Universit,Wash Houses,Old Castle Street,Tower Hamlets,http://www.londonmet.ac.uk/tuc,6151239,E09000030,Spitalfields & Banglatown,E05009333,51.51526246,-0.072411463,533847.5883999998,181353.99760000035,374
Whitechapel Gallery,77-82 Whitechapel High Street,London,E17QX,Tower Hamlets,https://www.whitechapelgallery.org/,6011122,E09000030,Spitalfields & Banglatown,E05009333,51.516172,-0.07038992,533985.1772999996,181458.8395000007,374
Vagina Museum,18 Victoria Park Square,Chalk Farm Road,E2 9PF,Tower Hamlets,https://www.vaginamuseum.co.uk/,See notes,E09000030,Bethnal Green,E05009317,51.52876,-0.05318,535141.9325000001,182890.31130000018,374
Nunnery Gallery,181 Bow Rd,Bow,E3 2SJ,Tower Hamlets,https://bowarts.org/nunnery,6128627,E09000030,Bow East,E05009319,51.52892,-0.017877042,537590.0932999998,182973.8021000009,374
Chisenhale Gallery,64 Chisenhale Road,London,E3 2QZ,Tower Hamlets,https://chisenhale.org.uk/,6146768,E09000030,Bow West,E05009320,51.533143,-0.039595359,536071.1105000004,183402.85639999993,374
Auto Italia,44 Bonner Road,London,E2 9JS,Tower Hamlets,https://autoitaliasoutheast.org/,6169839,E09000030,St Peter's,E05009331,51.532367,-0.052446491,535182.1271000002,183292.77580000088,374
New Contemporaries,Rich Mix,35-47 Bethnal Green Road,E1 6LA,Tower Hamlets,https://www.newcontemporaries.org.uk/,6150258,E09000030,Weavers,E05009335,51.524358,-0.073301807,533759.1700999998,182363.80519999936,374
Oxford House in Bethnal Green,"Derbyshire Street, London E2 6HG",,,Tower Hamlets,https://www.oxfordhouse.org.uk,6089004,E09000030,St Peter's,E05009331,51.526367,-0.061510951,534571.1484000003,182608.83770000003,374
Four Corners Gallery,121 Roman Road,,,Tower Hamlets,http://www.fourcornersfilm.co.uk/gallery#,6039056,E09000030,Bethnal Green,E05009317,51.52881,-0.04888,535440.0356999999,182903.81240000017,374
Chisenhale Gallery,64 Chisenhale Road,,,Tower Hamlets,http://www.chisenhale.org.uk/#,6146768,E09000030,Bow West,E05009320,51.533143,-0.039595359,536071.1105000004,183402.85639999993,374
Jamboree,"27 Three Colt Street, Limehouse, E14 8HH, United K",,6 St Chads Place,Tower Hamlets,www.jamboreevenue.co.uk,10091774214,E09000030,Limehouse,E05009326,51.511317,-0.029717,536821.6054999996,180994.1673000008,374
Mother Studios,Queens Yard; White Post Lane; Hackney Wick; London,,,Tower Hamlets,,6077456,E09000030,Bow East,E05009319,51.542956,-0.023137,537183.0768999998,184524.75909999944,374
London Stadium,"Queen Elizabeth Olympic Park, London, E20 2ST",,Queen Elizabeth Ol,Tower Hamlets,www.london-stadium.com,10014035637,E09000030,Bow East,E05009319,51.543296,-0.016552,537638.6514999997,184574.9143000003,374
Rich Mix,35-47 Bethnal Green Road; Bethnal Green; London E1,Tower Hamlets,35-47 Bethnal Gree,Tower Hamlets,www.richmix.org.uk,6150258,E09000030,Weavers,E05009335,51.524231,-0.073812,533724.1513,182348.75,374
Oval Space,29-32 The Oval; Bethnal Green; London  E2 9DT; Uni,Tower Hamlets,29-32 The Oval,Tower Hamlets,www.ovalspace.co.uk/about/the-venues/oval-space,6155537,E09000030,St Peter's,E05009331,51.533155,-0.059262,534707.1107000001,183367.83049999923,374
Folklore,"186 Hackney Rd, London, E2 7QL",Tower Hamlets,186 Hackney Road,Tower Hamlets,https://www.folklorehoxton.com,6005502,E09000030,Weavers,E05009335,51.530509,-0.072768,533778.1725000003,183048.78500000015,374
Redon,"Arch 289, Cambridge Heath Road, London, E2 9HA, UK",,,Tower Hamlets,,,E09000030,St Peter's,E05009331,51.532114,-0.05723,534851.1135,183255.8125,374
93 Feet East,"The Old Truman Brewery, 150 Brick Lane; Shoreditch",London,150 Brick Ln Shore,Tower Hamlets,www.93feeteast.co.uk,6717071,E09000030,Spitalfields & Banglatown,E05009333,51.521706,-0.072289,533837.1993000004,182070.7514999993,374
Sebright Arms,34 Coate Street; Bethnal Green; London E2 9AG; Uni,Tower Hamlets,31-35 Coate Street,Tower Hamlets,www.sebrightarms.co.uk,6021840,E09000030,St Peter's,E05009331,51.532091,-0.063057,534447.0469000004,183242.52339999937,374
George Tavern (The),373 Commercial Road,,,Tower Hamlets,http://thegeorgetavern.co.uk/,6027924,E09000030,Shadwell,E05009332,51.51382528,-0.051297722,535316.7454000004,181233.00100000016,374
Beehive (The),104 Empson Street,,,Tower Hamlets,N/A,6072864,E09000030,Bromley South,E05009322,51.52111713,-0.012061756,538017.0290000001,182117.0457000006,374
Cafe 1001,"1 Dray Walk, Shadwell",,,Tower Hamlets,,10091893758,E09000030,Spitalfields & Banglatown,E05009333,51.52102688,-0.070740798,533946.5924000004,181998.06570000015,374
Boisdale Of Canary Wharf,"Cabbot Place, London E14 4QT",,,Tower Hamlets,www.boisdale.co.uk/canary-wharf/the-venue,10091775667,E09000030,Canary Wharf,E05009323,51.505357,-0.022244,537358.0592,180345.41359999962,374
Star Of Bethnal Green,359 Bethnal Green Road; Bethnal Green; London E2 6,Tower Hamlets,359 Bethnal Green ,Tower Hamlets,www.starofbethnalgreen.co.uk/,6169765,E09000030,St Peter's,E05009331,51.5267,-0.06242,534507.1118000001,182644.19549999945,374
The Yard Theatre,Unit 2a Queens Yard,White Post Lane,Unit 2a Queens Yar,Tower Hamlets,www.theyardtheatre.co.uk,6077552,E09000030,Bow East,E05009319,51.54212896,-0.021790332,537278.9414999997,184435.31299999915,374
The Big Chill Bar,The Old Truman Brewery,"14 Dray Walk, Shadwell",,Tower Hamlets,,6151992,E09000030,Spitalfields & Banglatown,E05009333,51.52037718,-0.070609682,533957.5942000002,181926.05829999968,374
Troxy,"490 Commercial Road, London E1 0HX",Tower Hamlets,490 Commercial Roa,Tower Hamlets,www.troxy.co.uk,6027797,E09000030,Shadwell,E05009332,51.513147,-0.04332,535872.2861000001,181172.3445999995,374
Tobacco Dock,50 Porters Walk; London; E1W 2SF,Tower Hamlets,50 Porters Walk,Tower Hamlets,www.tobaccodocklondon.com,6009847,E09000030,St Katharine's & Wapping,E05009330,51.508324,-0.05846,534836.0400999999,180608.0371000003,374
Big Chill Bar,91 Brick Lane; Shoreditch; London E1 6QL; United K,Brick Ln,Tower Hamlets ,Tower Hamlets,www.wearebigchill.com,6151992,E09000030,Spitalfields & Banglatown,E05009333,51.52036,-0.073192,533778.5000999998,181919.42300000042,374
Stour Space,7 Roach Road; Stratford; London E3 2PA; United Kin,Tower Hamlets,7 Roach Road,Tower Hamlets,www.stourspace.co.uk,10091906334,E09000030,Bow East,E05009319,51.540185,-0.021019,537338.2750000004,184220.58770000003,374
The Warehouse,"33 Commercial Road, London.  E1 1LD",,,Tower Hamlets,http://www.lfo.co.uk,100000000000,E09000030,Whitechapel,E05009336,51.514973,-0.067938,534158.8132999996,181330.0014999993,374
Suito Loft,"90 Brick Lane, London, E16RL",,,Tower Hamlets,,,E09000030,Spitalfields & Banglatown,E05009333,51.519424,-0.071652,533888.0796999997,181818.15560000017,374
Warehouse 11,11 Hessel Street; Shadwell; London E1 2LR; United ,,,Tower Hamlets,,,E09000030,Whitechapel,E05009336,51.514213,-0.062251,534555.6264000004,181255.92760000005,374
Scream Bar,141 Bethnal Green Road; Bethnal Green; London E2 7,,,Tower Hamlets,,6003790,E09000030,Weavers,E05009335,51.525321,-0.071185,533903.1831999999,182474.76449999958,374
Mick's Garage,"Queens Yard, London, E9 5EN",White Post Lane,Unit 8a Queens Yar,Tower Hamlets,www.cratebrewery.com,6077550,E09000030,Bow East,E05009319,51.542863,-0.022863,537202.3554999996,184514.9302999992,374
Hub Club,2 Goulston St; Hoxton; London E1 7TP; United Kingd,,,Tower Hamlets,,,E09000030,Spitalfields & Banglatown,E05009333,51.514915,-0.073538,533770.4455000004,181313.2993999999,374
Shutter Studios,Unit 6 Hamlet Industrial State; White Post Lane; H,,,Tower Hamlets,,,E09000030,Bow East,E05009319,51.542956,-0.023137,537183.0768999998,184524.75909999944,374
Lucky Me Warehouse,"The Glass Factory, Queens Yard, Hackney Wick, E9 5",,,Tower Hamlets,,,E09000030,Bow East,E05009319,51.542956,-0.023137,537183.0768999998,184524.75909999944,374
Pickle Factory,13-14 The Oval,,13-14 The Oval,Tower Hamlets,www.ovalspace.co.uk,,E09000030,St Peter's,E05009331,51.53209767,-0.057704794,534818.2320999997,183253.12099999934,374
Space 289 (Formerly Redon),289 Cambridge Heath Rd,,,Tower Hamlets,https://www.space289.com/,,E09000030,St Peter's,E05009331,51.532114,-0.05723,534851.1135,183255.8125,374
Colour Factory,"8 Queen's Yard, Hackney Wick, London E9 5EN",Hackney Wick,,Tower Hamlets,https://www.colourfactory.com,,E09000030,Bow East,E05009319,51.543183,-0.022664,537215.1920999996,184550.88719999976,374
Vout-O-Reenee's,"The Crypt, 30 Prescot St, London E1 8BB, United Ki",,,Tower Hamlets,www.vout-o-reenees.com,6086724,E09000030,Whitechapel,E05009336,51.51139,-0.071967,533889.7768999999,180924.1886,374
E1,"110 Pennington Street, Wapping, London E1W 2BB",,110 Pennington Str,Tower Hamlets,https://e1ldn.co/our-story,,E09000030,St Katharine's & Wapping,E05009330,51.509058,-0.061664,534611.5455,180683.76319999993,374
East Wintergarden,"43 Bank Street, Canary Wharf, London E14 5NX, Unit",,,Tower Hamlets,www.canarywharf.com/east-wintergarden,,E09000030,Canary Wharf,E05009323,51.502596,-0.017539,537692.8919000002,180047.2382999994,374
The Dutch Master,"Tower Millennium Pier, Lower Thames St, London EC3",,,Tower Hamlets,http://www.dutchmasters.org.uk,,E09000030,St Katharine's & Wapping,E05009330,51.507326,-0.078889,533421.3474000003,180459.62370000035,374
The Greenwich Pensioner,"28 Bazely St, Poplar, London E14 0ES",,,Tower Hamlets,,6153306,E09000030,Poplar,E05009328,51.509711,-0.010815,538138.0213000001,180851.06829999946,374
Bistrotheque,23-27 Wadeson St,,,Tower Hamlets,,,E09000030,St Peter's,E05009331,51.53427576,-0.055966933,534932.3229999999,183498.53920000046,374
Engine Rooms (The),Unit 30 Bow Triangle Business Centre,,,Tower Hamlets,https://www.engineroomsstudios.com,,E09000030,Bromley North,E05009321,51.524190019,-0.023140004,537239.2691000002,182437.9514000006,374
Club 33 Limited,9 Wadeson Stree,,,Tower Hamlets,,,E09000030,Bethnal Green,E05009317,51.530925,-0.051609783,535244.4297000002,183133.9645000007,374
The Aviary Cave Bar,164 Basin Approach,,,Tower Hamlets,,,E09000030,Limehouse,E05009326,51.510820003,-0.033809999,536539.0893999999,180931.26479999907,374
Boat Live ,66 - 78 White Post Ln,,,Tower Hamlets,,,E09000030,Bow East,E05009319,51.542979982,-0.023149978,537182.1050000004,184527.40159999952,374
Jamboree,"27 Three Colt Street, Limehouse, E14 8HH, United K",,6 St Chads Place,Tower Hamlets,www.jamboreevenue.co.uk,10091774214,E09000030,Limehouse,E05009326,51.511317,-0.029717,536821.6054999996,180994.1673000008,374
Oval Space,29-32 The Oval; Bethnal Green; London  E2 9DT; Uni,Tower Hamlets,29-32 The Oval,Tower Hamlets,www.ovalspace.co.uk/about/the-venues/oval-space,6155537,E09000030,St Peter's,E05009331,51.533155,-0.059262,534707.1107000001,183367.83049999923,374
Folklore,"186 Hackney Rd, London, E2 7QL",Tower Hamlets,186 Hackney Road,Tower Hamlets,https://www.folklorehoxton.com,6005502,E09000030,Weavers,E05009335,51.530509,-0.072768,533778.1725000003,183048.78500000015,374
Redon,"Arch 289, Cambridge Heath Road, London, E2 9HA, UK",,,Tower Hamlets,,,E09000030,St Peter's,E05009331,51.532114,-0.05723,534851.1135,183255.8125,374
93 Feet East,"The Old Truman Brewery, 150 Brick Lane; Shoreditch",London,150 Brick Ln Shore,Tower Hamlets,www.93feeteast.co.uk,,E09000030,Spitalfields & Banglatown,E05009333,51.521706,-0.072289,533837.1993000004,182070.7514999993,374
Sebright Arms,34 Coate Street; Bethnal Green; London E2 9AG; Uni,Tower Hamlets,31-35 Coate Street,Tower Hamlets,www.sebrightarms.co.uk,6021840,E09000030,St Peter's,E05009331,51.532091,-0.063057,534447.0469000004,183242.52339999937,374
George Tavern (The),373 Commercial Road,,,Tower Hamlets,http://thegeorgetavern.co.uk/,6027924,E09000030,Shadwell,E05009332,51.51382528,-0.051297722,535316.7454000004,181233.00100000016,374
Beehive (The),104 Empson Street,,,Tower Hamlets,N/A,6072864,E09000030,Bromley South,E05009322,51.52111713,-0.012061756,538017.0290000001,182117.0457000006,374
Big Chill Bar,91 Brick Lane; Shoreditch; London E1 6QL; United K,Brick Ln,Tower Hamlets ,Tower Hamlets,www.wearebigchill.com,6151992,E09000030,Spitalfields & Banglatown,E05009333,51.52036,-0.073192,533778.5000999998,181919.42300000042,374
Stour Space,7 Roach Road; Stratford; London E3 2PA; United Kin,Tower Hamlets,7 Roach Road,Tower Hamlets,www.stourspace.co.uk,,E09000030,Bow East,E05009319,51.540185,-0.021019,537338.2750000004,184220.58770000003,374
The Warehouse,"33 Commercial Road, London.  E1 1LD",,,Tower Hamlets,http://www.lfo.co.uk,100000000000,E09000030,Whitechapel,E05009336,51.514973,-0.067938,534158.8132999996,181330.0014999993,374
Pickle Factory,13-14 The Oval,,13-14 The Oval,Tower Hamlets,www.ovalspace.co.uk,0,E09000030,St Peter's,E05009331,51.53209767,-0.057704794,534818.2320999997,183253.12099999934,374
Space 289 (Formerly Redon),289 Cambridge Heath Rd,,,Tower Hamlets,https://www.space289.com/,,E09000030,St Peter's,E05009331,51.532114,-0.05723,534851.1135,183255.8125,374
Engine Rooms (The),Unit 30 Bow Triangle Business Centre,,,Tower Hamlets,https://www.engineroomsstudios.com,,E09000030,Bromley North,E05009321,51.524190019,-0.023140004,537239.2691000002,182437.9514000006,374
Mother Studios,Queens Yard; White Post Lane; Hackney Wick; London,,,Tower Hamlets,,6077456,E09000030,Bow East,E05009319,51.542956,-0.023137,537183.0768999998,184524.75909999944,374
Star Of Bethnal Green,359 Bethnal Green Road; Bethnal Green; London E2 6,Tower Hamlets,359 Bethnal Green ,Tower Hamlets,www.starofbethnalgreen.co.uk/,,E09000030,St Peter's,E05009331,51.5267,-0.06242,534507.1118000001,182644.19549999945,374
The Yard Theatre,Unit 2a Queens Yard,White Post Lane,Unit 2a Queens Yar,Tower Hamlets,www.theyardtheatre.co.uk,6077552,E09000030,Bow East,E05009319,51.54212896,-0.021790332,537278.9414999997,184435.31299999915,374
Warehouse 11,11 Hessel Street; Shadwell; London E1 2LR; United ,,,Tower Hamlets,,,E09000030,Whitechapel,E05009336,51.514213,-0.062251,534555.6264000004,181255.92760000005,374
Scream Bar,141 Bethnal Green Road; Bethnal Green; London E2 7,,,Tower Hamlets,,6003790,E09000030,Weavers,E05009335,51.525321,-0.071185,533903.1831999999,182474.76449999958,374
Colour Factory,"8 Queen's Yard, Hackney Wick, London E9 5EN",Hackney Wick,,Tower Hamlets,https://www.colourfactory.com,,E09000030,Bow East,E05009319,51.543183,-0.022664,537215.1920999996,184550.88719999976,374
Vout-O-Reenee's,"The Crypt, 30 Prescot St, London E1 8BB, United Ki",,,Tower Hamlets,www.vout-o-reenees.com,6086724,E09000030,Whitechapel,E05009336,51.51139,-0.071967,533889.7768999999,180924.1886,374
E1,"110 Pennington Street, Wapping, London E1W 2BB",,110 Pennington Str,Tower Hamlets,https://e1ldn.co/our-story,,E09000030,St Katharine's & Wapping,E05009330,51.509058,-0.061664,534611.5455,180683.76319999993,374
Redon,"Arch 289, Cambridge Heath Road, London, E2 9HA, UK",,,Tower Hamlets,,,E09000030,St Peter's,E05009331,51.532114,-0.05723,534851.1135,183255.8125,374
93 Feet East,"The Old Truman Brewery, 150 Brick Lane; Shoreditch",London,150 Brick Ln Shore,Tower Hamlets,www.93feeteast.co.uk,,E09000030,Spitalfields & Banglatown,E05009333,51.521706,-0.072289,533837.1993000004,182070.7514999993,374
Sebright Arms,34 Coate Street; Bethnal Green; London E2 9AG; Uni,Tower Hamlets,31-35 Coate Street,Tower Hamlets,www.sebrightarms.co.uk,6021840,E09000030,St Peter's,E05009331,51.532091,-0.063057,534447.0469000004,183242.52339999937,374
Troxy,"490 Commercial Road, London E1 0HX",Tower Hamlets,490 Commercial Roa,Tower Hamlets,www.troxy.co.uk,6027797,E09000030,Shadwell,E05009332,51.513147,-0.04332,535872.2861000001,181172.3445999995,374
The Aviary Cave Bar,164 Basin Approach,,,Tower Hamlets,,,E09000030,Limehouse,E05009326,51.510820003,-0.033809999,536539.0893999999,180931.26479999907,374
The Big Chill Bar,The Old Truman Brewery,"14 Dray Walk, Shadwell",,Tower Hamlets,,,E09000030,Spitalfields & Banglatown,E05009333,51.521040016,-0.072070034,533854.3415000001,181997.09380000085,374
Club 33 Limited,9 Wadeson Stree,,,Tower Hamlets,,,E09000030,Bethnal Green,E05009317,51.530925,-0.051609783,535244.4297000002,183133.9645000007,374
Lockdown Studio (Unit 6),Unit 6 & 7 Cable Street,,,Tower Hamlets,https://www.facebook.com/pg/studiolockdown/about/,No UPRN,E09000030,Whitechapel,E05009336,51.51012645,-0.066719714,534257.5850999998,180793.2927000001,374
Urchin Studios,Unit 1 Stonemason’s House,Hepscott Road,,Tower Hamlets,www.urchinstudios.co.uk,No UPRN,E09000030,Bow East,E05009319,51.54292,-0.02507,537049.1518999999,184517.1392000001,374
Lightship 95 Recording Studio,Lightship 95,Trinity Buoy Wharf,64 Orchard place,Tower Hamlets,https://www.lightship95.com/,See notes ,E09000030,Blackwall & Cubitt Town,E05009318,51.50789,0.009,539518.5569000002,180686.15899999999,374
The Recording Studio London,Way Out Studios Building ,86 Copenhagen Place ,,Tower Hamlets,https://therecordingstudio.london/,6362101,E09000030,Mile End,E05009327,51.514573,-0.029914787,536798.1283999998,181355.86319999956,374
Kluster Rooms ,566 Cable Street,,,Tower Hamlets,https://www.klusterrooms.com,6025305,E09000030,Shadwell,E05009332,51.511333,-0.04321237,535885.1508,180970.82609999925,374
Pirate Studios - Hackney ,13 Rothbury Road,,,Tower Hamlets,https://pirate.com/en/locations/london-hackney/,6722125,E09000030,Bow East,E05009319,51.54218,-0.026689225,536939.0958000002,184431.8234000001,374
Red Cable Studio," Unit 134, 566 Cable St",,,Tower Hamlets,https://www.instagram.com/redcablestudio/, 6183518,E09000030,Shadwell,E05009332,51.511324,-0.043227157,535884.1516000004,180969.79780000076,374
Mainyard Studios - Mile End,35 Bow Road,Bromley by Bow,,Tower Hamlets,https://mainyardstudios.co.uk/tower-hamlets-private-offices-coworking/,No UPRN,E09000030,Bow West,E05009320,51.52687,-0.02777,536910.0591000002,182727.31200000085,374
Kluster Rooms,566 Cable Street,Tower Hamlets,,Tower Hamlets,www.klusterrooms.com,6025305,E09000030,Limehouse,E05009326,51.51071574,-0.041715929,535990.8227000004,180904.9637000002,374
Engine Rooms Rehearsal Studios,30 Bow Triangle Business Centre,Eleanor Street,Tower Hamlets,Tower Hamlets,www.engineroomsstudios.com,6074717,E09000030,Bromley South,E05009322,51.52339135,-0.021564604,537350.9537000004,182352.0889999997,374
Vatican Studios,Railway Arch 190 Bancroft Road,Tower Hamlets,,Tower Hamlets,www.thevatican.biz,6036377,E09000030,Bethnal Green,E05009317,51.52536155,-0.046277931,535630.7636000002,182525.1462999992,374
Urchin Studios,"Unit 1, Stonemason's House",Hepscott Road,,Tower Hamlets,https://www.urchinstudios.co.uk/, 6736494,E09000030,Bow East,E05009319,51.542873,-0.025130545,537045.0948999999,184511.79949999973,374
Pirate Studios - Hackney ,13 Rothbury Road,,,Tower Hamlets,https://pirate.com/en/locations/london-hackney/,6722124,E09000030,Bow East,E05009319,51.54218,-0.026689225,536939.0958000002,184431.8234000001,374
Tiger Studios ,566 Cable St,Limehouse,,Tower Hamlets,https://tigerstudiolondon.co.uk/,See notes ,E09000030,Shadwell,E05009332,51.51148,-0.04271,535919.5714999996,180988.1048000008,374
Applied Arts ,22-27 The Oval,,,Tower Hamlets,http://appliedarts.co.uk/,6024289,E09000030,St Peter's,E05009331,51.53243495,-0.057914861,534802.6667,183290.2405999992,374
Arch Model Studio,Unit 9 Hamlet Industrial Centre,White Post Lane ,,Tower Hamlets,https://www.sculpt-double.co.uk/projects/?tag=Arch+Model+Studio,6077534,E09000030,Bow East,E05009319,51.5417231,-0.020709331,537355.1201,184392.20639999956,374
Ince Umbrellas,63 Vyner Street,,,Tower Hamlets,http://www.jamesince.co.uk/,6041714,E09000030,St Peter's,E05009331,51.53448012,-0.052708443,535157.7017999999,183527.2792000007,374
Puppets Magic Studio,"Unit 419, Pill Box Studios",115 Coventry Roa,,Tower Hamlets,https://www.puppetsmagic.co.uk/,6193059,E09000030,St Peter's,E05009331,51.52468661,-0.055858938,534968.1637000004,182432.38929999992,374
Craft Central,397-411 Westferry Road,,,Tower Hamlets,https://www.craftcentral.org.uk,6653025,E09000030,Island Gardens,E05009324,51.48879,-0.01918591,537620.1694999998,178508.9308000002,374
Innersphere Ltd,25 Victoria Wharf,20 Palmers Road,,Tower Hamlets,,6357180,E09000030,Bow West,E05009320,51.52932032,-0.040441718,536023.8004999999,182976.19519999996,374
Scruffy Dog Creative Group,"Unit 5, Bow Enterprise Park",Fittleton Gardens,,Tower Hamlets,www.scruffydogltd.com,No UPRN,E09000030,Bromley South,E05009322,51.52078,-0.01685,537685.8744999999,182070.54900000058,374
Craft Central,397-411 Westferry Road London E14 3AE,,,Tower Hamlets,https://www.craftcentral.org.uk,6653025,E09000030,Island Gardens,E05009324,51.48879,-0.01918591,537620.1694999998,178508.9308000002,374
Illae Woven,Queen Yard,51 White Post Lane ,,Tower Hamlets,https://illaewoven.wordpress.com/,6077465,E09000030,Bow East,E05009319,51.54228344,-0.021884593,537271.9408,184452.31479999982,374
Needle N Thread Studio,138 Cambridge Heath Road,,,Tower Hamlets,https://www.fashionrider.com/supplier/needle-n-thread-studio-ltd/,6135042,E09000030,Bethnal Green,E05009317,51.5236126,-0.053056845,535165.7160999998,182318.1272,374
Nicola Killeen Textiles,8 Audrey Street,,,Tower Hamlets,http://www.nktextiles.com/contact.html,100022992427,E09000030,St Peter's,E05009331,51.53272517,-0.064045491,534376.6222999999,183311.2291000001,374
Craft Central / The Forge,397-411 Westferry Road,,,Tower Hamlets,www.craftcentral.org.uk,6653025,E09000030,Island Gardens,E05009324,51.48879,-0.01918591,537620.1694999998,178508.9308000002,374
Pattern Textiles LTD,Unit 206 15 Pundersons Gardens London E2 9QG,,,Tower Hamlets,https://www.patterntextiles.co.uk,6172424,E09000030,St Peter's,E05009331,51.527657,-0.057996109,534811.1425999999,182758.7642000001,374
Pill Box,"115 Coventry Road, Bethnal Green, E2 6GG",,,Tower Hamlets,https://www.workspace.co.uk/workspaces/pill-box,10091966014,E09000030,St Peter's,E05009331,51.525194,-0.057481043,534854.1447000001,182485.82039999962,374
Hello Reflectives,134 Milligan Street London E14 8AS,,,Tower Hamlets,https://www.helloreflectives.com,6042575,E09000030,Limehouse,E05009326,51.508841,-0.027063706,537013.1376999998,180723.79770000093,374
Half Moon Young People's Theatre,43 White Horse Road,,,Tower Hamlets,www.halfmoon.org.uk,6044554,E09000030,St Dunstan's,E05009329,51.51372809,-0.040603874,536059.0120999999,181242.00439999998,374
Identity Studios,160-170 Cannon St Road,,,Tower Hamlets,info@identitystudioslondon.com,6352462,E09000030,Shadwell,E05009332,51.51375166,-0.061501165,534609.0118000004,181206.00459999964,374
The Space ,269 Westferry Road,,,Tower Hamlets,www.space.org.uk,6060149,E09000030,Island Gardens,E05009324,51.49216667,-0.024198973,537262.0114000002,178874.99990000017,374
Brady Arts and Community Centre,192-196 Hanbury St,,,Tower Hamlets,http://www.rehearsalspacelondon.co.uk/Studio-Hire-North-of-the-River/45-/Brady-Arts-amp-Community-Centre,6011121,E09000030,Spitalfields & Banglatown,E05009333,51.51941799,-0.065368543,534324.0120000001,181829.00320000015,374
Artsadmin,Toynbee Studios,28 Commercial Street,,Tower Hamlets,http://www.artsadmin.co.uk/toynbee-studios/spaces,6183619,E09000030,Spitalfields & Banglatown,E05009333,51.51649284,-0.072310144,533851.0120000001,181491.00269999914,374
Kobi Nazrul Centre,30 Handbury St,,,Tower Hamlets,http://www.towerhamletsarts.org.uk/?s=3&v=16&guide=AllAges,6001111,E09000030,Spitalfields & Banglatown,E05009333,51.52022816,-0.07306046,533788.0118000004,181905.00269999914,374
Versatile Yoga Studio,59 Columbia Road,,,Tower Hamlets,http://stretch-london.com/,6354492,E09000030,Weavers,E05009335,51.52933686,-0.069186606,534030.0129000004,182924.99340000004,374
Apiary Studios,458 - 460 Hackney Road,,,Tower Hamlets,http://www.apiarystudios.org/,6183708,E09000030,St Peter's,E05009331,51.53208,-0.05889,534736.0838000001,183248.97110000066,374
Chisenhale Dance Space,68-84 Chisenhale Rd,,,Tower Hamlets,http://www.chisenhaledancespace.co.uk/space-hire,10015466801,E09000030,Bow West,E05009320,51.5336288,-0.038451233,536149.0118000004,183459.0033999998,374
Hub67,67 Rothbury Road,,,Tower Hamlets,http://hubsixtyseven.com/,6077462,E09000030,Bow East,E05009319,51.54213483,-0.024976221,537058.0121999998,184430.00280000083,374
Rich Mix,35-47 Bethnal Green Rd, London,,Tower Hamlets,https://richmix.org.uk/rehearsal-spaces/,6192962,E09000030,Weavers,E05009335,51.524124,-0.073859462,533721.1722999997,182336.76469999924,374
The Aldgate and Allhallows Learning & Participation S,Wiltons Music Hall,1 Graces Alley, Whitechapel,Tower Hamlets,https://www.wiltons.org.uk/,6006845,E09000030,Whitechapel,E05009336,51.510612,-0.06696438,534239.1809999999,180846.8378999997,374
Half Moon Young People's Theatre,43 White Horse Road,,,Tower Hamlets,https://www.halfmoon.org.uk/hire/rehearsal-spaces/,6044554,E09000030,St Dunstan's,E05009329,51.513251,-0.041242153,536016.1468000002,181187.76620000042,374
"Betty, Poplar Union",2 Cotall St,Poplar,,Tower Hamlets,https://poplarunion.com/hire/,6194894,E09000030,Lansbury,E05009325,51.515598,-0.023009935,537274.1211999999,181482.7575000003,374
Cardboard Citizens,77a Greenfield Road,Whitechapel,,Tower Hamlets,https://cardboardcitizens.org.uk/hire-our-space/,6709753,E09000030,Whitechapel,E05009336,51.516336,-0.065626635,534315.1712999996,181485.8080000002,374
Oxford House Theatre,87 Derbyshire Street,,,Tower Hamlets,http://www.oxfordhouse.org.uk,6089004,E09000030,St Peter's,E05009331,51.526367,-0.061510951,534571.1484000003,182608.83770000003,374
"English National Ballet, Mulryan Centre for Dance",41 Hopewell Square,,,Tower Hamlets,https://www.ballet.org.uk/venue-hire/,6721048,E09000030,Blackwall & Cubitt Town,E05009318,51.512769,0.006426868,539325.1090000002,181223.78360000066,374
Wiltons Music Hall,1 Graces Alley, Whitechapel,,Tower Hamlets,https://www.wiltons.org.uk/,6006845,E09000030,Whitechapel,E05009336,51.51112423,-0.068550982,534127.5850999998,180900.89039999992,374
Half Moon Young People's Theatre,43 White Horse Road,,,Tower Hamlets,http://www.halfmoon.org.uk/,6044554,E09000030,Stepney Green,E05009334,51.51423921,-0.042220553,535945.3195000002,181295.83940000087,374
The Space,269 Westferry Rd, Isle of Dogs,,Tower Hamlets,https://space.org.uk/,6060149,E09000030,Island Gardens,E05009324,51.49268043,-0.0258169,537148.1585999997,178929.09640000015,374
The Yard Theatre,Unit 2A, Queens Yard,White Post Lane,Tower Hamlets,https://theyardtheatre.co.uk/,6077552,E09000030,Bow East,E05009319,51.54300956,-0.024359022,537098.1818000004,184528.4282000009,374
Chisenhale Dance Space,64-84 Chisenhale Rd,,,Tower Hamlets,http://www.chisenhaledancespace.co.uk/,6146768,E09000030,Bow West,E05009320,51.53413799,-0.04006913,536035.2874999996,183512.6216000002,374
Toynbee Studios,28 Commercial St,,,Tower Hamlets,https://www.artsadmin.co.uk/toynbee-studios,6183707,E09000030,Spitalfields & Banglatown,E05009333,51.51700362,-0.073923593,533737.5761000002,181544.85170000046,374
Rich Mix,35-47 Bethl Green Rd, London,,Tower Hamlets,https://www.richmix.org.uk/,6192962,E09000030,Weavers,E05009335,51.52474282,-0.075412607,533611.6232000003,182402.7407000009,374
Oxford House Theatre,87 Derbyshire Street,,,Tower Hamlets,http://www.oxfordhouse.org.uk,6089004,E09000030,St Peter's,E05009331,51.526367,-0.061510951,534571.1484000003,182608.83770000003,374
