﻿name,address1,address2,address3,borough_name,website,os_addressbase_uprn,borough_code,ward_2022_name,ward_2022_code,latitude,longitude,easting,northing,fme_feature_type.total_count
DayCare Trust,21 St George Road, ,SE1 6ES,Southwark,,200003000000,E09000028,St George's,E05011114,51.49529754,-0.102666646,531806.0131000001,179079.00359999947,380
Action for Blind People,14-16 Verney Road, ,SE16 3DZ,Southwark,https://www.rnib.org.uk/who-we-are/action-for-blind-people,200003000000,E09000028,Old Kent Road,E05011109,51.48468217,-0.062835752,534602.0131000001,177971.00239999965,380
Alleyn's School Archive,Townley Road ,Dulwich ,SE22 8SU,Southwark,https://www.alleyns.org.uk/senior-school/aboutalleyns/school-archive,200003000000,E09000028,Goose Green,E05011103,51.45478129,-0.081993244,533359.0119000003,174611.00239999965,380
Bankside Gallery,48 Hopton Street, Blackfriars ,SE1 9JH,Southwark,https://www.banksidegallery.com/,200003000000,E09000028,Borough & Bankside,E05011095,51.50819212,-0.100934689,531889.0115999999,180516.0019000005,380
British School of Osteopathy,275 Borough High Street, ,SE1 1JE,Southwark,https://www.uco.ac.uk/,200003000000,E09000028,Chaucer,E05011098,51.50008115,-0.094312879,532372.0114000002,179626.00320000015,380
Chartered Institute of Journalists,2 Dock Offices ,Surrey Quays Road ,SE16 2XU,Southwark,https://cioj.org/,200003000000,E09000028,Rotherhithe,E05011112,51.49677063,-0.051027719,535386.0120000001,179337.00290000066,380
Confederation of Indian Organisations (UK),5 Westminster Bridge Road, ,SE1 7XW,Southwark,http://www.ciostrokeproject.co.uk/,10000813756,E09000028,St George's,E05011114,51.49843095,-0.105691744,531587.0124000004,179422.00249999948,380
Co-operative Party,77 Weston Street, ,SE1 3SD,Southwark,https://party.coop/,200003000000,E09000028,London Bridge & West Bermondsey,E05011104,51.50207687,-0.085987748,532944.0115999999,179863.00060000084,380
Dulwich College Archive,Dulwich College ,Dulwich Common ,SE21 7LD,Southwark,https://www.dulwich.org.uk/about/history/the-archives,200003000000,E09000028,Dulwich Wood,E05011101,51.44028029,-0.085018121,533191.0120000001,172993.00249999948,380
Dulwich Picture Gallery,Gallery Road, ,SE21 7AD,Southwark,https://www.dulwichpicturegallery.org.uk/,200003000000,E09000028,Dulwich Village,E05011100,51.4459777,-0.086420365,533077.0118000004,173624.00119999982,380
Electoral Reform Society of Great Britain and Ireland,Thomas Hare House ,6 Chancel Street ,SE1 0UU,Southwark,https://www.electoral-reform.org.uk/,200003000000,E09000028,Borough & Bankside,E05011095,51.50515771,-0.102919768,531760.0115,180175.00310000032,380
Imperial War Museum Department of Documents,Lambeth Road, ,SE1 6HZ,Southwark,https://www.iwm.org.uk/collections/documents,200000000000,E09000028,St George's,E05011114,51.49600948,-0.108327792,531411.0131000001,179148.00249999948,380
"Imperial War Museum Film Archive, Photographic Archiv",All Saints Building Austral Street, ,SE11 4SJ,Southwark,https://www.iwm.org.uk/collections/film,10000816541,E09000028,St George's,E05011114,51.49452227,-0.106444522,531546.0132999998,178986.00359999947,380
James Allen's Girls' School,East Dulwich Grove, ,SE22 8TE,Southwark,https://www.jags.org.uk/,200000000000,E09000028,Dulwich Village,E05011100,51.45542039,-0.085528085,533111.5719999997,174675.64169999957,380
London South Bank University Archives Centre,103 Borough Road , ,SE1 0AA,Southwark,http://www.lsbu.ac.uk/about-us/professional-services/archives-centre,200000000000,E09000028,St George's,E05011114,51.49870595,-0.101742556,531860.3223000001,179459.6830000002,380
London Wildlife Trust,Skyline House ,200 Union Street ,SE1 0LX,Southwark,https://www.wildlondon.org.uk/,200000000000,E09000028,Borough & Bankside,E05011095,51.5038528,-0.101749191,531845.0114000002,180032.00290000066,380
Medical Defence Union,230 Blackfriars Road, ,SE1 8PJ,Southwark,https://www.themdu.com/,10000809744,E09000028,Borough & Bankside,E05011095,51.50584065,-0.104000959,531683.0115,180249.00210000016,380
Mental Health Foundation,Colechurch House ,1 London Bridge Walk ,SE1 2SX,Southwark,https://www.mentalhealth.org.uk/,10000813676,E09000028,Borough & Bankside,E05011095,51.50844093,-0.10672454,531486.5215999996,180533.26219999976,380
National Osteopathic Archive,c/o British School of Osteopathy ,275 Borough High Street ,SE1 1JE,Southwark,https://www.uco.ac.uk/,200000000000,E09000028,Chaucer,E05011098,51.50008115,-0.094312879,532372.0114000002,179626.00320000015,380
News UK Archive,1 London Bridge Street, ,SE1 9GF,Southwark,https://www.britishnewspaperarchive.co.uk/,10090747871,E09000028,London Bridge & West Bermondsey,E05011104,51.50542632,-0.087719169,532814.1117000002,180232.3217999991,380
Royal British Legion,199 Borough High Street, ,SE1 1AA,Southwark,https://www.britishlegion.org.uk/,200000000000,E09000028,Chaucer,E05011098,51.50216782,-0.092122101,532518.0113000004,179862.00159999914,380
Royal Commonwealth Ex-Services League,Haig House,199 Borough High Street ,SE1 1AA,Southwark,http://www.commonwealthveterans.org.uk/,200000000000,E09000028,Chaucer,E05011098,51.50196215,-0.091640797,532552.0113000004,179840.00159999914,380
Russo-British Chamber of Commerce,42 Southwark Street, ,SE1 1UN,Southwark,http://www.rbcc.com/,200000000000,E09000028,Borough & Bankside,E05011095,51.50498866,-0.093603703,532407.0115,180173.00129999965,380
Salvation Army International Heritage Centre,William Booth College ,Champion Park  Denmark Hill,SE5 8BQ,Southwark,https://www.salvationarmy.org.uk/international-heritage-centre,10013524443,E09000028,Champion Hill,E05011097,51.46754133,-0.089275363,532816.0713,176016.68209999986,380
Shakespeare's Globe Library and Archives,21 New Globe Walk ,Bankside ,SE1 9DT,Southwark,https://www.shakespearesglobe.com/education/library-research/library-archive,200000000000,E09000028,Borough & Bankside,E05011095,51.50811239,-0.09657156,532192.0118000004,180515.00039999932,380
Society of Chiropodists and Podiatrists,1 Fellmonger's Path ,176 Tower Bridge Road ,SE1 3LY,Southwark,https://cop.org.uk/,10093339987,E09000028,London Bridge & West Bermondsey,E05011104,51.5004366,-0.078074266,533498.0115999999,179695.00170000084,380
Society of Radiographers,207 Providence Square,Mill Street ,England,Southwark,https://www.sor.org/,200000000000,E09000028,North Bermondsey,E05011106,51.50165493,-0.070674501,534008.0110999998,179844.00329999998,380
South London Gallery,65-67 Peckham Road, ,SE5 8UH,Southwark,https://www.southlondongallery.org/,200000000000,E09000028,St Giles,E05011115,51.47428603,-0.079749725,533458.0111999996,176784.00269999914,380
Southwark Local History Library and Archive,John Harvard Library ,211 Borough High Street ,SE1 1JA,Southwark,https://www.southwark.gov.uk/libraries/local-history-library-and-archive/visiting-the-local-history-libr,200000000000,E09000028,Chaucer,E05011098,51.50176866,-0.091908241,532534.0113000004,179818.00170000084,380
The Children's Society Records and Archive Centre,Block A Floor 2 Tower Bridge Business Complex ,100 Clement's Road ,SE16 4DG,Southwark,http://www.hiddenlives.org.uk/,200000000000,E09000028,North Bermondsey,E05011106,51.49419634,-0.062821182,534575.0120999999,179029.00159999914,380
United Medical and Dental Schools: The Wills Library,Guy's Hospital London Bridge, ,SE1 9RT,Southwark,http://www.kingscollections.org/catalogues/kclca/collection/u/10un50-1/,10000816533,E09000028,London Bridge & West Bermondsey,E05011104,51.50345369,-0.08824992,532783.0115,180012.0014999993,380
United Society for the Propagation of the Gospel,Harling House ,47-51 Great Suffolk Street ,SE1 0BS,Southwark,http://www.uspg.org.uk/news/newname/,200000000000,E09000028,Borough & Bankside,E05011095,51.50330287,-0.101109232,531891.0113000004,179972.0025999993,380
University of the Arts London: Camberwell College of ,Peckham Road, ,SE5 8UF,Southwark,https://www.arts.ac.uk/colleges/camberwell-college-of-arts,200000000000,E09000028,St Giles,E05011115,51.47411741,-0.079886404,533449.0111999996,176765.00320000015,380
University of the Arts London: London College of Comm,Elephant and Castle, ,SE1 6SB,Southwark,https://www.arts.ac.uk/colleges/london-college-of-communication,10000810907,E09000028,St George's,E05011114,51.4949151,-0.101818139,531866.0131999999,179038.00290000066,380
University of the Arts London: University Archives an,London College of Communication ,Elephant and Castle ,SE1 6SB,Southwark,https://www.arts.ac.uk/students/library-services/special-collections-and-archives/archives-and-special-c,10000810907,E09000028,St George's,E05011114,51.4949151,-0.101818139,531866.0131999999,179038.00290000066,380
London Performance Studios,"Unit 30, Penarth Centre",Penarth St,,Southwark,https://www.londonperformancestudios.com/info,10009803448,E09000028,Old Kent Road,E05011109,51.48369637,-0.054898283,535156.0131000001,177876.0025999993,380
Sonsoles Print Studio,"Unit 11, Print Village",Chadwick Road,,Southwark,http://sonsolesprintstudio.co.uk/studio-facilities/,200003394386,E09000028,Rye Lane,E05011113,51.46813197,-0.074090545,533869.0108000003,176110.00159999914,380
The Arches Studios,Blenheim Court,48-50 Blenheim Grove ,,Southwark,www.the-arches-studios.com,200003394624,E09000028,Rye Lane,E05011113,51.46985233,-0.068791459,534232.0114000002,176311.00239999965,380
Bussey Building,133 Copeland Road,,,Southwark,www.copelandpark.com,10094085848,E09000028,Rye Lane,E05011113,51.46999995,-0.065747142,534443.0118000004,176333.00180000067,380
 Vanguard Court Studios,Rear of 36-38 Peckham Road,,,Southwark,www.vanguardcourt.org,10000812526,E09000028,St Giles,E05011115,51.47308408,-0.081585729,533334.0110999998,176647.00269999914,380
Staffordshire Street Studios,47 Staffordshire Street,,,Southwark,www.assemblypoint.xyz,10091667089,E09000028,Peckham,E05011110,51.4754813,-0.065486485,534445.0127999997,176943.00229999982,380
Havil Street,233 Havil Street,Southwark,,Southwark,www.spacestudios.org.uk,200003456108,E09000028,St Giles,E05011115,51.4758599,-0.083053318,533224.0111999996,176953.00229999982,380
3-5 Latona Road,Peckham,,,Southwark,www.artistic-spaces.co.uk,200003494009,E09000028,Old Kent Road,E05011109,51.48194983,-0.071103315,534036.0125000002,177652.00269999914,380
7-17 Latona Road,Peckham,,,Southwark,www.artistic-spaces.co.uk,200003494009,E09000028,Old Kent Road,E05011109,51.48194983,-0.071103315,534036.0125000002,177652.00269999914,380
Galleria,Pennack Road,Peckham,,Southwark,www.acme.org.uk,10013530269,E09000028,Peckham,E05011110,51.48202767,-0.073649245,533859.0122999996,177656.0022,380
Haymerle,90 Haymerle Road,Southwark,,Southwark,www.spacestudios.org.uk,200003493816,E09000028,Old Kent Road,E05011109,51.48249513,-0.069812888,534124.0126,177715.00229999982,380
Ilderton Road,180 Ilderton Road,,,Southwark,http://www.v22collection.com,10096038322,E09000028,Old Kent Road,E05011109,51.48319987,-0.054242484,535203.0130000003,177822.00290000066,380
Toaster factory ,16-18 penarth street,,,Southwark,http://studiomakecreate.wixsite.com/thetoasterfactory,200003378825,E09000028,Old Kent Road,E05011109,51.4833284,-0.054942753,535154.0131000001,177835.0025999993,380
Chaplin Centre,Chaplin Centre,Taplow House,,Southwark,www.ascstudios.co.uk,200003428020,E09000028,Faraday,E05011102,51.48835522,-0.086620189,532940.0120999999,178336.00290000066,380
Bainbridge Print,Units 7-9 Taplow House,Thurlow St ,,Southwark,www.bainbridgeprint.com,200003428008,E09000028,Faraday,E05011102,51.48835522,-0.086620189,532940.0120999999,178336.00290000066,380
Occupation Studios,7-10 Occupation Road,London,,Southwark,,200003432771,E09000028,North Walworth,E05011107,51.4886017,-0.096793913,532233.0119000003,178345.00229999982,380
Pullens Yard,Iliffe Yard,,,Southwark,http://www.pullensyards.co.uk/,200003493888,E09000028,Newington,E05011105,51.48957529,-0.100268165,531989.0116999997,178447.00229999982,380
Pullens Yard,Clements Yard,,,Southwark,http://www.pullensyards.co.uk/,10093339549,E09000028,Newington,E05011105,51.48966933,-0.101632723,531894.0116999997,178455.00249999948,380
Pullens Yard,Peacock Yard,,,Southwark,http://www.pullensyards.co.uk/,200003494861,E09000028,Newington,E05011105,51.49061133,-0.100383562,531978.0114000002,178562.00310000032,380
Highline,10 Steedman Street,Elephant and Castle,,Southwark,www.acme.org.uk,10091666566,E09000028,North Walworth,E05011107,51.49174915,-0.099010959,532070.0111999996,178691.0030000005,380
Tannery Arts,"Unit 8, Rich industrial Estate",46 Willow Walk,,Southwark,http://tanneryarts.org.uk/,10093340245,E09000028,London Bridge & West Bermondsey,E05011104,51.49426019,-0.079270584,533433.0131999999,179006.00239999965,380
Cul De Sac Gallery,65-69 County Street,,,Southwark,www.culdesacgallery.com,10093339946,E09000028,Chaucer,E05011098,51.49461357,-0.090997012,532618.0132999998,179024.00390000083,380
76-89 Alscot Road,76-89 Alscot Road,,,Southwark,www.setspace.uk,200003363615,E09000028,South Bermondsey,E05011116,51.49434755,-0.073086554,533862.0125000002,179027.00200000033,380
TOWER BRIDGE BUSINESS COMPLEX,100 Clements Road,,,Southwark,http://www.creeksideartists.co.uk/,200003492917,E09000028,North Bermondsey,E05011106,51.49419634,-0.062821182,534575.0120999999,179029.00159999914,380
Assemble Studio,Sugarhouse Studios,19 Collett Rd,,Southwark,assemblestudio.co.uk,10025331048,E09000028,North Bermondsey,E05011106,51.49690542,-0.062958383,534557.5119000003,179330.00180000067,380
Hotel Elephant,23 Harper Road ,,,Southwark,www.hotelelephant.co.uk,10000811499,E09000028,Chaucer,E05011098,51.49882177,-0.095950285,532262.0119000003,179483.00280000083,380
Copperfield Gallery,6 Copperfield Street,,,Southwark,www.copperfieldgallery.com,200003353342,E09000028,Borough & Bankside,E05011095,51.50316867,-0.097267573,532158.0109999999,179964.0025999993,380
Hotel Elephant,1-5 Spare Street,Elephant and Castle,,Southwark,www.hotelelephant.co.uk/studio-space-spare-street-se17,See notes,E09000028,North Walworth,E05011107,51.492,-0.09913,532061.0234000003,178718.68319999985,380
Action House ,53 Sandgate Street,Bermondsey,,Southwark,https://artistic-spaces.co.uk/action-house-containers,10090748110,E09000028,Old Kent Road,E05011109,51.484681,-0.06286165,534600.2185000004,177970.82469999976,380
Canada Street Studios,Surrey Quays Rd,Deptford,,Southwark,https://bowarts.org/studios/canada-street-studios,No UPRN,E09000028,Surrey Docks,E05011117,51.49791,-0.04559,535760.0566999996,179473.76799999923,380
Art in the Park,"Chumleigh Gardens, Chumleigh Street",Burgess Park,,Southwark,http://artinthepark.co.uk/the-studio/,10090749089,E09000028,Faraday,E05011102,51.484032,-0.084666402,533088.2247000001,177858.80509999953,380
arebyte Studio - Camberwell,Burgess Business Park,,,Southwark,https://www.arebyte.com/available-studios,No UPRN,E09000028,St Giles,E05011115,51.48047367,-0.086074868,533000.7778000003,177460.5616999995,380
FormaHQ,Peveril Garden Studios,40 Great Dover Street,,Southwark,https://forma.org.uk/projects/formahqstudios/,56295142 ,E09000028,Chaucer,E05011098,51.49861,-0.09092,532611.7631999999,179468.54649999924,380
arebyte Studios - Old Kent Road,765 Old Kent Road,,,Southwark,https://www.arebyte.com/available-studios,200003494746,E09000028,Old Kent Road,E05011109,51.480525,-0.058385989,534923.2172999997,177516.9173000008,380
Canada Street Studios (Bow Arts),Canada St,Surrey Quays Rd,London  ,Southwark,https://bowarts.org/studios/canada-street-studios,No UPRN,E09000028,Surrey Docks,E05011117,51.4979363,-0.0456088,535758.6737000002,179476.65770000033,380
Curzon Mondrian London,,20 Upper Ground,SE1 9PD,Southwark,,10091666184,E09000028,Borough & Bankside,E05011095,51.508441,-0.10697369,531469.2323000003,180532.82279999927,380
East Dulwich Picturehouse & Cafe,,116a Lordship Lane,SE22 8HD,Southwark,,10091663747,E09000028,Goose Green,E05011103,51.456441,-0.07633579,533747.2150999997,174805.8735000007,380
Kino Bermondsey,,10 Bermondsey Square,SE1 3UN,Southwark,,10013529054,E09000028,London Bridge & West Bermondsey,E05011104,51.497693,-0.08085215,533313.2182999998,179384.85060000047,380
Odeon Surrey Quays,,Surrey Quays Shopping Centre,SE16 7LL,Southwark,,10009803337,E09000028,Surrey Docks,E05011117,51.49605,-0.04486,535816.2527000001,179268.29059999995,380
Peckhamplex,,95a Rye Lane,SE15 4ST,Southwark,,200003394590,E09000028,Rye Lane,E05011113,51.470741,-0.06823258,534268.2198999999,176410.84630000032,380
Sands Films Studio,,42 Newighton Causeway,SE1 6DR,Southwark,,10025575039,E09000028,Borough & Bankside,E05011095,51.498617,-0.09782861,532132.2350000003,179456.84329999983,380
Everyman Borough Yards,,,,Southwark,,,E09000028,Borough & Bankside,E05011095,51.50552,-0.09223,532500.8024000004,180234.5702999998,380
CGP London,1 Park Approach,Southwark Park,,Southwark,http://cgplondon.org/#,10000811263,E09000028,Rotherhithe,E05011112,51.49363345,-0.052317588,535305.7708,178985.76369999908,380
Purdy Hicks,65 Hopton Street,,,Southwark,http://www.purdyhicks.com/#,10000811558,E09000028,Borough & Bankside,E05011095,51.50695993,-0.100432908,531927.3893999998,180379.88570000045,380
Vibe Gallery,100 Clementâ€™s Road,,,Southwark,https://www.thegalleryguide.co.uk/galleries/vibe-gallery,10009799375,E09000028,North Bermondsey,E05011106,51.4942482,-0.060648022,534725.7061000001,179038.76429999992,380
Unit 24,20 Great Guildford Street,,,Southwark,http://unit24.info/#,10013527858,E09000028,Borough & Bankside,E05011095,51.505427,-0.096302938,532218.4226000002,180216.86959999986,380
Vitrine,15 Bermondsey Square,,,Southwark,http://www.vitrinegallery.co.uk/#,10013529059,E09000028,London Bridge & West Bermondsey,E05011104,51.49687761,-0.079165688,533432.6530999998,179297.25119999982,380
Horatio Jr,"The Lord Nelson, 66 Canon Beck Road",,,Southwark,http://www.horatiojr.com/#,10013529797,E09000028,Rotherhithe,E05011112,51.50063633,-0.047934029,535589.2721999995,179772.59259999916,380
The Sunday Painter,1st Floor,12-16 Blenheim Grove,,Southwark,http://www.thesundaypainter.co.uk/#,10090286666,E09000028,Rye Lane,E05011113,51.46921688,-0.06761387,534315.6618999997,176242.49990000017,380
Son Gallery,Unit 9C,133 Copeland Road,,Southwark,http://cargocollective.com/songallery/About,10091666064,E09000028,Rye Lane,E05011113,51.46949183,-0.06415312,534555.2131000003,176279.42669999972,380
Morley College Gallery,61 Westminster Bridge Road,,,Southwark,https://www.morleycollege.ac.uk/facilities/the-gallery#,100023225348,E09000028,St George's,E05011114,51.49736611,-0.108367728,531404.3405999998,179298.78879999928,380
The Sassoon Gallery,Arch 213 Blenheim Grove,Peckham,,Southwark,http://www.thesassoongallery.co.uk/#,200003492347,E09000028,Rye Lane,E05011113,51.46897371,-0.068548339,534251.4733999996,176213.74620000087,380
Poppy Sebire,All Hallows Hall,6 Copperfield Street,,Southwark,http://www.poppysebire.com/#,200003353342,E09000028,Borough & Bankside,E05011095,51.5026559,-0.095683504,532269.4303000001,179909.84100000001,380
White Cube,144-152 Bermondsey Street,,,Southwark,http://whitecube.com/#,200003362685,E09000028,London Bridge & West Bermondsey,E05011104,51.49893711,-0.081068884,533294.5466999998,179522.80110000074,380
Flat Time House,210 Bellenden Road,,,Southwark,http://flattimeho.org.uk/#,200003391772,E09000028,Rye Lane,E05011113,51.46558419,-0.072576615,533981.6162999999,175829.45820000023,380
Arch Collective,Arch 12,Raymouth Road,,Southwark,http://www.archcollective.co.uk/#,200003401561,E09000028,North Bermondsey,E05011106,51.49160932,-0.057705715,534937.7329000002,178750.73839999922,380
Menier Gallery,51 Southwark Street,,,Southwark,http://www.meniergallery.co.uk/#,200003495859,E09000028,Borough & Bankside,E05011095,51.50411689,-0.092610677,532478.4524999997,180077.85529999994,380
Jerwood Space Gallery,171 Union Street,,,Southwark,http://www.jerwoodspace.co.uk/#,200003496580,E09000028,Borough & Bankside,E05011095,51.50309902,-0.09749519,532142.4156999998,179955.84699999914,380
Hanh Barry Gallery,"Unit 9i, 133 Copeland Road",,,Southwark,http://www.hannahbarry.com/#,200003497923,E09000028,Rye Lane,E05011113,51.46949183,-0.06415312,534555.2131000003,176279.42669999972,380
The Wapping Project Bankside,65 Hopton Street,,,Southwark,http://thewappingprojectbankside.com/#,200003498823,E09000028,Borough & Bankside,E05011095,51.50693554,-0.100592454,531916.3881999999,180376.8861999996,380
Five Years,4 Holly Grove,SE15 5DF,,Southwark,http://www.hannahbarry.com/#,200003397260,E09000028,Rye Lane,E05011113,51.470288,-0.069648394,534171.2185000004,176357.87829999998,380
Kristin Hjellegjerde Gallery (London Bridge),2 Melior Place,SE1 3SZ,,Southwark,https://kristinhjellegjerde.com/,No UPRN,E09000028,London Bridge & West Bermondsey,E05011104,51.50237,-0.08427,533062.3733000001,179898.71470000036,380
Cecilia Brunson Projects,2G Royal Oak Yard,Bermondsey Street,,Southwark,https://www.ceciliabrunsonprojects.com/,10009800248,E09000028,London Bridge & West Bermondsey,E05011104,51.498986,-0.082382679,533203.2185000004,179525.84630000032,380
Seen Fifteen,"Studio DG1, The Bussey Building",Copeland Park,133 Copeland Road,Southwark,http://seenfifteen.com/,200003497923,E09000028,Rye Lane,E05011113,51.469999,-0.065772976,534441.2204,176332.84869999997,380
London Glassblowing ,62-66 Bermondsey Street,,,Southwark,https://londonglassblowing.co.uk/,200003362734,E09000028,London Bridge & West Bermondsey,E05011104,51.501615,-0.082574898,533182.2156999996,179817.84100000001,380
Sid Motion Gallery,24a Perth Centre,Hatcham Road,,Southwark,https://sidmotiongallery.co.uk/,No UPRN,E09000028,Old Kent Road,E05011109,51.48388,-0.05488,535156.7397999996,177896.4559000004,380
Bosse & Baum,Unit BGC,"Ground Floor, Bussey Building", 133 Rye Lane,Southwark,https://www.bosseandbaum.com/,200003497923,E09000028,Rye Lane,E05011113,51.469999,-0.065772976,534441.2204,176332.84869999997,380
CØPPERFIELD,6 Copperfield Street,London,,Southwark,https://www.copperfieldgallery.com/,200003353342,E09000028,Borough & Bankside,E05011095,51.503167,-0.097293305,532156.2300000004,179963.77050000057,380
Sim Smith,6 Camberwell Passage,London,,Southwark,https://www.sim-smith.com/,10093342310,E09000028,Camberwell Green,E05011096,51.474801,-0.094326691,532444.2220999999,176814.80980000086,380
Trafalgar Avenue,29 Trafalgar Avenue,London,,Southwark,https://www.trafalgaravenue.co.uk/,200003398688,E09000028,Old Kent Road,E05011109,51.485689,-0.073808795,533837.2219000002,178062.84970000014,380
Blue Shop Cottage,113A Grove Lane,London,,Southwark,https://www.blueshopcottage.com/,200003493762,E09000028,Champion Hill,E05011097,51.468397,-0.086473108,533008.2165000001,176116.91630000062,380
Universal Workspace,Universal Workspace,25-33 Southwark Street,,Southwark,http://cargocollective.com/universalworkspace,200003356102,E09000028,Borough & Bankside,E05011095,51.50403859,-0.0911152,532582.4642000003,180071.8535999991,380
The Carlyle Group,Uncommon,1 Long Lane,,Southwark,https://uncommon.co.uk/,200003367752,E09000028,Chaucer,E05011098,51.50076752,-0.090171159,532657.4753,179709.8183999993,380
Sustainable Workspaces,Sustainable Workspaces,105 Summer Street,,Southwark,https://www.sustainableworkspaces.co.uk/bridges/,200003376891,E09000028,Borough & Bankside,E05011095,51.50608222,-0.094560636,532337.4353999998,180292.87629999965,380
Many Hands,Many Hands,100 Drummond Road,,Southwark,,200003410687,E09000028,North Bermondsey,E05011106,51.4941116,-0.061633562,534657.6986999996,179021.76160000078,380
Buygivework At Keetons And Collett,Buygivework At Keetons And Collett,21 Collett Road,Bermondsey,Southwark,http://www.keetonsandcollett.co.uk/,200003410896,E09000028,North Bermondsey,E05011106,51.49585787,-0.061365241,534671.1780000003,179216.44180000015,380
The Ministry,Ministry Of Sounds,,Gaunt Street,Southwark,https://hubblehq.com/office-space/3705/ministry-of-sound,200003493558,E09000028,Chaucer,E05011098,51.49699787,-0.097835747,532136.4208000004,179276.7826000005,380
The Ministry,79-81 Borough Road,,,Southwark,https://theministry.com/locations/01-br/workspace/,200003356645 ,E09000028,Borough & Bankside,E05011095,51.499023,-0.097955751,532122.2367000002,179501.76139999926,380
Makeshift,Peckham Levels,Level 1 To 6 Peckham Town Centre Car ,95a Rye Lane,Southwark,https://www.peckhamlevels.org/about,200003394590,E09000028,Rye Lane,E05011113,51.470741,-0.068232581,534268.2198000001,176410.84630000032,380
Office Club ,The Bussey Building,"Block B, Floor 3",133 Rye Lane,Southwark,https://jointheofficeclub.com/,10094087616,E09000028,Rye Lane,E05011113,51.469815,-0.068199736,534273.2172999997,176307.9360000007,380
arebyte Studio - Camberwell,"Burgess Business Park, London",,,Southwark,https://www.arebyte.com/available-studios,No UPRN found,E09000028,St Giles,E05011115,51.48047367,-0.086074868,533000.7778000003,177460.5616999995,380
East Dulwich Creative,18 Vale End,East Dulwich,,Southwark,https://www.eastdulwichcreative.co.uk/,No UPRN,E09000028,Goose Green,E05011103,51.46192,-0.07884,533557.2608000003,175410.56560000032,380
arebyte Studios - Old Kent Road,765 Old Kent Road,,,Southwark,https://www.arebyte.com/available-studios,200003494746,E09000028,Old Kent Road,E05011109,51.480525,-0.058385989,534923.2172999997,177516.9173000008,380
Artistic Spaces Ltd,Action House,53 Sandgate Street,,Southwark,www.artistic-spaces.co.uk,10090748110,E09000028,Old Kent Road,E05011109,51.48416723,-0.061248692,534713.7175000003,177916.65990000032,380
Artistic Spaces Ltd,7-17 Latona Road,7-17 Latona Road,,Southwark,www.artistic-spaces.co.uk,10091668508,E09000028,Old Kent Road,E05011109,51.48156458,-0.069152657,534172.5826000003,177612.73509999923,380
Artistic Spaces Ltd,3-5 Latona Road,3-5 Latona Road,,Southwark,www.artistic-spaces.co.uk,10093339514,E09000028,Old Kent Road,E05011109,51.48143469,-0.069517234,534147.6495000003,177597.6235000007,380
Set,Set Alscot Road,76-89 Alscot Road,,Southwark,http://setspace.uk/studio.html,200003361788,E09000028,South Bermondsey,E05011116,51.49358883,-0.071928486,533944.6213999996,178944.74899999984,380
So&so,So&so @ The Bridge,Capital House,42 Weston Street,Southwark,https://www.soandsoatthebridge.com/home,200003363167,E09000028,London Bridge & West Bermondsey,E05011104,51.50251322,-0.083613412,533107.5241999999,179915.83369999938,380
Peckham Levels,Level 1 To 6 Peckham Town Centre Car Park,95a Rye Lane,,Southwark,https://www.peckhamlevels.org/about,200003394590,E09000028,Rye Lane,E05011113,51.47022731,-0.066609222,534382.4713000003,176356.70189999975,380
Bussey Building,Copeland Park,133 Copeland Road,,Southwark,www.copelandpark.com,200003497923,E09000028,Rye Lane,E05011113,51.46949183,-0.06415312,534555.2131000003,176279.42669999972,380
Peckham Enterprise Centre,19 Buller Close,Peckham,,Southwark,https://www.launchit.org.uk/launch-it-london,10009791094 ,E09000028,Peckham,E05011110,51.477727,-0.068110264,534256.2196000004,177187.90890000015,380
Peckham Enterprise Centre,19 Buller Close,Peckham,,Southwark,https://www.launchit.org.uk/launch-it-london,10009791094 ,E09000028,Peckham,E05011110,51.477727,-0.068110264,534256.2196000004,177187.90890000015,380
Oxo Tower Wharf,Barge House St,South Bank,,Southwark,https://coinstreet.org/oxo-tower-wharf,200003497165 ,E09000028,Borough & Bankside,E05011095,51.508346,-0.10836102,531373.2352,180519.77009999938,380
Sugarhouse Studios, 19 Collett Road,Bermondsey ,,Southwark,https://assemblestudio.co.uk/workspace/sugarhouse-studios, 10094085505 ,E09000028,North Bermondsey,E05011106,51.496172,-0.063310937,534535.2004000004,179247.79710000008,380
Canada Street Studios (Bow Arts),Canada St,Surrey Quays Rd,London  ,Southwark,https://bowarts.org/studios/canada-street-studios,No UPRN,E09000028,Surrey Docks,E05011117,51.4979363,-0.0456088,535758.6737000002,179476.65770000033,380
Southwark Playhouse,77-85 Newington Causeway,,,Southwark,http://www.southwarkplayhouse.co.uk,200003374411,E09000028,Chaucer,E05011098,51.49750075,-0.098224093,532108.0121999998,179332.00280000083,380
The Scoop at More London,Queen's Walk,,,Southwark,,10013532078,E09000028,London Bridge & West Bermondsey,E05011104,51.50503006,-0.079257609,533402.4720000001,180203.64039999992,380
"Asylum, Caroline Gardens Chapel",12 Asylum Road,,,Southwark,http://maverickprojects.co.uk/asylum/weddings/,200003492048,E09000028,Old Kent Road,E05011109,51.47893357,-0.060530333,534779.0133999996,177336.00269999914,380
The Bussey Building AKA The CLF Art Cafe,133 Rye Lane,,,Southwark,https://www.clfartcafe.org,200003393120,E09000028,Rye Lane,E05011113,51.469934,-0.067363425,534330.9516000003,176322.70240000077,380
Shakespeare's Globe Theatre,21 New Globe Walk,,,Southwark,http://www.shakespearesglobe.com,200003377200,E09000028,Borough & Bankside,E05011095,51.50811239,-0.09657156,532192.0118000004,180515.00039999932,380
Unicorn Theatre,147 Tooley Street,,,Southwark,unicorn theatre,10009804074,E09000028,London Bridge & West Bermondsey,E05011104,51.50384193,-0.080639895,533310.0120000001,180069.00009999983,380
Union Theatre,204 Union Street,,,Southwark,https://www.unicorntheatre.com,200003354927,E09000028,Borough & Bankside,E05011095,51.50375651,-0.101911697,531834.0114000002,180021.0030000005,380
Menier Theatre,51-53 Southwark Street,,,Southwark,https://www.menierchocolatefactory.com/Online/default.asp,200003500280,E09000028,Borough & Bankside,E05011095,51.50466098,-0.094467554,532348.0113000004,180135.0022,380
Theatre Peckham,221 Havil Street,,,Southwark,https://www.theatrepeckham.co.uk,10093342877,E09000028,St Giles,E05011115,51.47449519,-0.082758591,533248.4511000002,176801.78319999948,380
Mountview Theatre School,120 Peckham Hill Street,,,Southwark,https://www.mountview.org.uk,10094742520,E09000028,Peckham,E05011110,51.4748743,-0.069877256,534141.8816,176867.45219999924,380
 Siobhan Davies Studios,85 St. George’s Road,Elephant & Castle,,Southwark,http://www.siobhandavies.com,10009805291,E09000028,St George's,E05011114,51.49606,-0.105329064,531619.0130000003,179159.00310000032,380
Canada Water Studios,21 Surrey Quays Road,,,Southwark,http://canadawaterculturespace.org.uk/contact-us,10090284129,E09000028,Rotherhithe,E05011112,51.49780959,-0.049153611,535513.0120000001,179456.0019000005,380
AMP Gallery,1 Acorn Parade,Peckham,,Southwark,https://amp-gallery.co.uk/,10000816466,E09000028,Nunhead & Queen's Road,E05011108,51.476408,-0.061743352,534702.2202000003,177052.92940000072,380
Blue Elephant,59a Bethwin Rd,Camberwell,,Southwark,http://www.blueelephanttheatre.co.uk/,10090283293,E09000028,Camberwell Green,E05011096,51.480039,-0.098428876,532144.2297,177389.8713000007,380
Dilston Gallery,Southwark Park Rd,Southwark Park,,Southwark,https://southwarkparkgalleries.org/,200003493252,E09000028,North Bermondsey,E05011106,51.491814,-0.054290569,535174.1986999996,178779.7974999994,380
Omeara,5 O'Meara Street,,,Southwark,https://www.omearalondon.com/spaces/the-siding/,10090751127,E09000028,Borough & Bankside,E05011095,51.50434302,-0.094264681,532363.0114000002,180100.0114999991,380
Abacus Arts,2a Browning Street,,,Southwark,http://www.abacus-arts.org.uk,200003422528,E09000028,North Walworth,E05011107,51.48986355,-0.095862668,532294.0116999997,178487.00210000016,380
Alleyn's School,Townley Road,,,Southwark,https://www.alleyns.org.uk,200003440977,E09000028,Goose Green,E05011103,51.45478129,-0.081993244,533359.0119000003,174611.00239999965,380
Anatomie Studio,7-17 Latona Road,,,Southwark,https://anatomiestudio.com,10091668508,E09000028,Old Kent Road,E05011109,51.48207971,-0.070738785,534060.9424999999,177667.11250000075,380
BTS Project,52-56 Verney Road,,,Southwark,N/A,200003406389,E09000028,Old Kent Road,E05011109,51.48566555,-0.05922195,534850.0131000001,178087.00249999948,380
Canada Water Studios Ltd,Vancouver House,Surrey Quays Road,,Southwark,http://www.canadawaterstudios.com/contact/,10090284887,E09000028,Rotherhithe,E05011112,51.49914132,-0.048590555,535548.142,179605.13230000064,380
Glasshill Studios,1 King's Bench Street,,,Southwark,www.glasshillstudios.com,200003354702,E09000028,Borough & Bankside,E05011095,51.50133162,-0.101551422,531866.0115999999,179752.00280000083,380
Husky Studios,29a Amelia Street,,,Southwark,www.huskystudios.co.uk,200003432841,E09000028,Newington,E05011105,51.48956364,-0.098439231,532116.0115999999,178449.00290000066,380
Jerwood Space,171 Union Street,,,Southwark,www.jerwoodspace.co.uk/rehearsals/,200003355048,E09000028,Borough & Bankside,E05011095,51.50362093,-0.099093114,532030.0110999998,180011.00239999965,380
Kelechnekoff Studio,Sojourner Truth Centre,161 Sumner Road,,Southwark,www.kelechnekoff.com,200003400803,E09000028,Peckham,E05011110,51.47796737,-0.07337388,533890.0118000004,177205.0019000005,380
London Bubble,3-5 Elephant Lane,,,Southwark,http://www.londonbubble.org.uk,200003410746,E09000028,Rotherhithe,E05011112,51.50057,-0.05536,535074.0784999998,179751.49430000037,380
Studio 68,68 Ewer St,,,Southwark,http://studio68london.net,10090749641,E09000028,Borough & Bankside,E05011095,51.50451752,-0.09864396,532058.5911999997,180111.5128000006,380
The Classrooms,42 Borough High Street,,,Southwark,http://www.theartworks.london/classrooms/,200003356660,E09000028,Borough & Bankside,E05011095,51.50439855,-0.091049036,532586.0115,180112.00119999982,380
Ugly Duck,49 Tanner Street,,,Southwark,http://uglyduck.org.uk,10093342879,E09000028,London Bridge & West Bermondsey,E05011104,51.50010756,-0.077915791,533509.9716999996,179658.7014000006,380
The Bridge ,73 ‚Äì 81 Southwark Bridge Road,,,Southwark,info@thebridge-uk.org,10090748590,E09000028,Borough & Bankside,E05011095,51.50452458,-0.095481917,532278.0113000004,180118.00249999948,380
Unicorn Theatre,147 Tooley Street,,,Southwark,unicorn theatre,10009804074,E09000028,London Bridge & West Bermondsey,E05011104,51.50384193,-0.080639895,533310.0120000001,180069.00009999983,380
Union Theatre,204 Union Street,,,Southwark,https://www.unicorntheatre.com,200003354927,E09000028,Borough & Bankside,E05011095,51.50375651,-0.101911697,531834.0114000002,180021.0030000005,380
Menier Theatre,51-53 Southwark Street,,,Southwark,https://www.menierchocolatefactory.com/Online/default.asp,200003500280,E09000028,Borough & Bankside,E05011095,51.50466098,-0.094467554,532348.0113000004,180135.0022,380
Theatre Peckham,221 Havil Street,,,Southwark,https://www.theatrepeckham.co.uk,10093342877,E09000028,St Giles,E05011115,51.47449519,-0.082758591,533248.4511000002,176801.78319999948,380
Mountview Theatre School,120 Peckham Hill Street,,,Southwark,https://www.mountview.org.uk,10094742520,E09000028,Peckham,E05011110,51.4748743,-0.069877256,534141.8816,176867.45219999924,380
Siobhan Davies Studios,85 St. George’s Road,Elephant & Castle,,Southwark,http://www.siobhandavies.com,10009805291,E09000028,St George's,E05011114,51.49606,-0.105329064,531619.0130000003,179159.00310000032,380
Canada Water Culture Space,21 Surrey Quays Road,,,Southwark,http://canadawaterculturespace.org.uk/contact-us,10090284129,E09000028,Rotherhithe,E05011112,51.49780959,-0.049153611,535513.0120000001,179456.0019000005,380
Anatomie Studio,Unit 113 ,Arch 17 Station Passage ,Peckham,Southwark,https://anatomiestudio.com/hire-us/,See notes,E09000028,Nunhead & Queen's Road,E05011108,51.47487,-0.05658,535065.3136999998,176891.41569999978,380
The Artworks Classrooms, 60a Weston St, London Bridge,,Southwark,https://www.theartworks.london/classrooms/,10094084157 ,E09000028,London Bridge & West Bermondsey,E05011104,51.50256,-0.085402557,532983.2191000003,179917.78649999946,380
London Performance Studios,"Unit 30, Penarth Centre",Penarth St,,Southwark,https://www.londonperformancestudios.com/,10009803448,E09000028,Old Kent Road,E05011109,51.48354,-0.05515,535138.9985999996,177858.14990000054,380
Antithesis,5th Floor,7A Rich Industrial Estate,,Southwark,https://www.notjustalabel.com/antithesis,No UPRN,E09000028,London Bridge & West Bermondsey,E05011104,51.49422452,-0.078191605,533508.0131000001,179004.00229999982,380
Phil Garment Design,158 Old Kent Road,,,Southwark,,200003372028,E09000028,North Walworth,E05011107,51.49104806,-0.081912157,533259.0120999999,178644.0025999993,380
London Pattern Bureau,12a Market Place,,,Southwark,http://www.londonpatternbureau.co.uk,10009791234,E09000028,South Bermondsey,E05011116,51.49266822,-0.063404613,534539.0121999998,178858.0019000005,380
Carréducker London Limited,Unit 1.20 Oxo Tower Wharf bargehouse st se1 9ph,,,Southwark,https://www.carreducker.com,No UPRN,E09000028,Borough & Bankside,E05011095,51.5084531,-0.108308382,531376.5800000001,180531.77410000004,380
Lowndes London Limited,15 Weller Street,,,Southwark,https://www.lowndeslondon.com/,10013524600,E09000028,Borough & Bankside,E05011095,51.50127646,-0.094919639,532326.4379000003,179757.82599999942,380
Tarra Rosenbaum Limited,"77 Tower Bridge Rd, London SE1 4TW",,,Southwark,https://tarrarosenbaum.com/,200003366215,E09000028,Chaucer,E05011098,51.49609,-0.08294,533172.9748,179202.79780000076,380
Alex Monroe Limited,"37 Snowsfields, London, England, SE1 3SU",,,Southwark,https://www.alexmonroe.com/,200003361752,E09000028,London Bridge & West Bermondsey,E05011104,51.502292,-0.084952718,533015.2186000003,179888.80150000006,380
Grant Macdonald (Silversmiths) Limited,"64 Great Suffolk St, London SE1 0BL",,,Southwark,https://grantmacdonald.com/,200003353540,E09000028,Borough & Bankside,E05011095,51.50304,-0.10166449,531853.2347999997,179941.77190000005,380
Peckham Levels,"95A Rye Ln, London SE15 4ST",,,Southwark,https://peckhamlevels.org,200003394590,E09000028,Rye Lane,E05011113,51.470741,-0.068232581,534268.2198000001,176410.84630000032,380
Oxo Tower Wharf,"Barge House St, London SE1 9PH",,,Southwark,https://coinstreet.org/oxo-tower-wharf,200003497165,E09000028,Borough & Bankside,E05011095,51.508346,-0.10836102,531373.2352,180519.77009999938,380
Flux Studios,"2F Vanguard Court, 36-38 Peckham Road Camberwell L",,,Southwark,https://www.fluxstudios.org/,no UPRN,E09000028,St Giles,E05011115,51.47246,-0.08136,533351.5055999998,176578.01620000042,380
A&G Jewellery Services LTD.,Unit 8,Dock Offices,,Southwark,,200003404560,E09000028,Rotherhithe,E05011112,51.49625672,-0.049439285,535497.7884,179282.79419999942,380
Grant Macdonald (Silversmiths) Limited,36 Bear Lane,,,Southwark,http://www.grantmacdonald.com,200003354842,E09000028,Borough & Bankside,E05011095,51.50479883,-0.100825434,531906.3886000002,180138.86439999938,380
The Chateau,29-33 Camberwell Church St,, SE5 8TR,Southwark,,,E09000028,St Giles,E05011115,51.47401131,-0.090172219,532735.0168000003,176734.51620000042,380
Pulse,1 Invicta Plaza,Southbank,SE1 9UF,Southwark,http://www.xxl-london.com/xxl-london/,,E09000028,Borough & Bankside,E05011095,51.50749379,-0.104016036,531677.2010000004,180432.80460000038,380
Kingswood Library,,,,Southwark,,200003436418,E09000028,Dulwich Wood,E05011101,51.42992202,-0.080120892,533561.5367,171850.0867999997,380
Dulwich Library,,,,Southwark,,200003440972,E09000028,Dulwich Hill,E05011099,51.44828683,-0.072974201,534004.6061000004,173905.27999999933,380
Grove Vale Library,,,,Southwark,,200003443932,E09000028,Goose Green,E05011103,51.46109982,-0.077718332,533637.5700000003,175321.40770000033,380
Nunhead Library,,,,Southwark,,200003385977,E09000028,Nunhead & Queen's Road,E05011108,51.46527339,-0.058104468,534987.7457999997,175821.47030000016,380
Peckham Library,,,,Southwark,,200003394812,E09000028,Rye Lane,E05011113,51.47386908,-0.067762882,534291.6626000004,176759.54770000093,380
Camberwell Library,,,,Southwark,,10090749181,E09000028,St Giles,E05011115,51.47531156,-0.091033138,532671.4605999999,176877.54399999976,380
Brandon Library,,,,Southwark,,200003494326,E09000028,Newington,E05011105,51.4822063,-0.101346625,531935.3891000003,177625.6205000002,380
East Street Library,,,,Southwark,,200003494660,E09000028,South Bermondsey,E05011116,51.49038632,-0.080102591,533386.5598999998,178573.71089999937,380
Blue Anchor Library,,,,Southwark,,200003408074,E09000028,South Bermondsey,E05011116,51.49237424,-0.062081863,534631.6980999997,178827.7424999997,380
Newington Temporary Library,,,,Southwark,,10093341252,E09000028,North Walworth,E05011107,51.49344456,-0.096953397,532207.9414999997,178883.24499999918,380
Canada Water Library,,,,Southwark,,10090284129,E09000028,Rotherhithe,E05011112,51.49729578,-0.047564977,535624.8009000001,179401.80729999952,380
John Harvard Library,,,,Southwark,,200003356510,E09000028,Chaucer,E05011098,51.50125566,-0.09032367,532645.4736000001,179763.82349999994,380
52 Ossory Llp,52 Ossory,52 Ossory Road,,Southwark,http://ossory.com,200003372210,E09000028,Old Kent Road,E05011109,51.48360739,-0.071278223,534019.0127999997,177836.0025999993,380
Bainbridge Print,Bainbridge Print,Units 7-9 Taplow House,Thurlow St,Southwark,www.bainbridgeprint.com,10090286107,E09000028,Faraday,E05011102,51.4879437,-0.086002326,532984.102,178291.36280000024,380
Flux Studios,Flux Jewellery Centre Of Excellence,2f Vanguard Court,,Southwark,http://www.fluxstudios.org/membership.html,200003464627,E09000028,St Giles,E05011115,51.47249356,-0.081434253,533346.2511,176581.61290000007,380
Pangea Sculptors' Centre,Pangea Sculptors' Centre,133 Copeland Road,,Southwark,http://www.pangaeasculptorscentre.com/,10094745706,E09000028,Rye Lane,E05011113,51.4700081,-0.06573931,534443.5318,176333.9224999994,380
Peckham Print Studio,Peckham Print Studio,The Sunday Painter,12-16 Blenheim Gro,Southwark,http://peckhamprintstudio.com/,200003394556,E09000028,Rye Lane,E05011113,51.46973315,-0.069199648,534204.0111999996,176297.00159999914,380
Sonsoles Print Stuido,Sonsoles Print Stuido,"Unit 11, Print Village",Chadwick Road,Southwark,http://sonsolesprintstudio.co.uk/studio-facilities/,10094746493,E09000028,Rye Lane,E05011113,51.46813197,-0.074090545,533869.0108000003,176110.00159999914,380
South London Makerspace,South London Maker Space,Bath Factory Estate,Norwood Road,Southwark,www.southlondonmakerspace.org/,200003494602,E09000028,Dulwich Village,E05011100,51.45159069,-0.100880656,532056.0120000001,174222.00229999982,380
Sugarhouse Studios,Sugarhouse Studios,19 Collett Road,,Southwark,www.sugarhousestudios.co.uk/,10094085505,E09000028,North Bermondsey,E05011106,51.49619495,-0.06349997,534522.0119000003,179250.0019000005,380
Sustainable Workspaces,Sustainable Workspaces,29 Shand Street,,Southwark,https://www.sustainableworkspaces.co.uk/bridges/,10091908827,E09000028,London Bridge & West Bermondsey,E05011104,51.5028172,-0.081216113,533273.0120000001,179953.99939999916,380
The Goodlife Centre,The Goodlife Centre,122 Webber Street,Southwark,Southwark,www.thegoodlifecentre.co.uk/,10013527006,E09000028,Borough & Bankside,E05011095,51.50070036,-0.099776622,531991.0115,179685.00239999965,380
WorkshopEast,SugarHouse Studios,19 Collett Road,,Southwark,https://www.workshopeast.co.uk/about, 10094085505,E09000028,North Bermondsey,E05011106,51.496172,-0.063310937,534535.2004000004,179247.79710000008,380
Peckham Levels,Level 1 To 6 Peckham Town Centre Car Park,95a Rye Lane,,Southwark,https://www.peckhamlevels.org/about,200003394590,E09000028,Rye Lane,E05011113,51.470741,-0.068232581,534268.2198000001,176410.84630000032,380
The Goodlife Centre,49/55 Great Guildford Street,London,,Southwark,https://www.thegoodlifecentre.co.uk/,200003353627,E09000028,Borough & Bankside,E05011095,51.503057,-0.096606263,532204.2292999998,179952.77800000086,380
Richard Quinn Studio,"Unit 6, Astbury Business Park Station Passage",Queens Road Peckham,,Southwark,www.richardquinnstudio.co.uk,200003380402,E09000028,Old Kent Road,E05011109,51.482424,-0.0541718,535210.2145999996,177735.85730000027,380
3rd Rail Print Space,"Unit 107, Peckham Levels",95a Rye Lane,London,Southwark,https://www.3rdrailprintspace.co.uk/,200003394590,E09000028,Rye Lane,E05011113,51.470741,-0.068232581,534268.2198000001,176410.84630000032,380
Out of Order Spaces,"Unit 2—5, Burgess Business Park",Parkhouse Street,,Southwark,https://www.ooos.co.uk/available,200003459273,E09000028,St Giles,E05011115,51.480338,-0.086405387,532978.2224000003,177444.87519999966,380
The Kiln Rooms,"Unit 3, Copeland Park",133 Rye Lane,London,Southwark,http://www.thekilnrooms.com/,200003497923,E09000028,Rye Lane,E05011113,51.469999,-0.065772976,534441.2204,176332.84869999997,380
The Kiln Rooms,Railway Arch 198,Bellenden Road (rear of 85 Bellenden ,London,Southwark,http://www.thekilnrooms.com/,200003394410,E09000028,Rye Lane,E05011113,51.469239,-0.072543551,533973.2164000003,176235.9308000002,380
The Kiln Rooms,"Unit 202, Level 2, Peckham Town Centre Carpark",95A Rye Lane,London,Southwark,http://www.thekilnrooms.com/,200003394590,E09000028,Rye Lane,E05011113,51.470741,-0.068232581,534268.2198000001,176410.84630000032,380
John Hinds Framing,Studio 10,3-5 Latona Road,,Southwark,http://www.johnhindsframing.com,10091666155,E09000028,Old Kent Road,E05011109,51.48143469,-0.069517234,534147.6495000003,177597.6235000007,380
London Stone Carving,52 Ossory Road,,,Southwark,https://www.londonstonecarving.com,200003372210,E09000028,Old Kent Road,E05011109,51.4830924,-0.069692091,534130.6487999996,177781.63979999907,380
Purpose Powder Coatings,18 Manor Grove,,,Southwark,http://www.purposepowdercoatings.com/index.php,200003380805,E09000028,Old Kent Road,E05011109,51.48157375,-0.053450904,535262.7823999999,177642.64159999974,380
Flux Metal,25 Hatcham Road,,,Southwark,http://fluxmetal.co.uk,10013524422,E09000028,Old Kent Road,E05011109,51.48186015,-0.053366686,535267.7828000002,177674.64460000023,380
Weber Industries,Studio 11G,90  Haymerle Road,,Southwark,https://weberindustries.com/,200003493816,E09000028,Old Kent Road,E05011109,51.48198003,-0.068226639,534235.6605000002,177660.63010000065,380
Steeldeck,Unit 58 Marchant Estate,42-72 Verney Road,,Southwark,https://www.steeldeck.co.uk/,10000813686,E09000028,Old Kent Road,E05011109,51.48491421,-0.058019081,534935.7423,178005.6699000001,380
SE1 Picture Frames,Alaska Buildings,61 Grange Road,,Southwark,http://se1pictureframes.co.uk/,200003498580,E09000028,London Bridge & West Bermondsey,E05011104,51.49499,-0.077248832,533571.2174000004,179090.84300000034,380
London Glassblowing ,62-66 Bermondsey Street,NA,NA,Southwark,https://londonglassblowing.co.uk/,200003362734,E09000028,London Bridge & West Bermondsey,E05011104,51.501615,-0.082574898,533182.2156999996,179817.84100000001,380
"Jude Clark Studio, The London Stained Glass Company",4K Vanguard Court,Camberwell,London,Southwark,http://www.londonstainedglass.co.uk/,No UPRN,E09000028,St Giles,E05011115,51.47212,-0.08129,533357.3574999999,176540.33579999954,380
Lasercut,12 Raymouth Road,London,,Southwark,http://lasercutworks.com/,200003404186,E09000028,North Bermondsey,E05011106,51.491839,-0.058467112,534884.2007999998,178774.87600000016,380
Cut Laser Cut,"Workshop 1, Artichoke Mews",Artichoke Place,Camberwell,Southwark,https://cutlasercut.com/,200003497084,E09000028,St Giles,E05011115,51.474212,-0.090708104,532697.2200999996,176755.8618999999,380
Tate Modern,Bankside,NA,NA,Southwark,http://www.tate.org.uk/modern,10000813334,E09000028,Borough & Bankside,E05011095,51.50710595,-0.097789441,532110.4095000001,180400.88690000027,380
Fashion and Textile Museum,83 Bermondsey Street,NA,NA,Southwark,http://www.ftmlondon.org/,10000818830,E09000028,London Bridge & West Bermondsey,E05011104,51.50066771,-0.080203629,533349.551,179716.81980000064,380
London Fire Brigade Museum,Winchester House,94a Southwark Bridge Rd,NA,Southwark,http://www.culture24.org.uk/mw921,200003353307,E09000028,Borough & Bankside,E05011095,51.50145568,-0.096540517,532213.4250999996,179774.8292999994,380
HMS Belfast,Uxbridge,Middlesex,NA,Southwark,http://iwm.org.uk/,200003356908,E09000028,London Bridge & West Bermondsey,E05011104,51.50607879,-0.07987744,533356.3965999996,180319.13069999963,380
Imperial War Museum London,Lambeth Rd,NA,NA,Southwark,http://london.iwm.org.uk/,200003372421,E09000028,St George's,E05011114,51.49549623,-0.106744975,531522.3552999999,179093.7689999994,380
The Old Operating Theater Museum and Herb Garret,9A St Thomasâ€™ Street,NA,NA,Southwark,http://www.oldoperatingtheatre.com/,200003376919,E09000028,London Bridge & West Bermondsey,E05011104,51.50449961,-0.086844633,532877.4967,180130.85669999942,380
Brunel Museum,Brunel Engine House,Railway Avenue,Rotherhithe,Southwark,www.brunel-museum.org.uk/,200003410582,E09000028,Rotherhithe,E05011112,51.50108215,-0.051351513,535350.7655999996,179815.84630000032,380
Dulwich Picture Gallery,Gallery Road,Dulwich Village,NA,Southwark,http://www.dulwichpicturegallery.org.uk/,200003435462,E09000028,Dulwich Village,E05011100,51.4454594,-0.084837608,533188.5015000002,173569.24239999987,380
South London Gallery,65-67 Peckham Rd,London,SE5 8UH,Southwark,https://www.southlondongallery.org/,200003464154,E09000028,St Giles,E05011115,51.474285,-0.079775561,533456.2199999997,176783.84100000001,380
Matt's Gallery,92 Webster Road,London,SE16 4DF,Southwark,https://www.mattsgallery.org/,200003408500,E09000028,North Bermondsey,E05011106,51.495482,-0.062864801,534568.1986999996,179171.8881000001,380
Drawing Room,1-27 Rodney Pl ,London,SE17 1PP,Southwark,https://drawingroom.org.uk/,200003422469,E09000028,North Walworth,E05011107,51.493624,-0.093815533,532425.2372000003,178908.8657000009,380
Lake Gallery (Southwark Park Galleries,"1 Park Approach, Southwark Park",London,SE16 2UA,Southwark,https://southwarkparkgalleries.org/,10000811264,E09000028,Rotherhithe,E05011112,51.494147,-0.053931951,535192.1914999997,179039.88859999925,380
Dilston Gallery (Southwark Park Gallery),Southwark Park Rd,London,SE16 2DD,Southwark,https://southwarkparkgalleries.org/,200003493252,E09000028,North Bermondsey,E05011106,51.491814,-0.054290569,535174.1986999996,178779.7974999994,380
White Cube Bermondsey,144 – 152 Bermondsey Street ,London,SE1 3TQ,Southwark,https://whitecube.com/,200003362685,E09000028,London Bridge & West Bermondsey,E05011104,51.499449,-0.082680195,533181.2198000001,179576.79059999995,380
Bankside Gallery,48 Hopton Street,London,SE1 9JH,Southwark,https://www.banksidegallery.com/,200003376884,E09000028,Borough & Bankside,E05011095,51.508191,-0.10096046,531887.2264999999,180515.8309000004,380
Jerwood Space,171 Union Street,London,SE1 0LN,Southwark,https://jerwoodarts.org/,200003355048,E09000028,Borough & Bankside,E05011095,51.50362,-0.099118829,532028.2292,180010.85270000063,380
ASC Gallery,"Taplow House,",Thurlow Street,,Southwark,http://www.ascstudios.co.uk/asc-gallery/#,10093339547,E09000028,Faraday,E05011102,51.48902,-0.08722,532896.4402999999,178408.83889999986,380
Southwark Heritage Centre and Walworth Library,145-147 Walworth Road,London,SE17 1RW,Southwark,https://www.southwark.gov.uk/libraries/southwark-heritage-centre-and-walworth-library,10094086689,E09000028,North Walworth,E05011107,51.491652,-0.097542326,532172.2410000004,178682.84809999913,380
Gladstone Arms,64 Lant Street,Southwark,64 Lant Street,Southwark,www.thegladpub.co.uk,200000000000,E09000028,Chaucer,E05011098,51.50039049,-0.093530014,532425.4497999996,179661.8166000005,380
Ivy House,"40 Stuart Road, Nunhead, London SE15 3BE",Southwark,40 Stuart Road,Southwark,www.ivyhousenunhead.com,10013526983,E09000028,Peckham Rye,E05011111,51.458258,-0.052155,535421.7374,175052.34940000065,380
Omeara,"6 O'Meara Street, SE1 1TE, London",,6 O'meara St Londo,Southwark,www.omearalondon.com,0,E09000028,Borough & Bankside,E05011095,51.504143,-0.094603,532340.1118000001,180077.15799999982,380
Ministry Of Sound,"103 Gaunt Street, Elephant & Castle, London, SE1 6",Southwark,103 Gaunt Street,Southwark,www.club.ministryofsound.com,200000000000,E09000028,St George's,E05011114,51.49765,-0.099209,532039.2197000002,179346.82389999926,380
Printworks,"1 Surrey Quays Road, London, SE16 7PJ, United King",,1 Surrey Quays Roa,Southwark,http://www.printworksuk.com,200000000000,E09000028,Surrey Docks,E05011117,51.497523,-0.043516,535905.1595999999,179434.5809000004,380
Tasty Bakery (Tasties),"207 Rye Lane, Peckham, London SE15 4TP",Southwark,207 Rye Lane,Southwark,,200000000000,E09000028,Rye Lane,E05011113,51.467718,-0.066488,534398.2575000003,176077.8911000006,380
Jazzlive At The Crypt,St. Giles Church Camberwell Church St,London,St. Giles Church C,Southwark,www.jazzlive.co.uk,0,E09000028,St Giles,E05011115,51.47254627,-0.085258546,533080.5088,176580.5192000009,380
The Paperworks,12 Ossory Road. London SE1 5AN,,,Southwark,,200000000000,E09000028,Old Kent Road,E05011109,51.484947,-0.071015,534033.3630999997,177985.44859999977,380
Luxford,"610 Old Kent Road, London SE15 1JB",,,Southwark,,10013529018,E09000028,Old Kent Road,E05011109,51.483232,-0.064904,534462.6809999999,177805.94449999928,380
Arches,61 St Thomas Street; London Bridge; London SE1 3QX,,,Southwark,,,E09000028,London Bridge & West Bermondsey,E05011104,51.503078,-0.08407,533074.1917000003,179977.80819999985,380
Star Anise,"63 Ewer Street, SE1 0NR",,,Southwark,,200000000000,E09000028,Borough & Bankside,E05011095,51.504307,-0.098682,532056.5596000003,180088.0343999993,380
Pulse,No 1 Invicta Plaza; South Bank; London SE1 9UF; Un,,,Southwark,www.xxl-london.com/,,E09000028,Borough & Bankside,E05011095,51.507852,-0.103929,531682.2083,180472.7940999996,380
Mono Lounge,"224b Tower Bridge Road, A100, London, SE1 2UP",,,Southwark,,,E09000028,North Bermondsey,E05011106,51.503449,-0.07651,533597.7703,180032.83689999953,380
Great Suffolk Street Warehouse,29 Great Suffolk Street,Southwark,29 Great Suffolk S,Southwark,,200000000000,E09000028,Borough & Bankside,E05011095,51.50387406,-0.099811891,531979.3971999995,180037.85529999994,380
Underdog Gallery,Arch 6 Crucifix Lane London ,,Arch 6 Crucifix La,Southwark,https://www.theunderdog.london/,0,E09000028,London Bridge & West Bermondsey,E05011104,51.50185392,-0.08013242,533351.0317000002,179848.8563000001,380
Bermondsey Social Club,"Arch 19 Almond Road, Bermondsey, London, SE16 3LR",Bermondsey,,Southwark,https://www.bermondseysocialclub.co.uk/,,E09000028,South Bermondsey,E05011116,51.491722,-0.059567,534808.1946999999,178759.84029999934,380
La Pollera Colora,"4-6 London Bridge Street, London, SE1 9SG",,,Southwark,,,E09000028,London Bridge & West Bermondsey,E05011104,51.505069,-0.087492,532830.9153000005,180192.99929999933,380
Peckham Audio,"133a Rye Lane, Peckham, London, SE15 4BQ",Peckham,,Southwark,https://www.peckhamaudio.co.uk/,,E09000028,Rye Lane,E05011113,51.469798,-0.068264,534268.8038999997,176305.9277999997,380
Diy Space For London,"96-108 Ormside St, London SE15 1TF, UK",,,Southwark,https://diyspaceforlondon.org/,,E09000028,Old Kent Road,E05011109,51.482431,-0.055589,535111.7954000002,177734.01999999955,380
The NINES Peckham,Copeland Road,,,Southwark,https://www.facebook.com/TheNinesPeckham/,,E09000028,Rye Lane,E05011113,51.469859989,-0.065039964,534492.5378,176318.73670000024,380
Peckham Palais,72a Peckham High Street,Peckham,,Southwark,,,E09000028,Rye Lane,E05011113,51.47330998,-0.070830015,534080.3005999997,176691.75620000064,380
CLF Art Café (Bussey Building),"Block A, Bussey Building, 133 Rye Ln, London SE15 ",,,Southwark,,,E09000028,Rye Lane,E05011113,51.469850015,-0.068349978,534262.6798999999,176311.5541999992,380
Tola Peckham,Peckham High Street,,,Southwark,https://www.tolapeckham.com,,E09000028,Rye Lane,E05011113,51.47330998,-0.070830015,534080.3005999997,176691.75620000064,380
The Libertine,125 Great Suffolk Street,,,Southwark,,,E09000028,Borough & Bankside,E05011095,51.500649988,-0.097899959,532121.4051000001,179682.78380000032,380
The Planet Nollywood,319 Camberwell Road,,,Southwark,,,E09000028,Camberwell Green,E05011096,51.47607999,-0.093540028,532495.1489000004,176958.45610000007,380
Gladstone Arms,64 Lant Street,Southwark,64 Lant Street,Southwark,www.thegladpub.co.uk,200000000000,E09000028,Chaucer,E05011098,51.5003,-0.093530014,532425.7120000003,179651.7541000005,380
Bermondsey Social Club,"Arch 19 Almond Road, Bermondsey, London, SE16 3LR",Bermondsey,,Southwark,https://www.bermondseysocialclub.co.uk/,,E09000028,South Bermondsey,E05011116,51.491722,-0.059567,534808.1946999999,178759.84029999934,380
The NINES Peckham,Copeland Road,,,Southwark,https://www.facebook.com/TheNinesPeckham/,,E09000028,Rye Lane,E05011113,51.469859989,-0.065039964,534492.5378,176318.73670000024,380
Tola Peckham,Peckham High Street,,,Southwark,https://www.tolapeckham.com,,E09000028,Rye Lane,E05011113,51.47330998,-0.070830015,534080.3005999997,176691.75620000064,380
Omeara,"6 O'Meara Street, SE1 1TE, London",,6 O'meara St Londo,Southwark,www.omearalondon.com,,E09000028,Borough & Bankside,E05011095,51.504143,-0.094603,532340.1118000001,180077.15799999982,380
Ministry Of Sound,"103 Gaunt Street, Elephant & Castle, London, SE1 6",Southwark,103 Gaunt Street,Southwark,www.club.ministryofsound.com,,E09000028,St George's,E05011114,51.49765,-0.099209,532039.2197000002,179346.82389999926,380
Printworks,"1 Surrey Quays Road, London, SE16 7PJ, United King",,1 Surrey Quays Roa,Southwark,http://www.printworksuk.com,,E09000028,Surrey Docks,E05011117,51.497523,-0.043516,535905.1595999999,179434.5809000004,380
Tasty Bakery (Tasties),"207 Rye Lane, Peckham, London SE15 4TP",Southwark,207 Rye Lane,Southwark,,200000000000,E09000028,Rye Lane,E05011113,51.467718,-0.066488,534398.2575000003,176077.8911000006,380
Arches,61 St Thomas Street; London Bridge; London SE1 3QX,,,Southwark,,,E09000028,London Bridge & West Bermondsey,E05011104,51.503078,-0.08407,533074.1917000003,179977.80819999985,380
Star Anise,"63 Ewer Street, SE1 0NR",,,Southwark,,200000000000,E09000028,Borough & Bankside,E05011095,51.504307,-0.098682,532056.5596000003,180088.0343999993,380
Pulse,No 1 Invicta Plaza; South Bank; London SE1 9UF; Un,,,Southwark,www.xxl-london.com/,,E09000028,Borough & Bankside,E05011095,51.507852,-0.103929,531682.2083,180472.7940999996,380
Mono Lounge,"224b Tower Bridge Road, A100, London, SE1 2UP",,,Southwark,,,E09000028,North Bermondsey,E05011106,51.503449,-0.07651,533597.7703,180032.83689999953,380
Great Suffolk Street Warehouse,29 Great Suffolk Street,Southwark,29 Great Suffolk S,Southwark,,200000000000,E09000028,Borough & Bankside,E05011095,51.50387406,-0.099811891,531979.3971999995,180037.85529999994,380
La Pollera Colora,"4-6 London Bridge Street, London, SE1 9SG",,,Southwark,,,E09000028,London Bridge & West Bermondsey,E05011104,51.505069,-0.087492,532830.9153000005,180192.99929999933,380
Peckham Audio,"133a Rye Lane, Peckham, London, SE15 4BQ",Peckham,,Southwark,https://www.peckhamaudio.co.uk/,,E09000028,Rye Lane,E05011113,51.469798,-0.068264,534268.8038999997,176305.9277999997,380
Gladstone Arms,64 Lant Street,Southwark,64 Lant Street,Southwark,www.thegladpub.co.uk,200000000000,E09000028,Chaucer,E05011098,51.50039049,-0.093530014,532425.4497999996,179661.8166000005,380
The Planet Nollywood,319 Camberwell Road,,,Southwark,,,E09000028,Camberwell Green,E05011096,51.47607999,-0.093540028,532495.1489000004,176958.45610000007,380
Peckham Palais,72a Peckham High Street,Peckham,,Southwark,,,E09000028,Rye Lane,E05011113,51.47330998,-0.070830015,534080.3005999997,176691.75620000064,380
Miloco HQ,36 Leroy Street,,,Southwark,https://milocostudios.com/studios/,200003367777,E09000028,London Bridge & West Bermondsey,E05011104,51.49370438,-0.08152833,533277.9156,178940.08530000038,380
123 Studios,4b Copeland Park,133 Copeland Rd,,Southwark,www.123productions.co.uk,No UPRN,E09000028,Rye Lane,E05011113,51.46933993,-0.064714244,534516.6880000001,176261.5047999993,380
Drummer Boy Uk Ltd,93 Peckham High Streetlondon ,,,Southwark,https://www.thisisdrummerboy.com/,200003397310,E09000028,Rye Lane,E05011113,51.47327609,-0.067639054,534302.0020000003,176693.83469999954,380
Press Play Studio Ltd,Record Street ,,,Southwark,https://www.pressplaystudio.co.uk/,No UPRN,E09000028,Old Kent Road,E05011109,51.48395,-0.05548,535114.8753000004,177903.13260000013,380
Peckham Studios ,161 Sumner Rd,,,Southwark,https://www.peckhamstudios.com/,200003400803,E09000028,Peckham,E05011110,51.477967,-0.073399708,533888.2193999998,177204.91359999962,380
ENTT Studios,212 Ilderton Road,South Bermondsey,,Southwark,https://enttstudios.co.uk/,200003380843,E09000028,Old Kent Road,E05011109,51.482326,-0.054204792,535208.2137000002,177724.89890000038,380
Cotch Studios ,Newton House,60-62 Verney Rd,,Southwark,https://cotchstudios.co.uk/,10009800903,E09000028,Old Kent Road,E05011109,51.485549,-0.058806295,534879.2145999996,178074.80780000053,380
The Bookhouse,Unit 1,62 Hatcham Rd,,Southwark,http://www.thebookhousestudio.com/, 200003498731,E09000028,Old Kent Road,E05011109,51.484129,-0.054516892,535181.2139999997,177924.8147,380
Super Unison Studios,Unit 2a 1 Copeland Park,133 Copeland Road,Peckham,Southwark,www.superunisonstudios.com,10094745706,E09000028,Rye Lane,E05011113,51.46985,-0.06632,534403.6661,176315.27600000054,380
Husky Studios,29a Amelia Street,Southwark,,Southwark,www.huskystudios.co.uk,200003432841,E09000028,Newington,E05011105,51.48953,-0.09841,532118.1380000003,178445.31479999982,380
Rogue Studios,Railway Arch 4 Bermondsey Trading Estate,Rotherhithe New Road,Southwark,Southwark,www.roguestudios.co.uk,200003407579,E09000028,South Bermondsey,E05011116,51.49168,-0.05966,534801.8627000004,178754.99870000035,380
Music Bank,Block C-D Unit Tower Bridge Business Complex,100,Clements Road,Southwark,www.musicbank.org,No UPRN,E09000028,North Bermondsey,E05011106,51.49474,-0.06318,534548.5047000004,179088.79780000076,380
Vine Yard Studios,Virama House 8c Vine Yard,,,Southwark,www.vineyardstudios.co.uk,10091667097,E09000028,Borough & Bankside,E05011095,51.50143,-0.09474,532338.4607999995,179775.22419999912,380
The Miller Pub,96 Snowsfields,Southwark,,Southwark,http://www.themiller.co.uk/rehearsal-studio,200003361741,E09000028,London Bridge & West Bermondsey,E05011104,51.50217,-0.08746,532841.5636999998,179870.68630000018,380
Hive London Bridge,1 Melior Place,London,,Southwark,https://londonbridgehive.org/,200003361125,E09000028,London Bridge & West Bermondsey,E05011104,51.50219,-0.08443,533051.7931000004,179878.40819999948,380
Terminal Music Studios,"Unit 17, Bermondsey Trading Estate",Rotherhithe New Road,,Southwark,https://terminal.co.uk/, 200003493931,E09000028,South Bermondsey,E05011116,51.489576,-0.05486124,535141.2016000003,178529.88040000014,380
A Construction Production,9 Alpha Street,,,Southwark,https://aconstructionproduction.com,200003000000,E09000028,Rye Lane,E05011113,51.46651089,-0.066590674,534394.6699999999,175943.4729999993,380
Absolute Motion Control Ltd,78-82 Brandon Street,,,Southwark,http://absolutemotioncontrol.com,200003000000,E09000028,North Walworth,E05011107,51.49028886,-0.091761705,532577.4698000001,178541.70940000005,380
English Touring Theatre,25 Short Street,,,Southwark,https://www.ett.org.uk,200003375965,E09000028,Borough & Bankside,E05011095,51.50235476,-0.105408723,531595.3564999998,179858.8406000007,380
Flux Metal,25 Hatcham Road,,,Southwark,http://fluxmetal.co.uk/,10013524422,E09000028,Old Kent Road,E05011109,51.48186015,-0.053366686,535267.7828000002,177674.64460000023,380
Sands Films ,82 Marychurch Street,,,Southwark,http://www.sandsfilms.co.uk/,200003410996,E09000028,Rotherhithe,E05011112,51.50108058,-0.051798296,535319.7621999998,179814.84610000066,380
Scenic Souvenir Studios ,Unit 8,12 Verney Road,,Southwark,http://www.souvenir.co.uk,200003404927,E09000028,Old Kent Road,E05011109,51.48467414,-0.061837671,534671.3320000004,177971.94459999911,380
Setwo Ltd,"Unit 48, T Marchant Trading Estate", Verney Road,,Southwark,https://www.setwo.co.uk/,10000813689,E09000028,Old Kent Road,E05011109,51.48441856,-0.056873345,535016.7523999996,177952.66599999927,380
Scenic Souvenir Studios ,"Unit 60, T Marchant Estate",46-72 Verney Road,,Southwark,https://www.souvenir.co.uk/,No UPRN,E09000028,Old Kent Road,E05011109,51.48576,-0.05959,534824.182,178096.82760000043,380
Propworks,"Unit 1, Canterbury Industrial Estate",295-297 Ilderton Road,,Southwark,https://www.propworks.co.uk/,See notes,E09000028,Old Kent Road,E05011109,51.48116,-0.05348,535261.9859999996,177596.5792999994,380
Almost Everything,70 MORECAMBE STREET,London,,Southwark,https://almost-everything.co.uk,200003494491,E09000028,North Walworth,E05011107,51.488951,-0.092382719,532538.2353999997,178391.8147,380
Academy London,50 Rushworth Street,,,Southwark,http://www.academycostumes.co.uk,200003354822,E09000028,Borough & Bankside,E05011095,51.501891,-0.10231742,531811.2355000004,179812.82760000043,380
Rosie Tonkin,Studio 3,3 - 5 Latona Road,,Southwark,http://www.rosietonkin.co.uk/,200003494009,E09000028,Old Kent Road,E05011109,51.481949,-0.071129139,534034.2219000002,177651.86309999973,380
Flux Metal,25 Hatcham Road,,,Southwark,http://fluxmetal.co.uk/,10013524422,E09000028,Old Kent Road,E05011109,51.48186015,-0.053366686,535267.7828000002,177674.64460000023,380
James Glancy Design,16-28 Penarth Street,,,Southwark,https://www.jamesglancydesign.com/,10096038264,E09000028,Old Kent Road,E05011109,51.48281328,-0.053354899,535265.7818999998,177780.65350000001,380
Scenic Souvenir Studios ,Unit 8,12 Verney Road,,Southwark,http://www.souvenir.co.uk,200003404927,E09000028,Old Kent Road,E05011109,51.48467414,-0.061837671,534671.3320000004,177971.94459999911,380
Setwo Ltd,Unit 48  T Marchant Trading Estate, Verney Road,,Southwark,https://www.setwo.co.uk/,10000813689,E09000028,Old Kent Road,E05011109,51.48441856,-0.056873345,535016.7523999996,177952.66599999927,380
Absolute Motion Control Ltd,78-82 Brandon Street,,,Southwark,http://absolutemotioncontrol.com,200003422535,E09000028,North Walworth,E05011107,51.49028886,-0.091761705,532577.4698000001,178541.70940000005,380
Footprint Scenery,"Unit 28, Astbury Business Park",Station Passage,,Southwark,http://footprintscenery.co.uk,200003496057,E09000028,Nunhead & Queen's Road,E05011108,51.47455696,-0.054973828,535177.7769999998,176859.56939999945,380
Metro production Group (MPG),"Rose Court, 2 Southwark Bridge Road",,,Southwark,https://www.metroproductiongroup.com/,200003495681,E09000028,Borough & Bankside,E05011095,51.507433,-0.095271087,532284.2221999997,180441.80010000058,380
Scenic Souvenir Studios ,"Unit 60, T Marchant Estate",46-72 Verney Road,,Southwark,https://www.souvenir.co.uk/,No UPRN,E09000028,Old Kent Road,E05011109,51.48576,-0.05959,534824.182,178096.82760000043,380
The London Display Co Ltd,20 St Thomas St,,,Southwark,https://www.thelondondisplay.com/,No UPRN,E09000028,London Bridge & West Bermondsey,E05011104,51.50474,-0.08847,532764.0005000001,180154.64140000008,380
PrintALL Studios,42 Raymouth Road,,,Southwark,http://www.printallstudios.com/,10090747410,E09000028,North Bermondsey,E05011106,51.49066341,-0.055440825,535097.7522,178649.72990000062,380
Oxo Tower Wharf,Barge House St,South Bank,,Southwark,https://coinstreet.org/oxo-tower-wharf,200003497165,E09000028,Borough & Bankside,E05011095,51.508346,-0.10836102,531373.2352,180519.77009999938,380
Peckham Levels,Level 1 To 6 Peckham Town Centre Car Park,,95a Rye Lane,Southwark,https://www.peckhamlevels.org/about,200003394590,E09000028,Rye Lane,E05011113,51.470741,-0.068232581,534268.2198000001,176410.84630000032,380
Vanguard Court Studios,"Rear of 36-38 Peckham Road, Camberwell, London SE5",,,Southwark,www.vanguardcourt.org,10000812526,E09000028,St Giles,E05011115,51.47278,-0.08135,533351.2676999997,176613.6183000002,380
Merch Masters,"Cocoa Studios, Unit 312, The Biscuit Factory, 100 ",,,Southwark,https://www.merchmasters.co.uk,10094746508,E09000028,North Bermondsey,E05011106,51.49505,-0.0618026,534643.2006000001,179125.80169999972,380
3rd Rail,52-56 Verney Road Bermondsey London SE16 3DH,,,Southwark,http://www.3rdrailclothing.co.uk/,200003406389,E09000028,Old Kent Road,E05011109,51.485665,-0.059247909,534848.2125000004,178086.89350000024,380
Jerwood Space,171 Union Street,,,Southwark,www.jerwoodspace.co.uk,200003355048,E09000028,Borough & Bankside,E05011095,51.50360424,-0.099727817,531986.0111999996,180008.00280000083,380
Glasshill Studios,Kings Bench Street,,,Southwark,www.glasshillstudios.com,10091667618,E09000028,Borough & Bankside,E05011095,51.5013608,-0.10113236,531895.0115999999,179756.00200000033,380
Menier Chocolate Factory,53 Southwark Street,,,Southwark,www.menierchocolatefactory.com,200003500280,E09000028,Borough & Bankside,E05011095,51.50466098,-0.094467554,532348.0113000004,180135.0022,380
Exchange Theatre,46 Oxford Drive,Magdelen Street,,Southwark,www.exchangetheatre.com,200003360804,E09000028,London Bridge & West Bermondsey,E05011104,51.50402366,-0.082952188,533149.0122999996,180084.99909999967,380
Ugly Duck,49 Tanner Street,,,Southwark,http://uglyduck.org.uk/,10009803475,E09000028,London Bridge & West Bermondsey,E05011104,51.49994471,-0.077691537,533526.0116999997,179641.00139999948,380
London Bubble,5 Elephant Lane,,,Southwark,www.londonbubble.org.uk,200003410746,E09000028,Rotherhithe,E05011112,51.50060895,-0.055805963,535043.0119000003,179755.00310000032,380
Abacus Arts,2A Browning Street,Southwark,,Southwark,www.abacus-arts.org.uk,200003418897,E09000028,North Walworth,E05011107,51.4899561,-0.095469878,532321.0116999997,178498.0030000005,380
Pembroke House Hall,80 Tatum Street,,,Southwark,http://www.rehearsalstudioslondon.net/London/pembroke-house-hall/,10000813388,E09000028,North Walworth,E05011107,51.49074243,-0.085771182,532992.0120000001,178603.00310000032,380
Calder Theatre Bookshop,51 The Cut,Waterloo,,Southwark,www.calderbookshop.com,200003375676,E09000028,Borough & Bankside,E05011095,51.50303372,-0.106711157,531503.0115999999,179932.00249999948,380
St Andrew's Church,Short Street,,,Southwark,www.stjohnswaterloo.org,200003495644,E09000028,Borough & Bankside,E05011095,51.50263877,-0.106756352,531501.0115999999,179888.00280000083,380
English Touring Theatre,25 Short Street,Waterloo,,Southwark,www.ett.org.uk,200003375965,E09000028,Borough & Bankside,E05011095,51.50263877,-0.106756352,531501.0115999999,179888.00280000083,380
Unicorn Theatre,147 Tooley St,,,Southwark,https://www.unicorntheatre.com/hire-us,10009804074,E09000028,London Bridge & West Bermondsey,E05011104,51.503841,-0.080665905,533308.2096999995,180068.84930000082,380
Theatre Peckham,221 Havil St,Camberwell,,Southwark,https://www.theatrepeckham.co.uk/about-us/hire-our-spaces/,10000811503,E09000028,St Giles,E05011115,51.474444,-0.082908056,533238.2205999997,176795.81900000013,380
Mountview,120 Peckham Hill Street,,,Southwark,https://www.mountview.org.uk/hire-a-space/,10094742520,E09000028,Peckham,E05011110,51.47487,-0.069915779,534139.2189999996,176866.90350000001,380
The MCT,Alleyn's School, Townley Road,,Southwark,https://mct.alleyns.org.uk/,200003440977,E09000028,Goose Green,E05011103,51.454781,-0.082019144,533357.2133,174610.92300000042,380
Theatre Peckham,221 Havil St, Camberwell,,Southwark,https://www.theatrepeckham.co.uk/about-us/hire-our-spaces/,10000811503,E09000028,St Giles,E05011115,51.474444,-0.082908056,533238.2205999997,176795.81900000013,380
Canada Water Theatre,21 Surrey Quays Road,NA,,Southwark,http://canadawaterculturespace.org.uk/venuehire/,10090284129,E09000028,Rotherhithe,E05011112,51.497809,-0.049180032,535511.1798999999,179455.88739999942,380
Siobhan Davies Studios,85 St. George’s Road,Elephant & Castle,,Southwark,https://www.siobhandavies.com/studio-hire/,10009805291,E09000028,St George's,E05011114,51.496059,-0.10535454,531617.2474999996,179158.8462000005,380
Superarts Academy,28 Trinity Church Square,,,Southwark,https://www.superarts.co.uk/ / https://www.superarts.co.uk/superarts-studio-hire/,200003365663,E09000028,Chaucer,E05011098,51.498128,-0.093786067,532414.2337999996,179409.76449999958,380
Husky Studios,29a Amelia Street,Southwark,,Southwark,https://www.huskystudios.co.uk/,200003432841,E09000028,Newington,E05011105,51.489563,-0.09846477,532114.2405000003,178448.88570000045,380
The Miller Pub,96 Snowsfields,Southwark,,Southwark,https://www.themiller.co.uk/rehearsals,200003361741,E09000028,London Bridge & West Bermondsey,E05011104,51.502065,-0.087598992,532832.2226,179858.7583000008,380
Bold Elephant ,21 St.George’s Road,Elephant and Castle,,Southwark,https://boldtheatre.com/rehearsals/,200003374921,E09000028,St George's,E05011114,51.495296,-0.10269216,531804.2466000002,179078.78639999963,380
London Performance Studios,"Unit 30, Penarth Centre",Penarth St,,Southwark,https://www.londonperformancestudios.com/hires,200003499809,E09000028,Old Kent Road,E05011109,51.483793,-0.055366587,535123.2133999998,177885.8836000003,380
The Pen Theatre ,"Unit 22b, Penarth Centre",Penarth Street,South Bermondsey,Southwark,https://thepentheatre.com/,200003494996,E09000028,Old Kent Road,E05011109,51.483309,-0.054955072,535153.2152000004,177832.8225999996,380
Bacon's College Theatre,Timber Pond Road, Rotherhithe,,Southwark,NA,200003413985,E09000028,Rotherhithe,E05011112,51.50287556,-0.043862524,535865.1903999997,180029.14130000025,380
The Half Moon,10 Half Moon Lane, Herne Hill,,Southwark,http://www.halfmoonhernehill.co.uk/,6044554,E09000028,Dulwich Village,E05011100,51.45339185,-0.097891172,532258.5193999996,174427.68200000003,380
Theatre Peckham,221 Havil St, Camberwell,,Southwark,https://www.theatrepeckham.co.uk/,10000811503,E09000028,St Giles,E05011115,51.47751843,-0.085306286,533062.7368000001,177133.33510000072,380
Unicorn Theatre,147 Tooley St,,,Southwark,https://www.unicorntheatre.com/,10009804074,E09000028,London Bridge & West Bermondsey,E05011104,51.50458886,-0.082889513,533151.7147000004,180147.96409999952,380
Blue Elephant Theatre,59A Bethwin Rd, Camberwell,,Southwark,http://www.blueelephanttheatre.co.uk/,10090283293,E09000028,Camberwell Green,E05011096,51.48065992,-0.099891942,532040.8502000002,177456.2809999995,380
Cada Water Theatre,21 Surrey Quays Road,,,Southwark,http://canadawaterculturespace.org.uk/,10090284129,E09000028,Rotherhithe,E05011112,51.49832275,-0.050768479,535399.4066000003,179510.0781999994,380
The Bridge Theatre,3 Potters Fields Park,,,Southwark,https://bridgetheatre.co.uk/,10090749570,E09000028,London Bridge & West Bermondsey,E05011104,51.50414492,-0.078830885,533434.6701999996,180105.98980000056,380
The CLF Art Café,Block A, Bussey Building, 133 Rye Lane,Southwark,https://www.clfartcafe.org/theatre,10090750261,E09000028,Rye Lane,E05011113,51.47042121,-0.069824735,534158.5809000004,176372.36810000055,380
Sam Wamaker Playhouse,21 New Globe Walk,,,Southwark,http://www.shakespearesglobe.com/theatre/whats-on/sam-wanamaker-playhouse,10090750983,E09000028,Borough & Bankside,E05011095,51.50862325,-0.098181097,532078.8447000002,180568.90440000035,380
Cervantes Theatre,Arch 26, Old Union Arches, 229 Union Street,Southwark,http://www.cervantestheatre.com/,10091668523,E09000028,Borough & Bankside,E05011095,51.5038606,-0.103379478,531731.8481999999,180029.9375,380
Katzpace,Katzenjammers, 24 Southwark Street,,Southwark,https://www.katzpace.co.uk/,10093339191,E09000028,Borough & Bankside,E05011095,51.50540364,-0.092624576,532473.7573999995,180220.91740000062,380
Bunker Theatre,53A Southwark St,,,Southwark,https://www.bunkertheatre.com/,10093341165,E09000028,Borough & Bankside,E05011095,51.5051726,-0.096077229,532234.8223000001,180188.9877000004,380
Union Theatre,Old Union Arches, 229 Union St,,Southwark,http://www.uniontheatre.biz/,200003354927,E09000028,Borough & Bankside,E05011095,51.5038606,-0.103379478,531731.8481999999,180029.9375,380
LSMT,London School of Musical Theatre, 83 Borough Rd,,Southwark,https://www.lsmt.co.uk/,200003356644,E09000028,St George's,E05011114,51.49951306,-0.100289685,531958.8312999997,179552.04990000091,380
Southwark Playhouse,77-85 Newington Causeway, London,,Southwark,http://southwarkplayhouse.co.uk/,200003374411,E09000028,St George's,E05011114,51.49821019,-0.099781703,531997.8512000004,179408.08530000038,380
Shakespeares Globe,21 New Globe Walk,,,Southwark,http://www.shakespearesglobe.com/,200003377200,E09000028,Borough & Bankside,E05011095,51.50862325,-0.098181097,532078.8447000002,180568.90440000035,380
The Rose Playhouse,56 Park St,,,Southwark,http://www.roseplayhouse.org.uk/,200003377328,E09000028,Borough & Bankside,E05011095,51.50781833,-0.09786911,532102.8213,180479.95979999937,380
The MCT,Alleyn's School, Townley Road,,Southwark,https://mct.alleyns.org.uk/,200003440977,E09000028,Goose Green,E05011103,51.45529878,-0.083576692,533247.4966000002,174665.66589999944,380
"The Old Library, Theatre Deli",39 Wells Way,,,Southwark,https://www.theatredeli.co.uk/about-the-old-library,200003453340,E09000028,Faraday,E05011102,51.48312388,-0.087174361,532916.7367000002,177753.2697999999,380
Greenwood Theatre,55 Weston St,,,Southwark,https://www.kcl.ac.uk/greenwood/index.aspx,200003496919,E09000028,London Bridge & West Bermondsey,E05011104,51.50311795,-0.087504035,532835.7518999996,179976.0189999994,380
Menier Chocolate Factory,53 Southwark St,,,Southwark,https://www.menierchocolatefactory.com/,200003500280,E09000028,Borough & Bankside,E05011095,51.5051726,-0.096077229,532234.8223000001,180188.9877000004,380
Mountview,120 Peckham Hill Street,,,Southwark,https://www.mountview.org.uk/,10094742520 ,E09000028,Peckham,E05011110,51.47487,-0.069915779,534139.2189999996,176866.90350000001,380
Southwark Park Galleries ,1 Park Approach,Southwark Park,,Southwark,https://southwarkparkgalleries.org/,10000811264 ,E09000028,Rotherhithe,E05011112,51.494147,-0.053931951,535192.1914999997,179039.88859999925,380
Bold Elephant ,21 St.George’s Road,Elephant and Castle,,Southwark,https://boldtheatre.com/,200003374921 ,E09000028,St George's,E05011114,51.495296,-0.10269216,531804.2466000002,179078.78639999963,380
The Pen Theatre ,"Unit 22b, Perth Centre",Perth Street,South Bermondsey,Southwark,https://thepentheatre.com/,200003494996,E09000028,Old Kent Road,E05011109,51.483309,-0.054955072,535153.2152000004,177832.8225999996,380
