﻿name,address1,address2,address3,borough_name,website,os_addressbase_uprn,borough_code,ward_2022_name,ward_2022_code,latitude,longitude,easting,northing,fme_feature_type.total_count
British Airways Heritage Collection,Waterside Speedbird Way,Harmondsworth ,UB7 0GA,Hillingdon,https://www.britishairways.com/en-gb/information/about-ba/history-and-heritage/heritage-collection,100023000000,E09000017,Heathrow Villages,E05013570,51.48549094,-0.487020906,505149.01290000044,177367.00180000067,51
Brunel University Archives,The Old School House ,1 Hillingdon Road  Uxbridge,UB10 0AA,Hillingdon,https://www.brunel.ac.uk/about/Archives,100023000000,E09000017,Hillingdon West,E05013572,51.53662881,-0.471007019,506142.01800000016,183077.00510000065,51
Brunel University Library,Kingston Lane,Uxbridge ,UB8 3PH,Hillingdon,https://www.brunel.ac.uk/life/library,100023000000,E09000017,Colham & Cowley,E05013566,51.53283992,-0.472835336,506024.0137,182653.0033999998,51
EMI Group Archive Trust,Dawley Road,Hayes ,UB3 1HH,Hillingdon,https://www.emiarchivetrust.org/,10022797517,E09000017,Hayes Town,E05013569,51.5081604,-0.430243685,509037.01219999976,179971.00009999983,51
"Hillingdon Local Studies, Archives and Museums Servic",Local Studies Archives and Museum Service Central ,Uxbridge ,UB8 1HD,Hillingdon,https://www.hillingdon.gov.uk/history,100000000000,E09000017,Uxbridge,E05013580,51.54518515,-0.478276716,505618.00829999987,184018.00159999914,51
London School of Theology,Green Lane,Northwood ,HA6 2UW,Hillingdon,https://home.lst.ac.uk/,100000000000,E09000017,Northwood,E05013574,51.61294959,-0.431728976,508684.01209999993,191622.00009999983,51
SADAA (South Asian Diaspora Arts Archive),Special Collections Brunel University Library,Uxbridge ,UB8 3PH,Hillingdon,https://sadaa.co.uk/,100000000000,E09000017,Colham & Cowley,E05013566,51.53283992,-0.472835336,506024.0137,182653.0033999998,51
Southlands Arts Centre,"75, The Green",West Drayton,,Hillingdon,www.southlandsarts.co.uk,100023420565,E09000017,West Drayton,E05013581,51.50155042,-0.475855495,505887.0077999998,179169.00170000084,51
Cineworld South Ruislip ,,The Old Dairy,HA4 0EU,Hillingdon,,10092984334,E09000017,South Ruislip,E05013579,51.55907,-0.40009244,511005.5724999998,185677.8219000008,51
Odeon Uxbridge,,302 The Chimes Shopping Centre,UB8 1GD,Hillingdon,,10003003209,E09000017,Uxbridge,E05013580,51.54505,-0.47561,505803.2335000001,184006.82430000044,51
Winston Churchill Theatre,Manor Farm,,,Hillingdon,http://www.hillingdontheatres.uk,100023034034,E09000017,Ruislip,E05013577,51.5789453,-0.428743514,508972.0125000002,187845.00709999911,51
Uxbridge College,34 College Way,,,Hillingdon,https://www.uxbridge.ac.uk,10003002623,E09000017,Wood End,E05013582,51.5162788,-0.411430057,510323.017,180902.0002999995,51
"Compass Theatre, Hillingdon",45 Glebe Ave,,,Hillingdon,http://www.hillingdontheatres.uk,100023413466,E09000017,Ickenham & South Harefield,E05013573,51.56218624,-0.440386739,508205.0119000003,185964.00200000033,51
Beck Theatre,89 Grange Road,,,Hillingdon,https://becktheatre.org.uk/Online/,10003001360,E09000017,Wood End,E05013582,51.5210498,-0.421800756,509592.0114000002,181417.0022,51
Windmill Studio,106 - 106A Pembroke Road,,,Hillingdon,http://www.thewindmillstudio.com,100023034352,E09000017,Ruislip Manor,E05013578,51.57342523,-0.414128084,509998.01329999976,187253.00870000012,51
Futinity UK,1 Harefield Road,,,Hillingdon,http://futunityuk.com,100023421949,E09000017,Uxbridge,E05013580,51.54855228,-0.482750722,505300.01099999994,184386.00200000033,51
Uxbridge College,34 College Way,,,Hillingdon,https://www.uxbridge.ac.uk,10003002623,E09000017,Wood End,E05013582,51.5162788,-0.411430057,510323.017,180902.0002999995,51
"Compass Theatre, Hillingdon",45 Glebe Ave,,,Hillingdon,http://www.hillingdontheatres.uk,100023413466,E09000017,Ickenham & South Harefield,E05013573,51.56218624,-0.440386739,508205.0119000003,185964.00200000033,51
Beck Theatre,Grange Road,Hayes,Middlesex,Hillingdon,https://becktheatre.org.uk/Online/,10003001360,E09000017,Wood End,E05013582,51.5210498,-0.421800756,509592.0114000002,181417.0022,51
Futunity UK,Hillingdon sports and leisure complex ,Oxford Road,Uxbridge ,Hillingdon,http://futunityuk.com/,100023421675,E09000017,Uxbridge,E05013580,51.550992,-0.46725746,506368.56149999984,184679.7246000003,51
Threads London Limited,130 Manor Way,,,Hillingdon,http://www.threads-london.com/,100023034450,E09000017,Ruislip,E05013577,51.57447039,-0.414279307,509985.0131000001,187369.00799999945,51
Harlington Library,,,,Hillingdon,,10003001185,E09000017,Pinkwell,E05013576,51.49708916,-0.434933798,508737.8680999996,178732.83779999986,51
West Drayton Library,,,,Hillingdon,,100023420922,E09000017,West Drayton,E05013581,51.50520608,-0.468693946,506375.54870000016,179585.9132000003,51
Botwell Green Library,,,,Hillingdon,,10022805611,E09000017,Hayes Town,E05013569,51.50797249,-0.416286829,510006.02720000036,179970.98039999977,51
Yiewsley Library,,,,Hillingdon,,100023420805,E09000017,Yiewsley,E05013584,51.51464462,-0.472499744,506089.5022999998,180630.02759999968,51
Yeading Library,,,,Hillingdon,,100023417063,E09000017,Belmore,E05013564,51.52036818,-0.402580015,510927.11760000046,181370.1436999999,51
Hayes End Library,,,,Hillingdon,,100023417260,E09000017,Charville,E05013565,51.52547573,-0.434551689,508696.88159999996,181890.1992000006,51
Charville Library,,,,Hillingdon,,100023417465,E09000017,Charville,E05013565,51.53458782,-0.425961931,509270.93840000033,182916.31770000048,51
Oak Farm Library,,,,Hillingdon,,100023414220,E09000017,Hillingdon East,E05013571,51.54105794,-0.448540066,507689.7324999999,183602.3739,51
Uxbridge Library,,,,Hillingdon,,100023421562,E09000017,Uxbridge,E05013580,51.54468289,-0.47672958,505726.45079999976,183964.38099999912,51
South Ruislip Library,,,,Hillingdon,,10003002133,E09000017,South Ruislip,E05013579,51.55683414,-0.393563692,511463.59410000034,185439.10390000045,51
Ickenham Library,,,,Hillingdon,,100023413527,E09000017,Ickenham & South Harefield,E05013573,51.56302186,-0.441948781,508094.7598000001,186054.61950000003,51
Ruislip Manor Library,,,,Hillingdon,,10022800920,E09000017,Ruislip Manor,E05013578,51.57182885,-0.409969652,510290.04030000046,187081.73809999973,51
Manor Farm Library,,,,Hillingdon,,100023034184,E09000017,Ruislip,E05013577,51.57749759,-0.426875733,509104.8929000003,187686.79609999992,51
Eastcote Library,,,,Hillingdon,,100023034643,E09000017,Eastcote,E05013567,51.57987055,-0.399015966,511029.53079999983,187992.54839999974,51
Northwood Hills Library,,,,Hillingdon,,100023037608,E09000017,Northwood Hills,E05013575,51.60229864,-0.406724744,510441.03949999996,190474.96729999967,51
Harefield Library,,,,Hillingdon,,100023564754,E09000017,Harefield Village,E05013568,51.60389981,-0.481377327,505267.4121000003,190543.0418999996,51
Northwood Library,,,,Hillingdon,,100023564110,E09000017,Northwood,E05013574,51.61183903,-0.423276417,509271.9024,191511.06770000048,51
Mistral Models,Long Lane Farm,Long Lane,,Hillingdon,http://mistralmodels.com,No UPRN,E09000017,Ickenham & South Harefield,E05013573,51.55559322,-0.4412505,508160.76570000034,185229.53700000048,51
James Mansfield Timber,Unit F Uxbridge Depot,Eskdale Road Ind. Estate,,Hillingdon,http://www.jamesmansfieldtimber.co.uk,No UPRN,E09000017,Uxbridge,E05013580,51.53785474,-0.492561154,504644.3214999996,183182.2940999996,51
"Hillingdon Local Studies, Archives and Museum",Central Library,14-16 High Street,Uxbridge,Hillingdon,https://www.hillingdon.gov.uk/history,100023421562,E09000017,Uxbridge,E05013580,51.54468289,-0.47672958,505726.45079999976,183964.38099999912,51
Rnr Studios,Chiltern Business Village Arundel Rd,Uxbridge,,Hillingdon,,100023660580,E09000017,Uxbridge,E05013580,51.53611119,-0.491248817,504739.3309000004,182990.27419999987,51
Mistral Models,Long Lane Farm,Long Lane,,Hillingdon,http://mistralmodels.com,100023414112,E09000017,Ickenham & South Harefield,E05013573,51.55559322,-0.4412505,508160.76570000034,185229.53700000048,51
Trinity HQ,"Unit A, Barton Buildings",Arundel Road,Uxbridge Industria,Hillingdon,https://trinityset.co.uk,10009948118,E09000017,Uxbridge,E05013580,51.53591265,-0.489979319,504827.8304000003,182970.01139999926,51
Metropolis Construction (/Flash Film Transport),Uxbridge Industrial Estate,54 Wallingford Road,Uxbridge,Hillingdon,https://www.flashfilmtransport.com/set-construction,No UPRN,E09000017,Uxbridge,E05013580,51.53591,-0.48859,504924.19070000015,182971.7061999999,51
Winston Churchill Theatre,Manor Farm,Pinn Way,,Hillingdon,http://www.hillingdontheatres.uk/,100023034034,E09000017,Ruislip,E05013577,51.5789453,-0.428743514,508972.0125000002,187845.00709999911,51
Compass Theatre,Glebe Avenue,Ickenham,,Hillingdon,http://www.hillingdontheatres.uk/,100023413466,E09000017,Ickenham & South Harefield,E05013573,51.56084851,-0.43986987,508244.01180000044,185816.00210000016,51
Churchill Theatre,High Street, Bromley,,Hillingdon,https://churchilltheatre.co.uk/Online/venue-room-hire-conferencing-meeting-space-bromley,100023034034,E09000017,Ruislip,E05013577,51.578943,-0.42876451,508970.56319999974,187844.7201000005,51
The Beck Theatre,Grange Rd, Hayes,,Hillingdon,https://becktheatre.org.uk/,10003001360,E09000017,Wood End,E05013582,51.52155421,-0.423374127,509481.6480999999,181470.74340000004,51
Winston Churchill Theatre,Manor Farm, Pinn Way, Ruislip,Hillingdon,http://www.hillingdontheatres.uk/index.php/hire/our-spaces/wct/,100023034034,E09000017,Ruislip,E05013577,51.57944316,-0.430318955,508861.66309999954,187898.0264999997,51
Compass Theatre,Glebe Ave, Ickenham,,Hillingdon,http://www.hillingdontheatres.uk/,100023413466,E09000017,Ickenham & South Harefield,E05013573,51.56134887,-0.441442996,508133.78220000025,185869.3191999998,51
