﻿name,address1,address2,address3,borough_name,website,os_addressbase_uprn,borough_code,ward_2022_name,ward_2022_code,latitude,longitude,easting,northing,fme_feature_type.total_count
Greenwich Heritage Centre,Artillery Square Royal Arsenal, ,SE18 4DX,Greenwich,https://www.greenwichheritage.org/visit/greenwich-heritage-centre,10010229615,E09000011,Woolwich Arsenal,E05014092,51.49430805,0.069422401,543754.1639999999,179292.7226999998,128
National Maritime Museum: The Caird Library and Archi,Park Row ,Romney Road  ,SE10 9NF,Greenwich,https://www.rmg.co.uk/research-collections/caird-library,10010243516,E09000011,Greenwich Park,E05014081,51.48094088,-0.005215641,538613.8302999996,177662.4539999999,128
University of Greenwich,Dreadnought Library Old Royal Naval College Park R, ,SE10 9LS,Greenwich,https://www.gre.ac.uk/,100000000000,E09000011,Greenwich Park,E05014081,51.48296792,-0.006397414,538525.6293000001,177885.6252999995,128
Norman Road Studios,Norman House,125 Greenwich High Rd,,Greenwich,www.acava.org,10010217066,E09000011,Greenwich Park,E05014081,51.4767242,-0.017176849,537796.0110999998,177171.00379999913,128
Borthwick St,5 Borthwick St,,,Greenwich,www.acava.org,10010244675,E09000011,Greenwich Creekside,E05014080,51.48496902,-0.024778976,537243.3600000003,178073.54260000028,128
Azof,Azof Street,Greenwich,,Greenwich,www.spacestudios.org.uk,100023227586,E09000011,East Greenwich,E05014076,51.48899702,0.007934343,539502.3128000004,178583.2413999997,128
Commonwealth Studios,"2, Commonwealth Buildings",Woolwich Church St,,Greenwich,,10010244186,E09000011,Woolwich Dockyard,E05014094,51.49280506,0.046945644,542198.6830000002,179081.71189999953,128
Thames-Side Studios,5 Harrington Way,Woolwich,,Greenwich,https://www.thames-sidestudios.co.uk/,10010229623,E09000011,Charlton Village & Riverside,E05014075,51.4943765,0.043965071,541986.9029999999,179250.6729000006,128
Art Hub Studios CIC,"Unit 2b, Bldg 28, ",34 Bowater Rd,,Greenwich,www.arthub.org.uk,10010244296,E09000011,Charlton Village & Riverside,E05014075,51.49456696,0.039912483,541705.0126999998,179264.00200000033,128
SET North Greenwich,271-287 Tunnel Avenue,Greenwich,,Greenwich,https://setspace.uk/studios,10010240193,E09000011,Greenwich Peninsula,E05014082,51.498911,0.000674569,538968.1518000001,179671.87959999964,128
SET Woolwich,"Riverside House, Beresford Street",Woolwich,,Greenwich,https://setspace.uk/studios,10010227024,E09000011,Woolwich Arsenal,E05014092,51.49326,0.065700998,543499.1424000002,179168.88340000063,128
Domeview Yard,269 Tunnel Avenue ,North Greenwich,,Greenwich,https://assemblestudio.co.uk/workspace/domeview-yard,10010266827,E09000011,Greenwich Peninsula,E05014082,51.49845,0.000308581,538944.1520999996,179619.92210000008,128
TRAFALGAR ROAD SE10,210-218 Trafalgar Rd,Greenwich,,Greenwich,https://www.arbeit.org.uk/new-cross-se14-1,100023229093 ,E09000011,East Greenwich,E05014076,51.485279,0.00640094,539407.2021000003,178166.88150000013,128
QUEERCIRCLE,"Building 4, Design District,", 3 Barton Yard,SE10 0BN,Greenwich,,,E09000011,Greenwich Peninsula,E05014082,51.49936,0.00572,539316.9724000003,179731.39310000092,128
Greenwich Picturehouse,,180 Greenwhich Rd,SE10 8NN,Greenwich,,200001082727,E09000011,Greenwich Park,E05014081,51.479438,-0.00969721,538307.1964999996,177486.86959999986,128
Odeon Greenwich,,Bugsby Way,SE10 0QJ,Greenwich,,10010223864,E09000011,Greenwich Peninsula,E05014082,51.490575,0.01274125,539831.1928000003,178767.87450000085,128
Vue Eltham,,,,Greenwich,,,E09000011,Eltham Town & Avery Hill,E05014079,51.4506,0.05675,543011.0935000004,174407.60960000008,128
Cineworld The O2 Greenwich,,The O2,SE10 0DX,Greenwich,www.cineworld.co.uk,10010224824,E09000011,Greenwich Peninsula,E05014082,51.503018,0.00449996,539221.1396000003,180135.83830000088,128
Paul McPherson Gallery,77 Lassell Street,,,Greenwich,http://www.paulmcgallery.com/#,100020981999,E09000011,East Greenwich,E05014076,51.48418555,0.00345882,539206.2646000003,178039.6984000001,128
Blackheath Gallery,34a Tranquil Vale,,,Greenwich,http://www.blackheath-gallery.co.uk/#,100023267656,E09000011,Blackheath Westcombe,E05014073,51.46587877,0.010547457,539754.3483999996,176017.4835000001,128
Greenwich Printmakers Gallery,1a Greenwich Market,,,Greenwich,http://www.greenwich-printmakers.org.uk/#,100023537574,E09000011,Greenwich Park,E05014081,51.48085705,-0.007576419,538450.1617999999,177648.67049999908,128
ArtFix Woolwich,51 Powis Street,,,Greenwich,artfix.org.uk,100023245973,E09000011,Woolwich Arsenal,E05014092,51.49073476,0.068102393,543673.7684000004,178892.78590000048,128
The Artworks,The Artwork Creekside,3 Creekside,,Greenwich,https://www.theartworkscreekside.com,100023281198,E09000011,Greenwich Park,E05014081,51.47609905,-0.020299452,537581.0559999999,177095.61769999936,128
Crixus Productions,Crixus Studios,Woolwich Church Street,,Greenwich,http://www.crixusproductions.co.uk/index.php/studio/,10010260156,E09000011,Woolwich Dockyard,E05014094,51.49223228,0.051976041,542549.6500000004,179027.79880000092,128
Cockpit Deptford,Cockpit Arts Deptford,18 - 22 Creekside,,Greenwich,www.cockpitarts.com,100023280408,E09000011,Greenwich Creekside,E05014080,51.4781107,-0.019060092,537661.0623000003,177321.63969999924,128
Greenwich Theatre,3 Crooms Hill,,,Greenwich,,10010200382,E09000011,Greenwich Park,E05014081,51.47946415,-0.007621808,538451.2292,177493.6952999998,128
The O2 Arena,Peninsula Square,,,Greenwich,https://www.theo2.co.uk,10010228254,E09000011,Greenwich Peninsula,E05014082,51.50292054,0.003185639,539130.2214000002,180122.50310000032,128
The Tramshed,51-53 Woolwich New Road,,,Greenwich,http://www.glypt.co.uk/tramshed/tramshedhistory/,100023246054,E09000011,Woolwich Arsenal,E05014092,51.48949713,0.068021085,543672.0131000001,178755.00239999965,128
Greenwich Dance,33-35 Royal Hill,,,Greenwich,www.greenwichdance.org.uk,100023227774,E09000011,Greenwich Park,E05014081,51.47806302,-0.0107391,538239.0077999998,177332.0075000003,128
"King Charles Court, Old Royal Naval College (Trinity ",King William Walk,,,Greenwich,https://www.trinitylaban.ac.uk/whats-on/our-venues/king-charles-court,10010216996,E09000011,Greenwich Park,E05014081,51.48358702,-0.007171472,538470.0087000001,177953.00620000064,128
Blackheath Halls,23 Lee Road,,,Greenwich,http://www.blackheathhalls.com,100023269695,E09000011,Blackheath Westcombe,E05014073,51.46437941,0.009627334,539695.0136000002,175849.00210000016,128
The Tramshed,41 Woolwich New Road,,,Greenwich,https://www.tramshed.org/,100023245449,E09000011,Woolwich Arsenal,E05014092,51.489729,0.068609625,543712.1404999997,178781.94079999998,128
Greenwich Dance,The Nest,Cygnet Square,Thamesmead,Greenwich,https://greenwichdance.org.uk/,10010224639,E09000011,Charlton Village & Riverside,E05014075,51.480557,0.037748523,541598.2072999999,177701.90630000085,128
Academy Performing Arts,"Building 40, Artillery Square",Royal Arsenal,Woolwich,Greenwich,http://www.better.org.uk/leisure-centre/london/greenwich/academy-performing-arts,10010214484,E09000011,Woolwich Arsenal,E05014092,51.49409739,0.068762397,543709.0137999998,179268.00239999965,128
Millenium Performing Arts,29 Thomas Street,,,Greenwich,http://www.mpacollege.co.uk,10010230583,E09000011,Woolwich Arsenal,E05014092,51.49073887,0.065694614,543506.6131999996,178888.52309999987,128
OMJ24 CREATIVE SPACE,71-73 Nathan Way,Room E,,Greenwich,,100023647167,E09000011,West Thamesmead,E05014091,51.49261665,0.092912164,545390.0113000004,179151.00320000015,128
Hangar Art Trust,4 Harrington Way,"Unit 7a, Mellish Industrial Estate",,Greenwich,http://hangarartstrust.org/space-hire/,10010240206,E09000011,Charlton Village & Riverside,E05014075,51.4943765,0.043965071,541986.9029999999,179250.6729000006,128
The Tramshed,51-53 Woolwich New Road,,,Greenwich,http://www.glypt.co.uk/tramshed/tramshedhistory/,100023246054,E09000011,Woolwich Arsenal,E05014092,51.48949713,0.068021085,543672.0131000001,178755.00239999965,128
Trinity Laban / Laban Theatre,Laban Building,30 Creekside,,Greenwich,https://www.trinitylaban.ac.uk/whats-on/dance-events,100023569221,E09000011,Greenwich Creekside,E05014080,51.48005383,-0.020503156,537555.0111999996,177535.0022,128
Greenwich Dance,33-35 Royal Hill,,,Greenwich,www.greenwichdance.org.uk,100023227774,E09000011,Greenwich Park,E05014081,51.47806302,-0.0107391,538239.0077999998,177332.0075000003,128
"King Charles Court, Old Royal Naval College (Trinity ",King William Walk,,,Greenwich,https://www.trinitylaban.ac.uk/whats-on/our-venues/king-charles-court,10010216996,E09000011,Greenwich Park,E05014081,51.48358702,-0.007171472,538470.0087000001,177953.00620000064,128
Blackheath Halls,23 Lee Road,,,Greenwich,http://www.blackheathhalls.com,100023269695,E09000011,Blackheath Westcombe,E05014073,51.46437941,0.009627334,539695.0136000002,175849.00210000016,128
The Tramshed,41 Woolwich New Road,,,Greenwich,https://www.tramshed.org/,100023245449,E09000011,Woolwich Arsenal,E05014092,51.489729,0.068609625,543712.1404999997,178781.94079999998,128
Greenwich Dance,Charlton House,Charlton Road,,Greenwich,https://greenwichdance.org.uk/,10010224639,E09000011,Charlton Village & Riverside,E05014075,51.480557,0.037748523,541598.2072999999,177701.90630000085,128
Shrewsbury House,Shrewsbury House Community Centre,", Bushmoor Crescent",Shooters Hill ,Greenwich,https://shrewsburyhouse.org/index.php,100023243765,E09000011,Shooters Hill,E05014089,51.473519,0.072959352,544065.1508999998,176987.94349999912,128
Woolwich Works ,The Fireworks Factory,11 No. 1 Street,Royal Arsenal,Greenwich,https://www.woolwich.works/venue-hire,10010229615,E09000011,Woolwich Arsenal,E05014092,51.494442,0.069067917,543729.1372999996,179306.9221999999,128
Angelina Studio Ltd,25-27  Passey Place,,,Greenwich,http://www.angelinastudio.co.uk/,10010244019,E09000011,Eltham Town & Avery Hill,E05014079,51.45012476,0.054365767,542846.9208000004,174350.11209999956,128
Thames-Side Studios,"Thames-Side Studios, TW-127, Harrington Way, Warsp",,,Greenwich,https://www.thames-sidestudios.co.uk/,No UPRN,E09000011,Woolwich Dockyard,E05014094,51.49451,0.04495,542054.8539000005,179267.42840000056,128
Rose and Crown ,1 Crooms Hill,Greenwich,SE10 8ER,Greenwich,,10010200404,E09000011,Greenwich Park,E05014081,51.47871233,-0.007712625,538447.2001,177409.92200000025,128
The George & Dragon,2 Blackheath Hill,,SE10 8DE,Greenwich,http://www.georgedragon.com/,10010199835,E09000011,Greenwich Park,E05014081,51.47284598,-0.014952004,537962.2081000004,176743.93740000017,128
Coldharbour Library,,,,Greenwich,,10010224659,E09000011,"Mottingham, Coldharbour & New Eltham",E05014086,51.42980097,0.058915383,543226.5736999996,172099.0195000004,128
Mottingham Library,,,,Greenwich,,100023283985,E09000011,"Mottingham, Coldharbour & New Eltham",E05014086,51.43693949,0.045208326,542251.5992999999,172866.10639999993,128
New Eltham Library,,,,Greenwich,,10010197970,E09000011,"Mottingham, Coldharbour & New Eltham",E05014086,51.43700853,0.072897864,544175.8233000003,172927.89550000057,128
Eltham Centre Library,,,,Greenwich,,100023282187,E09000011,Eltham Town & Avery Hill,E05014079,51.45051273,0.05950408,543202.7192000002,174403.28460000083,128
Blackheath Village community library service,,,,Greenwich,,100023268086,E09000011,Blackheath Westcombe,E05014073,51.46567918,0.011172244,539798.3536,175996.4802000001,128
Blackheath Library,,,,Greenwich,,100023268277,E09000011,Blackheath Westcombe,E05014073,51.47646341,0.02315429,540597.4633999998,177218.59410000034,128
West Greenwich Library,,,,Greenwich,,10010200468,E09000011,Greenwich Park,E05014081,51.47748419,-0.009682215,538314.1494000005,177269.63570000045,128
Charlton Library,,,,Greenwich,,100023280005,E09000011,Charlton Village & Riverside,E05014075,51.47996113,0.038778646,541671.5752999997,177637.63759999909,128
Greenwich Centre Library,,,,Greenwich,,10010254284,E09000011,East Greenwich,E05014076,51.48507784,0.009978276,539656.1873000003,178151.32330000028,128
Plumstead Library,,,,Greenwich,,100023243067,E09000011,Plumstead & Glyndon,E05014087,51.48585252,0.097888361,545756.9976000004,178408.72199999914,128
Woolwich Library,,,,Greenwich,,10010239328,E09000011,Woolwich Arsenal,E05014092,51.48875521,0.067021338,543604.9412000002,178670.54089999944,128
Abbey Wood Library,,,,Greenwich,,10010232562,E09000011,Abbey Wood,E05014072,51.49324188,0.111800593,546699.1317999996,179258.18569999933,128
Thamesmere Library,,,,Greenwich,,10010224992,E09000011,Thamesmead Moorings,E05014090,51.50721776,0.110795098,546584.5000999998,180810.28910000063,128
Slade Centre Library ,,,,Greenwich,,,E09000011,Plumstead Common,E05014088,51.4788,0.08513,544893.5957000004,177599.18329999968,128
Creative Nature,Creative Nature,Tw08 Thames-Side Studios,Harrington Way,Greenwich,https://www.creativenature.info/,10010245468,E09000011,Charlton Village & Riverside,E05014075,51.49485065,0.044292164,542008.1328999996,179304.03280000016,128
London Sculpture Workshop,London Sculpture Workshop,Unit Zero,Harrington Way,Greenwich,http://londonsculptureworkshop.org/,10010245033,E09000011,Charlton Village & Riverside,E05014075,51.49434564,0.042593181,541891.7729000002,179244.58210000023,128
Maze Hill Pottery,Maze Hill Pottery,The Old Ticket Office,Woodlands Park Roa,Greenwich,http://www.mazehillpottery.co.uk/,10010237788,E09000011,East Greenwich,E05014076,51.48289728,0.005857177,539376.7127999999,177901.0014999993,128
Thames Barrier Print Studio,Thames Barrier Print Studio,"Thames Barrier Print Studio, Second F",Unit 4 Harrington ,Greenwich,http://www.thamesbarrier-printstudio.co.uk/,10010229620,E09000011,Charlton Village & Riverside,E05014075,51.49493929,0.043457944,541949.9528999999,179312.2720999997,128
Dome View Yard,269 Tunnel Avenue ,,,Greenwich,https://assemblestudio.co.uk/workspace/sugarhouse-studios,10010266827 ,E09000011,Greenwich Peninsula,E05014082,51.49845,0.000308581,538944.1520999996,179619.92210000008,128
Paye Stonework and Restoration Ltd,Stationmasters House,Mottingham Station Approach ,,Greenwich,https://paye.net/portfolio/,10010196896,E09000011,"Mottingham, Coldharbour & New Eltham",E05014086,51.43933094,0.051949385,542712.6580999997,173145.1383999996,128
Framework Picture Framing LTD,5-9 Creekside,,,Greenwich,http://www.arthub.org.uk/framing/,10070773229,E09000011,Greenwich Park,E05014081,51.47627054,-0.020335233,537578.0553000001,177114.61999999918,128
Jamm Print and Production Ltd,Commonwealth Buildings,1a Woolwich Church Street,,Greenwich,https://www.jamm.co.uk/index.shtml,10010244186,E09000011,Woolwich Dockyard,E05014094,51.49247685,0.049290201,542362.4508999996,179049.7701999992,128
Nicholas Alexander Ltd,Dockyard Industrial Estate,Block 4 Woolwich Church St,,Greenwich,http://nicholasalexander.co.uk/about/,10010244339,E09000011,Woolwich Dockyard,E05014094,51.49234601,0.052923984,542615.0963000003,179042.29130000062,128
Bubble House Limited,Unit 62 Westminster Industrial Estate,37 Bowater Road,,Greenwich,http://www.bubblehouse.co.uk/,202140421,E09000011,Charlton Village & Riverside,E05014075,51.49347551,0.04189876,541846.2741,179146.47800000012,128
Helix 3D Ltd,The Old Turbine Factory,138-140  Nathan Way,,Greenwich,https://helix3d.co.uk/,100023267008,E09000011,Plumstead & Glyndon,E05014087,51.49446801,0.101439427,545976.0114000002,179373.8345999997,128
Project 2020,4 Creekside,,,Greenwich,http://www.project2020.co.uk,100023281226,E09000011,Greenwich Park,E05014081,51.47586052,-0.020021736,537601.0590000004,177069.61510000005,128
Framework Framing,"Art Hub Studios, First Floor",Building 28,Westminster Indust,Greenwich,http://www.frameworkframing.com/,100023244621,E09000011,Charlton Village & Riverside,E05014075,51.494566,0.039885959,541703.1745999996,179263.84390000068,128
Jan Hendzel Studio,"TB-01, Unit 8",Harrington Way,,Greenwich,https://www.janhendzel.com/,100023647333,E09000011,Charlton Village & Riverside,E05014075,51.494823,0.043254124,541936.1668999996,179298.94549999945,128
Lightlust Studio,Unit 16 Trinity Wharf Building,Harrington Way,,Greenwich,https://lightlust.co.uk/,No UPRN,E09000011,Charlton Village & Riverside,E05014075,51.49495,0.04418,542000.0384999998,179314.8629999999,128
Chop Chop Laser,Unit 9 Domeview Yard,269 Tunnel Avenue,,Greenwich,https://www.chopchoplaser.co.uk/,10010266827,E09000011,Greenwich Peninsula,E05014082,51.49845,0.000308581,538944.1520999996,179619.92210000008,128
Royal Museums Greenwich,National Maritime Museum,Greenwich,NA,Greenwich,http://www.rmg.co.uk/,10010231322,E09000011,Greenwich Park,E05014081,51.48063722,-0.002131999,538828.8674999997,177634.52309999987,128
Eltham Palace,Court Yard,NA,NA,Greenwich,http://www.english-heritage.org.uk/elthampalace,10010235842,E09000011,Eltham Town & Avery Hill,E05014079,51.44646434,0.049538845,542522.9353,173933.67589999922,128
National Maritime Museum,Romney Road,NA,NA,Greenwich,http://www.rmg.co.uk/national-maritime-museum#,10010243516,E09000011,Greenwich Park,E05014081,51.48042509,-0.003622409,538726.0229000002,177608.1127000004,128
Ranger's House,Chesterfield Walk,Lewisham,NA,Greenwich,http://www.english-heritage.org.uk/visit/places/rangers-house-the-wernher-collection/,100023227777,E09000011,Greenwich Park,E05014081,51.47289476,-1.71e-5,538999.2544999998,176777.5753000006,128
Fan Museum,12 Crooms Hill,NA,NA,Greenwich,https://www.thefanmuseum.org.uk/,100023227937,E09000011,Greenwich Park,E05014081,51.47846443,-0.006612863,538524.3178000003,177384.4333999995,128
The Old Royal Naval College,King William Walk,Greenwich,NA,Greenwich,www.â€‹ornc.â€‹org,100023228558,E09000011,Greenwich Park,E05014081,51.48245234,-0.004804325,538637.8057000004,177831.30519999936,128
Cutty Sark,King William Walk,Greenwich,NA,Greenwich,http://www.rmg.co.uk/cuttysark,200002800647,E09000011,Greenwich Park,E05014081,51.48229651,-0.007899992,538423.3348000003,177808.12629999965,128
Queen's House,Romney Road,London,SE10 9NF,Greenwich,https://www.rmg.co.uk/queens-house,100023228557,E09000011,Greenwich Park,E05014081,51.481337,-0.004487344,538663.1984000001,177707.8797999993,128
Royal Observatory Greenwich,Blackheath Avenue,London,SE10 8XJ,Greenwich,https://www.rmg.co.uk/royal-observatory,10010200750,E09000011,Greenwich Park,E05014081,51.477346,-0.000888495,538925.2139999997,177270.89800000004,128
CC Music Bar,"15 Anglesea Road, London SE18 6EG",,,Greenwich,,100000000000,E09000011,Woolwich Arsenal,E05014092,51.488574,0.067704,543652.9013999999,178651.72890000045,128
The O2 Arena,"Peninsula Square, SE10 0DX",London,Peninsula Square,Greenwich,The O2 arena | The O2,10010224811,E09000011,Greenwich Peninsula,E05014082,51.50149354,0.006379516,539356.2352,179969.8970999997,128
Blackheath Halls - Trinity Laban Faculty Of Music,King Charles Court Old Royal Naval College,London,King Charles Court,Greenwich,https:/www.trinitylaban.ac.uk/whats-on,0,E09000011,Greenwich Park,E05014081,51.48303249,-0.005358978,538597.5349000003,177894.76850000024,128
Olivers Jazz Bar,9 Nevada Street,Greenwich,9 Nevada Street,Greenwich,www.oliversjazzbar.co.uk,10010246216,E09000011,Greenwich Park,E05014081,51.47912797,-0.006384296,538538.1783999996,177458.65049999952,128
Studio 338,338 Boord Street; Greenwich; London SE10 0PF; Unit,Greenwich,338 Tunnel Avenue,Greenwich,www.studio338.co.uk/,100000000000,E09000011,Greenwich Peninsula,E05014082,51.495442,0.00482,539266.4550000001,179293.99840000086,128
Indigo At The O2,205 Peninsula Square,London,205 Peninsula Squa,Greenwich,indigo at The O2 | The O2,0,E09000011,Greenwich Peninsula,E05014082,51.50204518,0.007731553,539448.3863000004,180033.8116999995,128
Area 12,Greenwich Peninsula; London SE10 0BE; United Kingd,,,Greenwich,,,E09000011,Greenwich Peninsula,E05014082,51.502525,0.003664,539164.6257999996,180079.42909999937,128
The Pavilion,"Plumstead Common, Old Mill Road, London, SE18 1QG,",,,Greenwich,,,E09000011,Plumstead Common,E05014088,51.482958,0.078602,544427.1881999997,178048.66039999947,128
Building Six,The O2; Greenwich; London SE10 0AX; United Kingdom,,,Greenwich,,,E09000011,Greenwich Peninsula,E05014082,51.502525,0.003664,539164.6257999996,180079.42909999937,128
The George & Dragon,2 Blackheath Hill,,,Greenwich,http://www.georgedragon.com/,,E09000011,Greenwich Park,E05014081,51.4733623,-0.016543765,537850.1086999997,176798.35510000028,128
The Beehive,365 Footscray Road,,,Greenwich,,,E09000011,Eltham Town & Avery Hill,E05014079,51.448755001,0.07438543,544242.2110000001,174237.01700000092,128
Mycenae House,90 Mycenae Road,Blackheath,,Greenwich,https://www.mycenaehouse.co.uk,,E09000011,Blackheath Westcombe,E05014073,51.480249987,0.01703999,540161.2778000003,177627.94889999926,128
North Pole Bar & Piano Restaurant,131 Greenwich High Road,,,Greenwich,,,E09000011,Greenwich Park,E05014081,51.477379981,-0.014819959,537957.6964999996,177248.36280000024,128
Olivers Jazz Bar,9 Nevada Street,Greenwich,9 Nevada Street,Greenwich,www.oliversjazzbar.co.uk,10010246216,E09000011,Greenwich Park,E05014081,51.47912797,-0.006384296,538538.1783999996,177458.65049999952,128
Mycenae House,90 Mycenae Road,Blackheath,,Greenwich,https://www.mycenaehouse.co.uk,,E09000011,Blackheath Westcombe,E05014073,51.480249987,0.01703999,540161.2778000003,177627.94889999926,128
Studio 338,338 Boord Street; Greenwich; London SE10 0PF; Unit,Greenwich,338 Tunnel Avenue,Greenwich,www.studio338.co.uk/,100000000000,E09000011,Greenwich Peninsula,E05014082,51.495442,0.00482,539266.4550000001,179293.99840000086,128
The George & Dragon,2 Blackheath Hill,,,Greenwich,http://www.georgedragon.com/,,E09000011,Greenwich Park,E05014081,51.4733623,-0.016543765,537850.1086999997,176798.35510000028,128
Pirate Studios - Greenwich Production Studios,22 Bugsby's Way,,,Greenwich,http://piratestudios.co.uk,No UPRN,E09000011,Greenwich Peninsula,E05014082,51.48999713,0.029856389,541021.1076999996,178736.42320000008,128
Abbey Music Studios,Lodge Hill,Abbey Wood,,Greenwich,https://www.abbeymusicstudios.co.uk/,See notes ,E09000011,Abbey Wood,E05014072,51.47728,0.11528,546991.9567999998,177490.21419999935,128
Unwound Music Studios ,Unit 9 Brookmarsh Trading Estate,Norman Road,Deptford,Greenwich,https://www.unwoundstudios.co.uk/,100023647185,E09000011,Greenwich Creekside,E05014080,51.478942,-0.018100452,537725.1940000001,177415.8836000003,128
Pirate Studios - Greenwich Rehearsal Studios,22 Bugsby's Way,,,Greenwich,http://piratestudios.co.uk,10010260175,E09000011,Greenwich Peninsula,E05014082,51.49144,0.02844,540918.3299000002,178894.14489999972,128
Cloud and Horse ,Unit 1 Delta Wharf,271-287 Tunnel Avenue,,Greenwich,https://www.cloudandhorse.co.uk/,100023647477,E09000011,Greenwich Peninsula,E05014082,51.49942,0.000379869,538946.1486999998,179727.92149999924,128
MDM Props Ltd,"South Warehouse, Greenwich Beach",Morden Wharf Road,Tunnel Avenue,Greenwich,http://www.mdmprops.co.uk,10010261801,E09000011,Greenwich Peninsula,E05014082,51.493448,0.00359027,539187.1727999998,179069.92789999954,128
Make It London Ltd,Unit 0-007 Harrington Way,London,,Greenwich,https://www.make-it.london,No UPRN,E09000011,Charlton Village & Riverside,E05014075,51.49447,0.04232,541872.4244999997,179257.88159999996,128
Helix 3D Ltd,The Old Turbine Factory,138-140  Nathan Way,,Greenwich,https://helix3d.co.uk/,100023267008,E09000011,Plumstead & Glyndon,E05014087,51.49446801,0.101439427,545976.0114000002,179373.8345999997,128
S2 Events,141-143  Nathan Way,,,Greenwich,http://s2events.co.uk,100023267003,E09000011,West Thamesmead,E05014091,51.49559596,0.101231958,545958.0073999995,179498.85060000047,128
Cloud and Horse ,Unit 1 Delta Wharf,271-287 Tunnel Avenue,,Greenwich,https://www.cloudandhorse.co.uk/,100023647477,E09000011,Greenwich Peninsula,E05014082,51.49942,0.000379869,538946.1486999998,179727.92149999924,128
The Tramshed,51-53 Woolwich New Road,,,Greenwich,www.glypt.co.uk,100023246054,E09000011,Woolwich Arsenal,E05014092,51.48949713,0.068021085,543672.0131000001,178755.00239999965,128
Sell A Door,1 Creek Road,,,Greenwich,www.selladoor.com,10023231588,E09000011,Greenwich Creekside,E05014080,51.4814802,-0.025626193,537195.0092000002,177684.00249999948,128
The Tramshed,41 Woolwich New Road,,,Greenwich,https://www.tramshed.org/,100023245449,E09000011,Woolwich Arsenal,E05014092,51.489729,0.068609625,543712.1404999997,178781.94079999998,128
Greenwich Theatre Studio,Greenwich Theatre,Crooms Hill,,Greenwich,https://greenwichtheatre.org.uk/theatre-hire-info/,10010200382,E09000011,Greenwich Park,E05014081,51.479458,-0.00765134,538449.1972000003,177492.95570000075,128
Blackheath Halls,23 Lee Road,,,Greenwich,https://www.blackheathhalls.com/hire-blackheath-halls/recording-and-filming/,100023269695,E09000011,Blackheath Westcombe,E05014073,51.464379,0.009601542,539693.2233999996,175848.90729999915,128
Shrewsbury House,Shrewsbury House Community Centre,", Bushmoor Crescent",Shooters Hill ,Greenwich,https://shrewsburyhouse.org/index.php,100023243765,E09000011,Shooters Hill,E05014089,51.473519,0.072959352,544065.1508999998,176987.94349999912,128
Ropekeepers Studio,Woolwich Works,The Fireworks Factory,11 No. 1 Street,Greenwich,https://www.woolwich.works/venues/ropekeepers-studio,10010229615,E09000011,Woolwich Arsenal,E05014092,51.494442,0.069067917,543729.1372999996,179306.9221999999,128
Greenwich & Lewisham Young People's Theatre,The Tramshed, 51-53 Woolwich New Road,,Greenwich,http://www.glypt.co.uk/,100023246054,E09000011,Woolwich Arsenal,E05014092,51.49001293,0.066393079,543557.3782000002,178809.16740000062,128
Greenwich Theatre,Crooms Hill,,,Greenwich,https://www.greenwichtheatre.org.uk/,10010200382,E09000011,Greenwich Park,E05014081,51.47998282,-0.00924372,538337.0371000003,177548.30890000053,128
Bob Hope Theatre,2 Wythfield Rd, Eltham,,Greenwich,http://www.bobhopetheatre.co.uk/,100023284254,E09000011,Eltham Town & Avery Hill,E05014079,51.4500002,0.048885259,542466.5214,174325.59039999917,128
The Tramshed,41 Woolwich New Road,,,Greenwich,https://www.tramshed.org/,100023245449,E09000011,Woolwich Arsenal,E05014092,51.489729,0.068609625,543712.1404999997,178781.94079999998,128
PunchDrunk,1 Cartridge Place,Royal Arsel,Woolwich,Greenwich,https://www.punchdrunk.com/,10010229733 ,E09000011,Woolwich Arsenal,E05014092,51.493857,0.070611723,543838.1369000003,179244.90110000037,128
