﻿name,address1,address2,address3,borough_name,website,os_addressbase_uprn,borough_code,ward_2022_name,ward_2022_code,latitude,longitude,easting,northing,fme_feature_type.total_count
National Council for Voluntary Youth Services,Third Floor ,Lancaster House 33 Islington High Str,N1 9LH,Islington,,10008978268,E09000019,Barnsbury,E05013698,51.5330567,-0.106474468,531433.0126,183271.00070000067,278
National Council of Voluntary Child Care Organisation,Unit 25,1st Floor Angel Gate,EC1V 2PT,Islington,,10023216009,E09000019,St Peter's & Canalside,E05013711,51.52925214,-0.101427729,531794.0121999998,182857.0022,278
Writers and Scholars Educational Trust (Index on Cens,6-8 Amwell St, ,EC1R 1UQ,Islington,,5300001787,E09000019,Clerkenwell,E05013702,51.52727965,-0.108473109,531311.0122999996,182625.00100000016,278
ActionAid Central Archive,Resource Centre Hamlyn House ,Macdonald Road  Archway,N19 5PG,Islington,https://www.actionaid.org.uk/changelives/donate?src=ppc&utm_content=A197_A822_A000329&ds_rl=1248098&gcli,10012791132,E09000019,Junction,E05013707,51.56568099,-0.135607243,529320.0116999997,186847.0019000005,278
"Amnesty International, International Secretariat",Peter Benenson House ,1 Easton Street ,WC1X 0DW,Islington,https://careers.amnesty.org/,5300029347,E09000019,Clerkenwell,E05013702,51.52582065,-0.111128528,531131.0122999996,182458.0008000005,278
Association for the Conservation of Energy,Westgate House ,2a Prebend Street ,N1 8PT,Islington,https://www.ukace.org/,5300075757,E09000019,St Peter's & Canalside,E05013711,51.53567982,-0.096863134,532092.0129000004,183579.99909999967,278
British Deaf Association,1-3 Worship Street, ,EC2A 2AB,Islington,https://bda.org.uk/,5300099044,E09000019,Bunhill,E05013699,51.5223107,-0.086551737,532846.0116999997,182112.00129999965,278
British Psychological Society: History of Psychology ,30 Tabernacle St, ,EC2A 4UE,Islington,https://www.bps.org.uk/about-us/history-psychology-centre,5300089442,E09000019,Bunhill,E05013699,51.52319332,-0.086082254,532876.0116999997,182211.00239999965,278
Church Times,108-114 Golden Lane, ,EC1Y 0TG,Islington,https://www.churchtimes.co.uk/,10090262788,E09000019,Bunhill,E05013699,51.52353627,-0.094991154,532257.0129000004,182232.9980999995,278
"City, University of London",Northampton Square, ,EC1V 0HB,Islington,https://www.city.ac.uk/,5300067719,E09000019,Clerkenwell,E05013702,51.52770618,-0.102587756,531718.0120000001,182683.00210000016,278
Community Service Volunteers,237 Pentonville Road, ,N1 9NJ,Islington,https://volunteeringmatters.org.uk/news/national-charity-community-service-volunteers-csv-becomes-volunt,10093112761,E09000019,Clerkenwell,E05013702,51.53092502,-0.11818378,530627.0120999999,183013.0030000005,278
Corps of Commissionaires (Corps Security),85 Cowcross Street, ,EC1M 6PF,Islington,https://www.corpssecurity.co.uk/,5300024887,E09000019,Clerkenwell,E05013702,51.52003774,-0.102733663,531730.0118000004,181830.00129999965,278
Evangelical Alliance,176 Copenhagen Street, ,N1 0ST,Islington,https://www.eauk.org/,10012792269,E09000019,Caledonian,E05013700,51.53708312,-0.119746587,530501.0121999998,183695.0030000005,278
Fields in Trust (formerly the National Playing Fields,2nd Floor,15 Crinan Street ,N1 9SQ,Islington,http://www.fieldsintrust.org/,10093624079,E09000019,Caledonian,E05013700,51.53442884,-0.1219,530359.2549999999,183396.00960000046,278
Guardian News & Media Archive (formerly the Newsroom),Kings Place ,90 York Way ,N1 9GU,Islington,https://www.theguardian.com/gnm-archive,10012790864,E09000019,Caledonian,E05013700,51.53499869,-0.121548397,530382.0120999999,183460.0033999998,278
Guildhall Library Manuscripts Section,40 Northampton Road, ,EC1R 0HB,Islington,https://www.cityoflondon.gov.uk/things-to-do/london-metropolitan-archives/visitor-information/Pages/arch,5300067716,E09000019,Clerkenwell,E05013702,51.52537595,-0.107528493,531382.0120000001,182415.00239999965,278
Honourable Artillery Company,Armoury House ,City Road ,EC1Y 2BQ,Islington,https://www.hac.org.uk/home/,5300019875,E09000019,Bunhill,E05013699,51.52301548,-0.088410608,532715.0120000001,182187.00070000067,278
International PEN,9-10 Charterhouse Buildings ,Goswell Road ,EC1M 7AT,Islington,https://pen-international.org/,5300018851,E09000019,Bunhill,E05013699,51.5230092,-0.098530535,532013.0129000004,182167.9978,278
Islington Local History Centre,Finsbury Library,Islington Museum and Local History Ce,EC1V4NB,Islington,https://www.islington.gov.uk/libraries-arts-and-heritage/heritage/local-history-centre,10091003195,E09000019,Clerkenwell,E05013702,51.52648755,-0.104527002,531587.0120000001,182544.00249999948,278
Legal Action Group,242 Pentonville Road, ,N1 9UN,Islington,https://www.lag.org.uk/,5300073296,E09000019,Caledonian,E05013700,51.53119215,-0.119701061,530521.0120999999,183040.00310000032,278
London Metropolitan Archives: City of London,40 Northampton Road, ,EC1R 0HB,Islington,https://www.cityoflondon.gov.uk/things-to-do/london-metropolitan-archives/Pages/default.aspx,5300067716,E09000019,Clerkenwell,E05013702,51.52537595,-0.107528493,531382.0120000001,182415.00239999965,278
Marx Memorial Library,37a Clerkenwell Green, ,EC1R 0DU,Islington,https://www.marx-memorial-library.org/,5300021024,E09000019,Clerkenwell,E05013702,51.52296494,-0.105797743,531509.0119000003,182150.00239999965,278
Mencap,123 Golden Lane, ,EC1Y 0RT,Islington,https://www.mencap.org.uk/,5300036426,E09000019,Bunhill,E05013699,51.52387977,-0.095654351,532210.0130000003,182269.99730000086,278
Museum of Order of St John,St John's Gate ,St John's Lane ,EC1M 4DA,Islington,http://museumstjohn.org.uk/,5300085644,E09000019,Clerkenwell,E05013702,51.52192262,-0.10251114,531740.0118000004,182040.00159999914,278
Prison Reform Trust,15 Northburgh Street, ,EC1V 0JR,Islington,http://www.prisonreformtrust.org.uk/,5300067920,E09000019,Bunhill,E05013699,51.52385619,-0.100297203,531888.0121999998,182259.00129999965,278
Royal National Institute for the Deaf,Head Office,1- 3 Highbury Station Road ,N1 1SE,Islington,https://www.actiononhearingloss.org.uk/,5300033046,E09000019,Bunhill,E05013699,51.52448381,-0.088565323,532700.0120999999,182350.00049999915,278
Royal Statistical Society,12 Errol Street, ,EC1Y 8LX,Islington,https://www.rss.org.uk/,5300031223,E09000019,Bunhill,E05013699,51.52252542,-0.090896162,532544.0122999996,182128,278
Save the Children UK,1 St John's Lane, ,EC1M 4AR,Islington,https://www.savethechildren.org.uk/,10001298735,E09000019,Clerkenwell,E05013702,51.5207651,-0.102112419,531771.0119000003,181912.00139999948,278
Scope (formerly the Spastics Society),6 Market Road, ,N7 9PW,Islington,https://www.scope.org.uk/history,5300060248,E09000019,Laycock,E05013708,51.54710287,-0.118742027,530542.0116999997,184811.0014999993,278
Society of Genealogists,14 Charterhouse Buildings ,Goswell Road ,EC1M 7BA,Islington,http://www.sog.org.uk/,5300018857,E09000019,Bunhill,E05013699,51.5226949,-0.098558049,532012.0129000004,182132.99760000035,278
Survival International,6 Charterhouse Buildings, ,EC1M 7ET,Islington,https://www.survivalinternational.org/,5300018843,E09000019,Bunhill,E05013699,51.52292435,-0.098289009,532030.0129000004,182158.99770000018,278
Tavistock Institute of Human Relations,30 Tabernacle Street, ,EC2A 4UE,Islington,http://www.tavinstitute.org/,5300089442,E09000019,Bunhill,E05013699,51.52319332,-0.086082254,532876.0116999997,182211.00239999965,278
UKCISA: UK Council for International Student Affairs,9-17 St Albans Place, ,N1 0NX,Islington,https://www.ukcisa.org.uk/,5300084159,E09000019,St Mary's & St James',E05013710,51.53662962,-0.104422713,531565.0126999998,183672.00019999966,278
Working Men's Club & Institute Union Ltd,253-254 Upper Street, ,N1 1RY,Islington,http://www.wmciu.org.uk/,5300094941,E09000019,Laycock,E05013708,51.54566034,-0.103441508,531607.0097000003,184678.00070000067,278
Noel Coward Archive Trust,Paddock Suite, The Courtyard 55 Charterhouse Street,EC1M 6HA,Islington,https://www.noelcoward.com/archive-trust,,E09000019,Clerkenwell,E05013702,51.51936412,-0.103696638,531665.1475,181753.36319999956,278
Cubitt Gallery,8 Angel Mews,,,Islington,http://cubittartists.org.uk/,10012791474,E09000019,Barnsbury,E05013698,51.5323504,-0.107844697,531340.0126999998,183189.99990000017,278
Peabody Yard,Greenman Street,Islington,,Islington,www.spacestudios.org.uk,10023223942,E09000019,St Mary's & St James',E05013710,51.53893654,-0.096395539,532115.0124000004,183942.9974000007,278
Florence Trust,St Saviours church,Aberdeen Park,,Islington,www.florencetrust.org,5300000172,E09000019,Highbury,E05013704,51.55218806,-0.093967122,532245.0104,185421.00090000033,278
The Lumen Studio,5 Thane Works ,,,Islington,http://www.thelumenstudio.london/,10093110026,E09000019,Finsbury Park,E05013703,51.55994394,-0.11368203,530856.0113000004,186248.00070000067,278
Archway,Holloway Road 681-689,Archway,,Islington,www.arbeit.org.uk / www.arebyte.com,10008976813,E09000019,Junction,E05013707,51.5651689,-0.133940039,529437.0114000002,186793.00139999948,278
The Bomb Factory,Unit 2 9-15 Elthorne Rd,,,Islington,www.bombfactory.org.uk/about,5300030670,E09000019,Junction,E05013707,51.56599723,-0.131179085,529626.0099,186889.99939999916,278
Candid Arts Trust,Candid Arts,3-5 Torrens Street,,Islington,https://candidarts.wordpress.com,5300092108,E09000019,St Peter's & Canalside,E05013711,51.532222,-0.10507893,531532.2050999999,183180.6877999995,278
HORNSEY RD N7,232 Hornsey Road,Finsbury Park,,Islington,https://www.arbeit.org.uk/hornsey-n7,5300050510 ,E09000019,Finsbury Park,E05013703,51.559927,-0.11448798,530800.1955000004,186244.67500000075,278
Everyman Screen on the Green,,83 Upper Street,N1 0NP ,Islington,,5300094504,E09000019,St Mary's & St James',E05013710,51.536886,-0.10374609,531611.1967000002,183701.7268000003,278
Odeon Holloway,419-427 Holloway Rd ,,N7 6LJ,Islington,,5300048412,E09000019,Tufnell Park,E05013713,51.558717,-0.12147714,530319.1973000001,186097.64090000093,278
"Vue Islington 




",Angel Central ,Central Shopping Mall ,"N1 0PS
",Islington,,10001296728,E09000019,St Mary's & St James',E05013710,51.534165,-0.10622383,531447.2039999999,183394.6950000003,278
Eagle Gallery,159 Farringdon Road,,,Islington,http://www.emmahilleagle.com/#,5300033028,E09000019,Clerkenwell,E05013702,51.52365123,-0.108172319,531342.3126999997,182222.05749999918,278
Work,308 Essex Road,,,Islington,http://workgallery.co.uk/#,10091003649,E09000019,Canonbury,E05013701,51.54232944,-0.08977259,532564.4278999995,184332.2862999998,278
Dreamspace Gallery,3 Dufferin Street,,,Islington,https://adremgroup.com/dreamspace-gallery/#,5300028758,E09000019,Bunhill,E05013699,51.522075,-0.09082227,532550.4457,182078.04649999924,278
Arcade,87 Lever Street,,,Islington,http://arcadefinearts.com/#,5300056285,E09000019,Bunhill,E05013699,51.52650211,-0.09483273,532259.4112999998,182563.0901999995,278
Sway Gallery,70-72 Old Street,,,Islington,http://www.sway-gallery.com/#,5300069554,E09000019,Bunhill,E05013699,51.52372993,-0.093593237,532353.4236000003,182257.06110000052,278
Islington Arts Factory,2 Parkhurst Rd,,,Islington,http://www.islingtonartsfactory.org/#,5300075947,E09000019,Holloway,E05013706,51.55371125,-0.121265295,530348.1821999997,185541.3677999992,278
James Freeman Gallery,354 Upper Street,,,Islington,http://www.sesameart.com/#,5300095173,E09000019,St Peter's & Canalside,E05013711,51.53409791,-0.102922698,531676.3414000003,183393.16840000078,278
Curious Duke Gallery,173 Whitecross Street,,,Islington,http://curiousdukegallery.com/#,5300102398,E09000019,Bunhill,E05013699,51.52317249,-0.091944142,532469.4363000002,182198.05729999952,278
Modern Art 1,4-8 Helmet Row,,,Islington,http://www.modernart.net/#,10008977815,E09000019,Bunhill,E05013699,51.52452873,-0.092939916,532396.4274000004,182347.0708000008,278
All Visual Arts,2 Omega Place,,,Islington,http://www.allvisualarts.org/,10012789978,E09000019,Clerkenwell,E05013702,51.5309543,-0.118813917,530583.2230000002,183015.13529999927,278
Cubitt Gallery,8 Angel Mews,,,Islington,http://cubittartists.org.uk/#,10012791474,E09000019,Clerkenwell,E05013702,51.53184051,-0.106261015,531451.3187999995,183136.1423000004,278
Pangolin London,90 York Way,,,Islington,http://www.pangolinlondon.com/#,10090550427,E09000019,Caledonian,E05013700,51.53448925,-0.119966009,530493.2106999997,183406.1713999994,278
William Benington,20 Arlington Way,,,Islington,http://williambeningtongallery.co.uk/#,10091004086,E09000019,St Peter's & Canalside,E05013711,51.52968989,-0.104519048,531578.3344999999,182900.12030000053,278
Five Years,Unit 2B1,Boothby Road,,Islington,http://www.fiveyears.org.uk/#,5300030666,E09000019,Junction,E05013707,51.565714,-0.13163513,529595.2081000004,186857.6958000008,278
The Green House,The Green House E9,Greenhouse,49 Green Lanes,Islington,http://www.thegreenhouselondon.com/coworking/,5300037627,E09000019,Mildmay,E05013709,51.55241886,-0.086378056,532770.4622999998,185460.42610000074,278
The Carlyle Group,Uncommon,25 Horsell Road,,Islington,https://uncommon.co.uk/,5300051070,E09000019,Highbury,E05013704,51.54981458,-0.10656764,531378.2975000003,185134.3412999995,278
Huckletree,Huckletree,18 Finsbury Square,The Alphabeta Buil,Islington,http://www.huckletree.com/,10091002838,E09000019,Bunhill,E05013699,51.5211989,-0.085077918,532951.4886999996,181991.04429999925,278
Ark Coworking,Ark Coworking,237 Pentonville Road,King's Cross,Islington,www.arkcoworking.com,10093112761,E09000019,Clerkenwell,E05013702,51.53041515,-0.116601152,530738.2407999998,182959.12879999913,278
The Bomb Factory Art Foundation Ltd,The Bomb Factory Studios,Unit 2,Boothby Road,Islington,https://www.bombfactory.org.uk/artists,5300010995,E09000019,Junction,E05013707,51.56530381,-0.130268137,529691.1145000001,186814.50159999914,278
2northdown,2northdown,2 Northdown Street,,Islington,https://www.2northdown.com/,5300068234,E09000019,Clerkenwell,E05013702,51.53083624,-0.11762197,530666.2324999999,183004.13269999996,278
Anomalous Collective,Anomalous Collective,38 Pentoville Road,,Islington,http://anomalousspace.co.uk/about/,5300073069,E09000019,St Peter's & Canalside,E05013711,51.53322087,-0.105972995,531467.3194000004,183290.15719999932,278
Tileyard Studios,Tileyard Studios,35 Tileyard Road,London,Islington,http://www.tileyard.co.uk/,5300091012,E09000019,Caledonian,E05013700,51.54209235,-0.12131126,530378.1926999995,184249.24760000035,278
Candid Arts Trust,Candid Arts,3-5 Torrens Street,,Islington,https://candidarts.wordpress.com,5300092108,E09000019,St Peter's & Canalside,E05013711,51.53171445,-0.103468816,531645.3400999997,183127.14200000092,278
The Lumen Studio,The Lumen Studio,5 Thane Works,,Islington,http://www.thelumenstudio.london/,10093110021,E09000019,Finsbury Park,E05013703,51.55943685,-0.112098063,530967.2582,186194.44639999978,278
Clerkenwell  Workshops,27-31 Clerkenwell Close,London,,Islington,https://www.workspace.co.uk/workspaces/clerkenwell-workshops,5300020910,E09000019,Clerkenwell,E05013702,51.5241,-0.10659823,531450.2143999999,182274.78509999998,278
Canonbury Yard ,190 New North Road,London,,Islington,https://canonburyyard.com/studios-workspaces,5300065866,E09000019,St Mary's & St James',E05013710,51.537673,-0.090706701,532513.1765999999,183812.77999999933,278
Islington Assembly Hall,Upper Street,,,Islington,https://islingtonassemblyhall.co.uk/,5300094897,E09000019,Laycock,E05013708,51.54433219,-0.103612127,531599.0107000005,184530.00009999983,278
Old Red Lion,418 St John Street,,,Islington,https://www.oldredliontheatre.co.uk/theatre.html,5300085363,E09000019,St Peter's & Canalside,E05013711,51.53148185,-0.105847779,531481.0125000002,183097.00100000016,278
Park Theatre,Clifton Terrace,Finsbury Park,,Islington,https://www.parktheatre.co.uk,10090266645,E09000019,Finsbury Park,E05013703,51.56563594,-0.108641889,531189.0137999998,186889.99939999916,278
The King's Head Theatre,115 Upper Street,,,Islington,http://www.kingsheadtheatrepub.co.uk,5300094557,E09000019,St Mary's & St James',E05013710,51.53830316,-0.102810177,531672.0125000002,183861.00070000067,278
The Rosemary Branch,2A Shepperton Road,,,Islington,http://www.rosemarybranchtheatre.co.uk,5300082551,E09000019,Canonbury,E05013701,51.53762241,-0.08693312,532775.0115999999,183813.99750000052,278
Kings Place,90 York Way,,,Islington,http://www.kingsplace.co.uk,10012790864,E09000019,Caledonian,E05013700,51.53499869,-0.121548397,530382.0120999999,183460.0033999998,278
London Metropolitan University Graduate Centre,182-198 Holloway Rd,,,Islington,http://www.londonmet.ac.uk/contact-us/how-to-find-us/tower-building/graduate-centre/,5300047823,E09000019,Arsenal,E05013697,51.55147327,-0.110354203,531111.0115999999,185311.99510000087,278
Lift Islington - Platform Theatre,2 Tiltman Place,,,Islington,http://www.platformislington.org.uk,10012794343,E09000019,Finsbury Park,E05013703,51.56142487,-0.115741604,530709.0119000003,186409.00119999982,278
Sadler's Wells Theatre,Roseberry Ave,,,Islington,http://www.sadlerswells.com,5300080047,E09000019,Clerkenwell,E05013702,51.52942925,-0.106264614,531458.0124000004,182868.00119999982,278
London Dance Academy,51 Central Street,,,Islington,http://londondanceacademy.co.uk,5300017733,E09000019,Bunhill,E05013699,51.52555915,-0.096622223,532138.0131000001,182454.99829999916,278
Pleasance,Carpenters Mews,North Rd,,Islington,https://www.pleasance.co.uk,10094608227,E09000019,Holloway,E05013706,51.54876851,-0.121673379,530334.0120000001,184990.99960000068,278
Lilian Baylis Studio,183 Rosebery Avenue,,,Islington,http://www.sadlerswells.com/venue-hire/lilian-baylis-studio/,5300080050,E09000019,Clerkenwell,E05013702,51.52968382,-0.10587919,531484.0124000004,182897.00170000084,278
Theatre Delicatessen (Guardian House),119 Farringdon Road,,,Islington,http://www.delistudios.co.uk/broadgate,10093624103,E09000019,Clerkenwell,E05013702,51.52322362,-0.108453861,531324.0120000001,182174.00210000016,278
"BGM Entertainment. Address: The Basement, 73 St John ",The Basement,73 St John Street,Farringdon,Islington,http://bgmentertainment.co.uk/dance-recording-studio.php,5300084516,E09000019,Clerkenwell,E05013702,51.5214824,-0.10198168,531778.0119000003,181992.0011,278
Old Red Lion,418 St John Street,,,Islington,https://www.oldredliontheatre.co.uk/theatre.html,5300085363,E09000019,St Peter's & Canalside,E05013711,51.53148185,-0.105847779,531481.0125000002,183097.00100000016,278
The Basement Dance Studio,400 York Way,,,Islington,http://www.thebasementdancestudio.com,5300100384,E09000019,Holloway,E05013706,51.54869451,-0.128296802,529875.0120999999,184971.00019999966,278
City Dance Academy  - THE IVORIES STUDIO,6-18 Northampton Street,Unit 13,,Islington,https://www.city-academy.com/,10023224245,E09000019,Canonbury,E05013701,51.54180622,-0.095352756,532179.0115,184263.9997000005,278
The Factory,407-409 Hornsey Rd,,,Islington,www.factoryrehearsalstudios.com,5300050786,E09000019,Tollington,E05013712,51.56635036,-0.121756944,530278.0087000001,186945.99770000018,278
Fourth Monkey ,Monkey House,97-101 Seven Sisters Rd,,Islington,http://www.fourthmonkey.co.uk,5300081823,E09000019,Finsbury Park,E05013703,51.56052222,-0.114970978,530765.0116999997,186310.0014999993,278
Pole People & Dance Studio,"4th Floor, Templeton House",33-34 Chiswell St,,Islington,http://polepeople.co.uk,5300102337,E09000019,Bunhill,E05013699,51.52102043,-0.090699665,532562.0122999996,181960.9989,278
London School of Capoeira,Leeds Place,Unit 1-2,,Islington,http://londonschoolofcapoeira.com,5300055778,E09000019,Tollington,E05013712,51.56707204,-0.114613672,530771.0127999997,187039.0019000005,278
The Hope Theatre,207 Upper Street,,,Islington,http://www.thehopetheatre.com,5300094879,E09000019,Laycock,E05013708,51.54325194,-0.103541677,531607.0115,184410.00039999932,278
Stockroom,7 Thane Works,,,Islington,,5300089989,E09000019,Finsbury Park,E05013703,51.56016472,-0.113990293,530834.0114000002,186272.00049999915,278
Union Chapel,19 Compton Terrance,,,Islington,http://www.unionchapel.org.uk,5300023057,E09000019,Laycock,E05013708,51.54475878,-0.102743469,531658.0100999996,184579.0014999993,278
Urdang Academy,Old Finsbury Town Hall,Roseberry Ave,,Islington,http://www.theurdangacademy.com,5300079780,E09000019,Clerkenwell,E05013702,51.5269418,-0.108155534,531334.0122999996,182588.00129999965,278
Urdang 2,259-263 Goswell Road,,,Islington,https://theurdang.london/about-us/our-facilities/,10090263567,E09000019,St Peter's & Canalside,E05013711,51.52995272,-0.103042176,531680.0122999996,182932.0025999993,278
Claremont Project Upper Hall,24-27 White Lion Street,,,Islington,https://www.claremont-project.org,5300097468,E09000019,Barnsbury,E05013698,51.53250488,-0.108501535,531294.0127999997,183205.99990000017,278
The Peel ,Three Corners Centre,Northampton Road,,Islington,http://www.peelinstitute.org.uk,10090264827,E09000019,Clerkenwell,E05013702,51.5253558,-0.106837354,531430.0120999999,182414.0019000005,278
2 Northdown ,2 Northdown Street,,,Islington,https://www.2northdown.com/about/,5300068234,E09000019,Caledonian,E05013700,51.53134606,-0.119204506,530555.0120999999,183058.0030000005,278
London Metropolitan University Graduate Centre,182-198 Holloway Rd,,,Islington,http://www.londonmet.ac.uk/contact-us/how-to-find-us/tower-building/graduate-centre/,5300047823,E09000019,Arsenal,E05013697,51.55147327,-0.110354203,531111.0115999999,185311.99510000087,278
Lift Islington - Platform Theatre,2 Tiltman Place,,,Islington,http://www.platformislington.org.uk,10012794343,E09000019,Finsbury Park,E05013703,51.56142487,-0.115741604,530709.0119000003,186409.00119999982,278
Sadler's Wells Theatre,177 Rosebery Ave,,,Islington,http://www.sadlerswells.com,5300080047,E09000019,Clerkenwell,E05013702,51.52942925,-0.106264614,531458.0124000004,182868.00119999982,278
London Dance Academy,51 Central Street,,,Islington,http://londondanceacademy.co.uk,5300017733,E09000019,Bunhill,E05013699,51.52555915,-0.096622223,532138.0131000001,182454.99829999916,278
Pleasance,41 North Mews,,,Islington,https://www.pleasance.co.uk,10094608227,E09000019,Holloway,E05013706,51.54876851,-0.121673379,530334.0120000001,184990.99960000068,278
Lilian Baylis Studio,183 Rosebery Avenue,,,Islington,http://www.sadlerswells.com/venue-hire/lilian-baylis-studio/,5300080050,E09000019,Clerkenwell,E05013702,51.52968382,-0.10587919,531484.0124000004,182897.00170000084,278
Theatre Delicatessen (Guardian House),119 Farringdon Road,,,Islington,http://www.delistudios.co.uk/broadgate,10093624103,E09000019,Clerkenwell,E05013702,51.52322362,-0.108453861,531324.0120000001,182174.00210000016,278
Stockroom ,38 Mayton Street,Islington,,Islington,https://www.stockroom.co.uk/,10090266132,E09000019,Finsbury Park,E05013703,51.559213,-0.11597458,530699.1961000003,186162.61800000072,278
Islington Arts Factory,2 Parkhurst Road,Islington,,Islington,www.islingtonartsfactory.org,5300071066,E09000019,Holloway,E05013706,51.553804,-0.12296338,530230.1996999998,185548.65740000084,278
Nylander Couture,Unit 2 The Ivories,6-18 Northampton Street,,Islington,http://nylandercouture.com/,5300067838,E09000019,Canonbury,E05013701,51.54180622,-0.095352756,532179.0115,184263.9997000005,278
MIG Pattern Cutting Services,3D Mackenzie Road,,,Islington,http://www.mig.co.uk/,5300059331,E09000019,Laycock,E05013708,51.54707,-0.11744258,530632.2012999998,184809.66440000013,278
The Goldsmiths' Centre,"42 Britton St, London EC1M 5AD",,,Islington,https://www.goldsmiths-centre.org,10090267211,E09000019,Clerkenwell,E05013702,51.520973,-0.10289363,531716.2166999998,181933.71499999985,278
Clerkenwell  Workshops,"27-31 Clerkenwell Close, London EC1R 0AT",,,Islington,https://www.workspace.co.uk/workspaces/clerkenwell-workshops,5300020910,E09000019,Clerkenwell,E05013702,51.5241,-0.10659823,531450.2143999999,182274.78509999998,278
The Piano Works,117 Farringdon Rd,,,Islington,,5300032953,E09000019,Clerkenwell,E05013702,51.522865,-0.10809096,531350.2180000003,182134.7740000002,278
Maya Magal Jewellery Limited,193 Upper Street,,,Islington,http://www.mayamagal.co.uk,5300094850,E09000019,St Mary's & St James',E05013710,51.54202864,-0.101713032,531737.3399,184277.2583000008,278
Central Station (King's Cross),37 Wharfdale Road,,N1 9SD,Islington,,5300097072,E09000019,Caledonian,E05013700,51.53342314,-0.120456823,530462.2181000002,183286.74459999986,278
Dome London,2A Dartmouth Park Hill,,NW5 1HL,Islington,,,E09000019,Junction,E05013707,51.56000894,-0.13847,529137.6593000004,186211.1950000003,278
The Underground Club,37 Wharfdale Road,,N1 9SD,Islington,http://www.unskinnybop.co.uk/about,5300097072,E09000019,Caledonian,E05013700,51.53342314,-0.120456823,530462.2181000002,183286.74459999986,278
Finsbury Library,,,,Islington,,5300084848,E09000019,Clerkenwell,E05013702,51.52597704,-0.102943118,531698.3505999995,182490.08060000092,278
Lewis Carroll Children's Library,,,,Islington,,10012791189,E09000019,Barnsbury,E05013698,51.53656146,-0.115712865,530782.2418,183644.1894000005,278
South Library,,,,Islington,,5300031416,E09000019,St Mary's & St James',E05013710,51.53852804,-0.097142753,532064.3786000004,183896.22210000083,278
West Library,,,,Islington,,5300011807,E09000019,Barnsbury,E05013698,51.54023085,-0.114594977,530849.2467,184054.22629999928,278
Mildmay Library,,,,Islington,,5300062563,E09000019,Mildmay,E05013709,51.54709791,-0.082721131,533039.4786999999,184875.3741999995,278
Islington Central Library,,,,Islington,,5300033298,E09000019,Highbury,E05013704,51.54872784,-0.105545308,531452.3047000002,185015.33000000007,278
John Barnes Library,,,,Islington,,10093108781,E09000019,Holloway,E05013706,51.55043083,-0.124213467,530153.1623,185171.33180000074,278
North Library,,,,Islington,,5300060053,E09000019,Tollington,E05013712,51.55990827,-0.120173008,530406.1918000001,186232.43879999965,278
Archway Library,,,,Islington,,10012791132,E09000019,Junction,E05013707,51.56517477,-0.134025306,529431.0851999996,186793.50349999964,278
Cat and Mouse Library,,,,Islington,,,E09000019,Tufnell Park,E05013713,51.55279,-0.12496,530094.6782999998,185432.34699999914,278
"Here Today, Here Tomorrow","Here Today, Here Tomorrow",30a Balls Pond Road,Dalston,Islington,http://www.heretoday-heretomorrow.com/,10023220837,E09000019,Mildmay,E05013709,51.54619381,-0.077141096,533429.0087000001,184785.00500000082,278
The Estorick Collection of Modern Italian Art,39A Canonbury Square,NA,NA,Islington,www.â€‹estorickcollection.â€‹com,5300016244,E09000019,Laycock,E05013708,51.54336953,-0.098988883,531922.3575999998,184431.2792000007,278
John WesleyÊ¼s House and The Museum of Methodism,Wesley's Chapel,49 City Road,NA,Islington,http://www.culture24.org.uk/se000445,5300019876,E09000019,Bunhill,E05013699,51.52307582,-0.085460513,532919.4835000001,182199.0655000005,278
"Wesleyâ€™s Chapel, Museum of Methodism and John Wesle",49 City Road,NA,NA,Islington,http://www.wesleychapel.org.uk/,5300019879,E09000019,Bunhill,E05013699,51.52325609,-0.084933935,532955.4870999996,182220.06849999912,278
London Canal Museum,12/13 New Wharf Road,Kingâ€™s Cross,NA,Islington,http://www.canalmuseum.org.uk/,5300066428,E09000019,Caledonian,E05013700,51.53371372,-0.118714556,530582.2211999996,183322.16229999997,278
Museum of the Order of St John,St Johnâ€™s Gate,26 St John's Ln,NA,Islington,http://www.museumstjohn.org.uk/,5300085644,E09000019,Bunhill,E05013699,51.52141165,-0.100927156,531851.3711999999,181986.03119999915,278
Charterhouse,Sutton's Hospital,Charterhouse Square,NA,Islington,http://www.thecharterhouse.org/,10023218636,E09000019,Bunhill,E05013699,51.52080505,-0.098458374,532024.3910999997,181923.02329999954,278
Islington Museum,Â 245 St John St,Clerkenwell,NA,Islington,NA,10091003195,E09000019,Clerkenwell,E05013702,51.52597704,-0.102943118,531698.3505999995,182490.08060000092,278
Quentin Blake Centre for Illustration ,"Rear of, 28 Amwell St",,,Islington,https://www.qbcentre.org.uk/,No UPRN found,E09000019,Clerkenwell,E05013702,51.52836,-0.10994,531206.1585999997,182742.50699999928,278
Museum of Funeral History,	29-31 Rosebery Avenue,London,EC1R 4SL,Islington,https://www.dignityfunerals.co.uk/funeral-directors/locations/england/london/clerkenwell/29---31-roseber,5300079668,E09000019,Clerkenwell,E05013702,51.524095,-0.11132672,531122.2196000004,182265.75280000083,278
Cubitt Artists,8 Angel Mews,London,N1 9HH,Islington,https://www.cubittartists.org.uk/,10012791474,E09000019,Barnsbury,E05013698,51.532348,-0.10787081,531338.2084999997,183189.68610000052,278
Candid Arts Centre,3 Torrens Street,London,EC1V 1NQ,Islington,https://candidarts.wordpress.com/,5300092107,E09000019,St Peter's & Canalside,E05013711,51.532151,-0.10512514,531529.2046999997,183172.70949999988,278
Islington Museum,245 St John Street,London,EC1V 4NB,Islington,https://www.islington.gov.uk/libraries-arts-and-heritage/heritage/islington-museum,5300084848,E09000019,Clerkenwell,E05013702,51.526486,-0.10455305,531585.2095999997,182543.78339999914,278
Crafts Council Gallery,44a Pentonville Road,London,N1 9BY,Islington,https://www.craftscouncil.org.uk/gallery,10093109726,E09000019,Barnsbury,E05013698,51.532143,-0.10854254,531292.2095999997,183165.6849000007,278
Prague Bar Angel,"43 Essex Road, N1 2SF London",,,Islington,http://www.barprague.com,5300031305,E09000019,St Mary's & St James',E05013710,51.537354,-0.100888,531808.0504000001,183758.9134999998,278
Kings Place,"90 York Way, London, N1 9AG",London,90 York Way,Islington,www.kingsplace.co.uk,10091005851,E09000019,Caledonian,E05013700,51.534966,-0.122145,530340.7297,183455.30629999936,278
LSO St. Luke's,161 Old Street,Islington,161 Old Street,Islington,www.lso.co.uk/lso-st-lukes.html,5300069641,E09000019,Bunhill,E05013699,51.52464542,-0.092372756,532435.4314000001,182361.07330000028,278
O2 Academy Islington,N1 Centre; 16 Parkfield Street; Angel; London N1 0,Islington,16 Parkfield Stree,Islington,www.academymusicgroup.com/o2academyislington,10001296717,E09000019,St Mary's & St James',E05013710,51.534827,-0.105766,531477.0491000004,183469.1325000003,278
Grace (The)/Garage (The),20-22 Highbury Corner Highbury East,,20-22 Highbury Cor,Islington,www.thegrace.london,0,E09000019,Laycock,E05013708,51.5462,-0.103760661,531583.3246999998,184737.4377999995,278
Union Chapel,"Union Chapel, Compton Terrace, London N1 2UN",Islington,19a Compton Terrac,Islington,www.unionchapel.org.uk,10008975865,E09000019,Laycock,E05013708,51.544765,-0.102481,531676.1908999998,184580.16569999978,278
Piano Works,113-117 Farringdon Rd,,,Islington,https://www.pianoworks.bar,10012787103,E09000019,Clerkenwell,E05013702,51.52235585,-0.106481583,531463.3271000003,182081.0435000006,278
Slaughtered Lamb,34-35 Great Sutton Street,Islington,,Islington,www.theslaughteredlambpub.com,10008975751,E09000019,Bunhill,E05013699,51.52280309,-0.099658235,531935.3794999998,182143.0460000001,278
Betsey Trotwood (The),56 Farringdon Road,,,Islington,https://www.thebetsey.com/,5300032921,E09000019,Clerkenwell,E05013702,51.52284993,-0.106446667,531464.3268999998,182136.0482999999,278
Lexington (The),96-98 Pentonville Road,,,Islington,https://www.thelexington.co.uk/,5300073232,E09000019,Clerkenwell,E05013702,51.53125957,-0.109832348,531205.2922999999,183065.13419999927,278
Dome (The),2a Dartmouth Park Hill,,,Islington,https://www.dometufnellpark.co.uk,5300027158,E09000019,Junction,E05013707,51.55700428,-0.137144327,529238.0571999997,185879.40499999933,278
The Star Of Kings,126 York Way,Islington,126 York Way,Islington,www.starofkings.co.uk,5300100171,E09000019,Caledonian,E05013700,51.53585538,-0.120472128,530454.2055000002,183557.18459999934,278
Fabric,77a Charterhouse St; Clerkenwell; London EC1M 6HJ;,,77a Charterhouse S,Islington,www.fabriclondon.com,5300037740,E09000019,Clerkenwell,E05013702,51.519574,-0.102505,531747.2130000005,181778.84449999966,278
Egg London,5-13 Vale Royal,London,5-13 Vale Royal,Islington,https://www.egglondon.co.uk,,E09000019,Caledonian,E05013700,51.541751,-0.125188,530110.3471999997,184204.39360000007,278
The Lighthouse,Unit 1a 190 New North Road,Islington,Unit 1a 190 New No,Islington,,0,E09000019,St Mary's & St James',E05013710,51.53716596,-0.089700397,532584.4342,183758.21969999932,278
Xoyo,32-37 Cowper Street; Shoreditch; London EC2A 4AP; ,Islington,32-37 Cowper Stree,Islington,www.xoyo.co.uk,5300025027,E09000019,Bunhill,E05013699,51.525519,-0.085704,532895.4815999996,182470.30859999917,278
McQueen,55-61 Tabernacle Street; Shoreditch; London EC2A 4,Islington,55-61 Tabernacle S,Islington,www.mcqueen-shoreditch.co.uk/,10008977886,E09000019,Bunhill,E05013699,51.524025,-0.08587,532888.3151000002,182303.8719999995,278
Nomad London,58 Old Street; Hoxton; London EC1V 9AJ; United Kin,Islington,58 Old Street,Islington,www.nomadlondon.com/,5300069544,E09000019,Bunhill,E05013699,51.524066,-0.095805,532199.0236,182290.4341000002,278
Ladybird / Basement Club,70 Upper Street; Islington; London N1 0NY; United ,Islington,70 Upper Street,Islington,www.ladybirdbar.co.uk,10091816806,E09000019,St Mary's & St James',E05013710,51.535991,-0.104014,531595.1979999999,183601.71969999932,278
St. Mary's Church,St. Marys Church Office Upper Street,Islington,St. Marys Church O,Islington,www.stmaryislington.org,5300095124,E09000019,St Mary's & St James',E05013710,51.53789732,-0.100399528,531840.3553999998,183820.2115000002,278
Hope And Anchor,"207 Upper St, London N1 1RL",Islington,,Islington,www.greeneking-pubs.co.uk/pubs/greater-london/hope-anchor/,5300094879,E09000019,Laycock,E05013708,51.543259,-0.103473,531611.7531000003,184410.90909999982,278
Turnmills,63b Clerkenwell Road; Farringdon; London EC1M 5NP;,,,Islington,,,E09000019,Clerkenwell,E05013702,51.522035,-0.105732,531516.2506999997,182046.71040000021,278
Pin Ups (Formerly The Islington),1 Tolpuddle Street,,,Islington,https://www.theislington.com/,5300092055,E09000019,Barnsbury,E05013698,51.53392393,-0.107183964,531381.3096000003,183366.16379999928,278
Nambucca,596 Holloway Road; Holloway; London N7 6LB; United,Islington,596 Holloway Road,Islington,www.nambucca.co.uk,5300048656,E09000019,Tollington,E05013712,51.560973,-0.123635,530163.1869000001,186344.67239999957,278
Sub Ember,Ember Bar; 99-100 Turnmill Street; Farringdon; Lon,,,Islington,,,E09000019,Clerkenwell,E05013702,51.520386,-0.10436,531616.1812000005,181865.80460000038,278
The Magic Roundabout,16 St. Agnes Well,Islington,16 St. Agnes Well,Islington,www.magicroundabout.co,10093110770,E09000019,Bunhill,E05013699,51.52503479,-0.085911784,532882.4776999997,182416.08630000055,278
Charterhouse Bar,38 Charterhouse Street; Farringdon; London EC1M 6J,,,Islington,,10010439967,E09000019,Bunhill,E05013699,51.520141,-0.100629,531875.7242999999,181845.27070000023,278
Ember,"99-100 Turnmills Steet, Farringdon, London, EC1 5Q",,,Islington,http://www.faucetinn.com,5300101504,E09000019,Clerkenwell,E05013702,51.520379,-0.104454,531609.6802000003,181864.85730000027,278
Old St Terrace,"Old Street Station, London, EC1V 1BE",,,Islington,,,E09000019,Bunhill,E05013699,51.525832,-0.088509,532700.0006999997,182500.02339999937,278
Life Basement,"2-4 Old Street, EC1V 2AA, London",,,Islington,,,E09000019,Bunhill,E05013699,51.523352,-0.097898,532055.9006000003,182207.25789999962,278
The Unicorn,227a Camden Road,,227a Camden Road,Islington,www.theunicorncamden.com,0,E09000019,Holloway,E05013706,51.54840176,-0.127975583,529898.1162,184939.01579999924,278
Boston Music Room,2a Dartmouth Park Hill,,,Islington,https://www.bostonmusicroom.co.uk/,5300053516,E09000019,Tufnell Park,E05013713,51.55680175,-0.136849624,529259.0596000003,185857.40350000001,278
The Guitar Social - King's Cross,26 Caledonian Rd,,,Islington,,,E09000019,Caledonian,E05013700,51.53181263,-0.120654931,530453.0805000002,183107.3015999999,278
T-Bird,132 Blackstock Road; London N4 2DX,,,Islington,http://www.tbirdbar.co.uk,10012787505,E09000019,Arsenal,E05013697,51.561378,-0.099457,531837.8806999996,186433.03009999916,278
Surya,156 Pentonville Road; Kings Cross; London N1 9JL; ,,,Islington,,,E09000019,Caledonian,E05013700,51.531399,-0.115896,530784.3311000001,183069.79260000028,278
Electrowerkz,7 Torrens Street; Islington; London EC1V 1NQ; Unit,Islington,7 Torrens Street,Islington,https://www.electrowerkz.co.uk,5300092109,E09000019,St Peter's & Canalside,E05013711,51.532528,-0.105192,531523.4813000001,183214.51219999976,278
Islington Assembly Hall,"Upper Street, London, N1 2UD",Islington,Town Hall Upper St,Islington,www.islingtonassemblyhall.co.uk,10091816915,E09000019,St Mary's & St James',E05013710,51.539663,-0.102499,531689.6673999997,184012.77789999917,278
Piano Works West End (Formerly Studio 88),47 Whitcomb Street,,,Islington,https://pianoworks.bar/venues/tpw-west-end/,,E09000019,Clerkenwell,E05013702,51.523030005,-0.108110039,531348.4199000001,182153.08850000054,278
The Garage,20-26 Highbury Corner,Islington,20-26 Highbury Cor,Islington,www.thegarage.london,10008978416,E09000019,Highbury,E05013704,51.546589984,-0.103810038,531578.7763999999,184780.71609999985,278
London Jukebox (The),6 Upper Street,,,Islington,,,E09000019,Laycock,E05013708,51.542660003,-0.103160022,531635.1827999996,184344.86240000091,278
Slim Jim's Liquor Store,112 Upper St,,112 Upper St,Islington,www.slimjimsliquorstore.com,,E09000019,St Mary's & St James',E05013710,51.537869997,-0.102709997,531680.2094999999,183813.01270000078,278
Hemmingford Arms,"158 Hemingford Road, Islington, London, N1 1DF",,,Islington,,,E09000019,Barnsbury,E05013698,51.543150009,-0.113210008,530936.9100000001,184381.31680000015,278
Little Baobab Ltd,"Waller House, Mayville Estate",,,Islington,,,E09000019,Mildmay,E05013709,51.550830012,-0.082929963,533014.1314000003,185290.01259999909,278
The Garage,20-26 Highbury Corner,Islington,20-26 Highbury Cor,Islington,www.thegarage.london,10008978416,E09000019,Highbury,E05013704,51.5462,-0.102130813,531696.3293000003,184740.37209999934,278
Grace (The)/Garage (The),20-22 Highbury Corner Highbury East,,20-22 Highbury Cor,Islington,www.thegrace.london,,E09000019,Highbury,E05013704,51.54624003,-0.10241761,531676.3288000003,184744.30700000003,278
Union Chapel,"Union Chapel, Compton Terrace, London N1 2UN",Islington,19a Compton Terrac,Islington,www.unionchapel.org.uk,10008975865,E09000019,Laycock,E05013708,51.544765,-0.102481,531676.1908999998,184580.16569999978,278
Piano Works,113-117 Farringdon Rd,,,Islington,https://www.pianoworks.bar,10012787103,E09000019,Clerkenwell,E05013702,51.52235585,-0.106481583,531463.3271000003,182081.0435000006,278
Slaughtered Lamb,34-35 Great Sutton Street,Islington,,Islington,www.theslaughteredlambpub.com,10008975751,E09000019,Bunhill,E05013699,51.52280309,-0.099658235,531935.3794999998,182143.0460000001,278
Betsey Trotwood (The),56 Farringdon Road,,,Islington,https://www.thebetsey.com/,5300032921,E09000019,Clerkenwell,E05013702,51.52284993,-0.106446667,531464.3268999998,182136.0482999999,278
Lexington (The),96-98 Pentonville Road,,,Islington,https://www.thelexington.co.uk/,5300073232,E09000019,Clerkenwell,E05013702,51.53125957,-0.109832348,531205.2922999999,183065.13419999927,278
Dome (The),2a Dartmouth Park Hill,,,Islington,https://www.dometufnellpark.co.uk,5300027158,E09000019,Junction,E05013707,51.55700428,-0.137144327,529238.0571999997,185879.40499999933,278
Hope And Anchor,"207 Upper St, London N1 1RL",Islington,,Islington,www.greeneking-pubs.co.uk/pubs/greater-london/hope-anchor/,,E09000019,Laycock,E05013708,51.543259,-0.103473,531611.7531000003,184410.90909999982,278
Turnmills,63b Clerkenwell Road; Farringdon; London EC1M 5NP;,,,Islington,,,E09000019,Clerkenwell,E05013702,51.522035,-0.105732,531516.2506999997,182046.71040000021,278
Pin Ups (Formerly The Islington),1 Tolpuddle Street,,,Islington,https://www.theislington.com/,5300092055,E09000019,Barnsbury,E05013698,51.53392393,-0.107183964,531381.3096000003,183366.16379999928,278
Nambucca,596 Holloway Road; Holloway; London N7 6LB; United,Islington,596 Holloway Road,Islington,www.nambucca.co.uk,5300048656,E09000019,Tollington,E05013712,51.560973,-0.123635,530163.1869000001,186344.67239999957,278
Slim Jim's Liquor Store,112 Upper St,,112 Upper St,Islington,www.slimjimsliquorstore.com,0,E09000019,St Mary's & St James',E05013710,51.5375,-0.10128059,531780.4034000002,183774.44180000015,278
Boston Music Room,2a Dartmouth Park Hill,,,Islington,https://www.bostonmusicroom.co.uk/,5300053516,E09000019,Tufnell Park,E05013713,51.55680175,-0.136849624,529259.0596000003,185857.40350000001,278
The Guitar Social - King's Cross,,,,Islington,,,E09000019,Caledonian,E05013700,51.53179593,-0.120665661,530452.3839999996,183105.4254999999,278
Piano Works West End (Formerly Studio 88),47 Whitcomb Street,,,Islington,https://pianoworks.bar/venues/tpw-west-end/,,E09000019,Clerkenwell,E05013702,51.523030005,-0.108110039,531348.4199000001,182153.08850000054,278
London Jukebox (The),6 Upper Street,,,Islington,,,E09000019,Laycock,E05013708,51.542660003,-0.103160022,531635.1827999996,184344.86240000091,278
Fabric,77a Charterhouse St; Clerkenwell; London EC1M 6HJ;,,77a Charterhouse S,Islington,www.fabriclondon.com,,E09000019,Clerkenwell,E05013702,51.519574,-0.102505,531747.2130000005,181778.84449999966,278
Egg London,5-13 Vale Royal,London,5-13 Vale Royal,Islington,https://www.egglondon.co.uk,,E09000019,Caledonian,E05013700,51.541751,-0.125188,530110.3471999997,184204.39360000007,278
Xoyo,32-37 Cowper Street; Shoreditch; London EC2A 4AP; ,Islington,32-37 Cowper Stree,Islington,www.xoyo.co.uk,5300025027,E09000019,Bunhill,E05013699,51.525519,-0.085704,532895.4815999996,182470.30859999917,278
McQueen,55-61 Tabernacle Street; Shoreditch; London EC2A 4,Islington,55-61 Tabernacle S,Islington,www.mcqueen-shoreditch.co.uk/,,E09000019,Bunhill,E05013699,51.524025,-0.08587,532888.3151000002,182303.8719999995,278
Nomad London,58 Old Street; Hoxton; London EC1V 9AJ; United Kin,Islington,58 Old Street,Islington,www.nomadlondon.com/,,E09000019,Bunhill,E05013699,51.524066,-0.095805,532199.0236,182290.4341000002,278
Ladybird / Basement Club,70 Upper Street; Islington; London N1 0NY; United ,Islington,70 Upper Street,Islington,www.ladybirdbar.co.uk,10091816806,E09000019,St Mary's & St James',E05013710,51.535991,-0.104014,531595.1979999999,183601.71969999932,278
Sub Ember,Ember Bar; 99-100 Turnmill Street; Farringdon; Lon,,,Islington,,,E09000019,Clerkenwell,E05013702,51.520386,-0.10436,531616.1812000005,181865.80460000038,278
The Magic Roundabout,16 St. Agnes Well,Islington,16 St. Agnes Well,Islington,www.magicroundabout.co,10093110770,E09000019,Bunhill,E05013699,51.52503479,-0.085911784,532882.4776999997,182416.08630000055,278
Electrowerkz,7 Torrens Street; Islington; London EC1V 1NQ; Unit,Islington,7 Torrens Street,Islington,https://www.electrowerkz.co.uk,5300092109,E09000019,St Peter's & Canalside,E05013711,51.532528,-0.105192,531523.4813000001,183214.51219999976,278
The Garage,20-26 Highbury Corner,Islington,20-26 Highbury Cor,Islington,www.thegarage.london,10008978416,E09000019,Highbury,E05013704,51.54619942,-0.102130813,531696.3309000004,184740.30760000087,278
Grace (The)/Garage (The),20-22 Highbury Corner Highbury East,,20-22 Highbury Cor,Islington,www.thegrace.london,,E09000019,Highbury,E05013704,51.54624003,-0.10241761,531676.3288000003,184744.30700000003,278
Union Chapel,"Union Chapel, Compton Terrace, London N1 2UN",Islington,19a Compton Terrac,Islington,www.unionchapel.org.uk,10008975865,E09000019,Laycock,E05013708,51.544765,-0.102481,531676.1908999998,184580.16569999978,278
Piano Works,113-117 Farringdon Rd,,,Islington,https://www.pianoworks.bar,10012787103,E09000019,Clerkenwell,E05013702,51.52235585,-0.106481583,531463.3271000003,182081.0435000006,278
Syncbox Post,195 St. John Street,Islington,,Islington,,10091003102,E09000019,Bunhill,E05013699,51.52385601,-0.101921156,531775.3607999999,182256.05810000002,278
Angel Recording Studios Ltd,311-312 Upper Street,Islington,,Islington,http://www.angelstudios.co.uk,5300095127,E09000019,St Mary's & St James',E05013710,51.53735492,-0.100782654,531815.3532999996,183759.20549999923,278
Sensible Music Group,90-96 Brewery Road,,,Islington,https://www.sensible-music.co.uk/rehearsals, 5300011689,E09000019,Caledonian,E05013700,51.544259,-0.12440899,530157.2116999999,184484.66999999993,278
Islington Arts Factory,2 Parkhurst Road,Islington,,Islington,www.islingtonartsfactory.org,5300071066,E09000019,Holloway,E05013706,51.553804,-0.12296338,530230.1996999998,185548.65740000084,278
Urdang2,Urdang Academy Old Finsbury Town Hall,Rosebery Avenue,,Islington,www.theurdanacademy.com,5300079780 ,E09000019,Clerkenwell,E05013702,51.52651965,-0.106467414,531452.3229,182544.08699999936,278
The New Rose,84-86 Essex Road,Islington,,Islington,www.thenewrose.co.uk,5300031362,E09000019,St Mary's & St James',E05013710,51.53792017,-0.097370016,532050.3777000001,183828.2156000007,278
John Henry,16-24 Brewery Road ,,,Islington,www.johnhenrys.com,5300011664,E09000019,Caledonian,E05013700,51.54537,-0.12053,530422.9979999997,184615.11739999987,278
Strummers Studios,43046 Georges Road,Islington,,Islington,www.strummersstudios.com,5300035125,E09000019,Laycock,E05013708,51.55028767,-0.109692778,531160.2741,185181.33889999986,278
Islington Arts Factory,2 Parkhurst Road,Islington,,Islington,www.islingtonartsfactory.org,5300071066,E09000019,Holloway,E05013706,51.55322109,-0.121545172,530330.1804999998,185486.36250000075,278
Storm Rehearsal Studios,Arches 6 & & 303 Holloway Road,,,Islington,www.stormrehearsalstudios.co.uk,5300047960,E09000019,Holloway,E05013706,51.55311,-0.11354,530885.4540999997,185488.30040000007,278
Sensible Music Group,90-96 Brewery Road,,,Islington,https://www.sensible-music.co.uk/rehearsals, 5300011689,E09000019,Caledonian,E05013700,51.544259,-0.12440899,530157.2116999999,184484.66999999993,278
Backgrounds Prop Hire,40 Brewery Road,,,Islington,https://www.backgroundsprophire.co.uk,10090549981,E09000019,Caledonian,E05013700,51.5448607,-0.119524048,530494.2035999997,184560.27520000003,278
CosProp,469/475 Holloway Road,,,Islington,http://www.cosprop.com,5300048478,E09000019,Tufnell Park,E05013713,51.55979127,-0.122414267,530251.1728999997,186215.43359999917,278
Will Skeet,"Studio 113, Regent House", 1 Thane Villas,,Islington,https://willskeet.com,See notes,E09000019,Finsbury Park,E05013703,51.56092,-0.11293,530905.3397000004,186357.88749999925,278
Little Angel Studios,Sebbon Street,,,Islington,https://www.littleangeltheatre.com/,No UPRN,E09000019,St Mary's & St James',E05013710,51.54089,-0.10028,531839.9976000004,184153.22030000016,278
Big Sky London,29-31 Brewery Road,,,Islington,https://www.bigskylondon.com/,5300011667,E09000019,Caledonian,E05013700,51.544628,-0.1227353,530272.2088000001,184528.67989999987,278
Woven,Studio E01,400 Caledonian Road,,Islington,http://www.rarethread.co.uk/,10091006312,E09000019,Barnsbury,E05013698,51.54231601,-0.115071278,530810.2407,184285.2480999995,278
Canonbury Yard,"190 New North Road, London, N1 7BJ",,,Islington,https://canonburyyard.com,5300065866,E09000019,St Mary's & St James',E05013710,51.537673,-0.090706701,532513.1765999999,183812.77999999933,278
Theatre Deli,119 Farringdon Road,,,Islington,www.theatredelicatessen.co.uk,5300032968,E09000019,Clerkenwell,E05013702,51.52322362,-0.108453861,531324.0120000001,182174.00210000016,278
Sadler's Wells Theatre,Rosebery Avenue,,,Islington,www.sadlerswells.com/venue-hire/studios,5300080047,E09000019,Clerkenwell,E05013702,51.52942925,-0.106264614,531458.0124000004,182868.00119999982,278
Stageworks Studios,Europa House,Ironmonger Row,,Islington,http://stageworksstudios.co.uk/,10008976314,E09000019,Bunhill,E05013699,51.52680388,-0.094638452,532272.0130000003,182596.99870000035,278
Young Actors Theatre,70-72 Barnsbury Rd,Islington,,Islington,www.yati.org.uk,5300006610,E09000019,Barnsbury,E05013698,51.53652268,-0.110613204,531136.0136000002,183648.99679999985,278
Rosemary Branch Theatre ‚Äì Marie Lloyd Room,2 Shepperton Road,,,Islington,http://www.rosemarybranchtheatre.co.uk/,5300082551,E09000019,Canonbury,E05013701,51.53762241,-0.08693312,532775.0115999999,183813.99750000052,278
Factory Fitness and Dance Centre,407 Hornsey Road,,,Islington,www.factoryrehearsalstudios.com,5300050793,E09000019,Tollington,E05013712,51.56650382,-0.121793909,530275.0088,186962.99730000086,278
Kings Place,90 York Way,,,Islington,https://www.kingsplace.co.uk/,10091871351,E09000019,Caledonian,E05013700,51.53424104,-0.121968911,530355.0120999999,183375.00349999964,278
The Poor School,242 Pentonville Road,,,Islington,www.thepoorschool.com,10090264274,E09000019,Caledonian,E05013700,51.53116428,-0.120206838,530486.0120999999,183036.00280000083,278
Park Theatre,Clifton Terrace,,,Islington,www.parktheatre.co.uk,10090266645,E09000019,Finsbury Park,E05013703,51.56566816,-0.108409695,531205.0137999998,186893.99909999967,278
London School of Capoeira,Unit 1-2 Leeds Place,,,Islington,www.londonschoolofcapoeira.com,10010441351,E09000019,Tollington,E05013712,51.56710573,-0.115030722,530742.0126999998,187042.0025999993,278
Islington Arts Factory,2 Parkhurst Road,,,Islington,www.islingtonartsfactory.org,5300071066,E09000019,Holloway,E05013706,51.55412346,-0.122505777,530261.0102000004,185584.9966000002,278
Platform Theatre,Hornsey Road,,,Islington,http://www.platformislington.org.uk/,10012794343,E09000019,Finsbury Park,E05013703,51.56133802,-0.115932747,530696.0119000003,186399.00159999914,278
Stockroom,7 Thane Villas,Finsbury Park,,Islington,www.outofjoint.co.uk,5300089989,E09000019,Finsbury Park,E05013703,51.56016472,-0.113990293,530834.0114000002,186272.00049999915,278
Pleasance Theatre,Carpenters Mews,,,Islington,www.pleasance.co.uk,10012788835,E09000019,Holloway,E05013706,51.54874017,-0.121588006,530340.0120000001,184988.00019999966,278
Stockroom ,38 Mayton Street,Islington,,Islington,https://www.stockroom.co.uk/,10090266132,E09000019,Finsbury Park,E05013703,51.559213,-0.11597458,530699.1961000003,186162.61800000072,278
London Rehearsal Space,Templeton House,33-34 Chiswell St,,Islington,https://london-rehearsal-space.co.uk/,5300102337,E09000019,Bunhill,E05013699,51.521019,-0.090725848,532560.2001,181960.79240000062,278
The Arc,98b St Paul Street,Islington,,Islington,https://www.thearccentre.org/venue-hire,10090265601,E09000019,St Mary's & St James',E05013710,51.535977,-0.095954175,532154.1891000001,183614.68789999932,278
The Urdang Academy,The Old Finsbury Town Hall,Rosebery Avenue,,Islington,https://theurdang.london/about-us/our-facilities/,5300079780,E09000019,Clerkenwell,E05013702,51.52694,-0.10818154,531332.2136000004,182587.7544999998,278
Urdang2,259-263 Goswell Rd,,,Islington,https://theurdang.london/about-us/our-facilities/,10090263564,E09000019,St Peter's & Canalside,E05013711,51.529951,-0.10306832,531678.2039000001,182931.76429999992,278
Little Angel Studios,Sebbon Street Community Centre,Sebbon Street,,Islington,https://www.littleangeltheatre.com/hire-us/venue-hire/,5300081545,E09000019,St Mary's & St James',E05013710,51.540877,-0.10030666,531838.1864999998,184151.72660000063,278
Courtyard Theatre,40 Pitfield Street,,,Islington,https://www.thecourtyard.org.uk/rooms/,10091002509,E09000019,Caledonian,E05013700,51.531121,-0.12213759,530352.2222999996,183027.75200000033,278
Kings Head Theatre,115 Upper St, Islington,,Islington,https://kingsheadtheatre.com/get-involved/rehearsal-space,5300094557,E09000019,St Mary's & St James',E05013710,51.538301,-0.10283649,531670.1940000001,183860.71319999918,278
Kings Place,90 York Way, Kings Cross,,Islington,https://www.kingsplace.co.uk/venue-hire/concert-rehearsal-studio-hire/flexible-spaces/,10091871351,E09000019,Caledonian,E05013700,51.53498,-0.12201,530350.0522999996,183457.10339999944,278
Fourth Monkey Education,The Monkey House,97-101 Seven Sisters Road,Finsbury Park,Islington,https://fourthmonkey.co.uk/,5300081823,E09000019,Finsbury Park,E05013703,51.56052,-0.11499726,530763.1963,186309.70759999938,278
Tall Stories Studio,Central Library,2 Fieldway Cres,,Islington,https://www.tallstories.org.uk/studio,10094610014,E09000019,Highbury,E05013704,51.549148,-0.10740465,531322.1862000003,185058.71160000004,278
Ample Space,17 Stroud Green Rd,Finsbury Park,,Islington,https://www.amplespace.co.uk/,10023220251,E09000019,Finsbury Park,E05013703,51.566418,-0.10766874,531254.2106999997,186978.71409999952,278
The Big House Theatre Company,151 Englefield Rd,,,Islington,https://thebighouse.uk.com/#!/,5300031052,E09000019,Canonbury,E05013701,51.543494,-0.089814048,532558.1700999998,184461.71509999968,278
Almeida Theatre,Almeida St, Islington,,Islington,https://almeida.co.uk/,5300001086,E09000019,St Mary's & St James',E05013710,51.53995318,-0.105570065,531475.8695999999,184039.52300000004,278
Young Actors Theatre,70-72 Barnsbury Road,,,Islington,NA,5300006610,E09000019,Barnsbury,E05013698,51.5366392,-0.112533377,531002.5155999996,183658.51669999957,278
Union Chapel,19b Compton Terrace,,,Islington,http://www.unionchapel.org.uk/,5300023057,E09000019,Laycock,E05013708,51.54477969,-0.104331307,531547.8545000004,184578.46920000017,278
The Little Angel Theatre,14 Dagmar Passage, Islington,,Islington,https://littleangeltheatre.com/,5300026580,E09000019,St Mary's & St James',E05013710,51.53952325,-0.102877318,531663.8362999996,183996.5563999992,278
Sadler's Wells Theatre,Rosebery Ave, Clerkenwell,,Islington,https://www.sadlerswells.com/,5300080047,E09000019,Clerkenwell,E05013702,51.52993712,-0.107874625,531344.8801999995,182921.5870999992,278
Rosemary Branch Theatre,2 Shepperton Rd,,,Islington,http://www.rosemarybranchtheatre.co.uk/,5300082551,E09000019,Canonbury,E05013701,51.53813039,-0.088545651,532661.71,183867.56000000052,278
Old Red Lion,418 St John St, Clerkenwell,,Islington,http://www.oldredliontheatre.co.uk/,5300085363,E09000019,Barnsbury,E05013698,51.53191794,-0.107460709,531367.8891000003,183142.59889999963,278
Hen and Chickens Theatre,109 St Paul's Road,,,Islington,https://www.thehenandchickenstheatrebar.co.uk/,5300086694,E09000019,Highbury,E05013704,51.5465405,-0.103133475,531625.8278999999,184776.4310999997,278
Kings Head Theatre,115 Upper St, Islington,,Islington,http://www.kingsheadtheatre.com/,5300094557,E09000019,St Mary's & St James',E05013710,51.53849633,-0.104477141,531555.8573000003,183879.48299999908,278
The Hope Theatre,207 Upper Street,,,Islington,http://www.thehopetheatre.com/,5300094879,E09000019,Laycock,E05013708,51.54408176,-0.105095213,531496.8992999997,184499.4838999994,278
Arcola Theatre,24 Ashwin St, Dalston,,Islington,https://www.arcolatheatre.com/,10008321023,E09000019,Mildmay,E05013709,51.54760619,-0.076943219,533438.6005999995,184942.4285000004,278
Pleasance Theatre,Carpenters Mews, North Rd,,Islington,https://www.pleasance.co.uk/,10012788835,E09000019,Holloway,E05013706,51.5492461,-0.123196566,530227.0444,185041.39719999954,278
Platform,Hornsey Road Baths, 2 Tiltman Place,,Islington,NA,10012794343,E09000019,Tollington,E05013712,51.5617735,-0.11716881,530609.0906999996,186445.21990000084,278
Park Theatre,Clifton Terrace, Finsbury Park,,Islington,https://www.parktheatre.co.uk/,10090266645,E09000019,Finsbury Park,E05013703,51.56617243,-0.110020818,531091.9041999998,186947.18510000035,278
Nursery Theatre,2  Finsbury Avenue ,,,Islington,http://thenurserytheatre.com/theatre/,100022933575,E09000019,Bunhill,E05013699,51.51992929,-0.086814449,532834.7143999999,181846.70830000006,278
The Big House Theatre Company,151 Englefield Rd,,,Islington,https://thebighouse.uk.com/#!/,5300031052 ,E09000019,Canonbury,E05013701,51.543494,-0.089814048,532558.1700999998,184461.71509999968,278
Tall Stories Theatre Company,"68 Holloway Road, London N7 8JL",,,Islington,https://www.tallstories.org.uk/,10094610014,E09000019,Highbury,E05013704,51.549148,-0.10740465,531322.1862000003,185058.71160000004,278
