﻿name,address1,address2,address3,borough_name,website,os_addressbase_uprn,borough_code,ward_2022_name,ward_2022_code,latitude,longitude,easting,northing,fme_feature_type.total_count
Barnet Local Studies and Archives,The Burroughs, ,NW4 4BQ,Barnet,https://www.barnet.gov.uk/citizen-home/libraries/local-studies-and-archives.html,200222812,E09000003,Hendon,E05013643,51.58859385,-0.228932832,522790.1858999999,189234.20739999972,58
Barnet Museum,31 Wood Street, ,EN5 4BE,Barnet,http://www.barnetmuseum.co.uk/,200128241,E09000003,High Barnet,E05013644,51.65287654,-0.202296261,524459.5517999995,196427.92239999957,58
Jews College Library,44a Albert Road, ,NW4 2SJ,Barnet,https://www.lsjs.ac.uk/about-our-library.php,200219174,E09000003,Hendon,E05013643,51.58821378,-0.213739211,523843.7292999998,189217.5616999995,58
King Alfred School,Manor Wood North End Road, ,NW11 7HY,Barnet,http://www.kingalfred.org.uk/,200086130,E09000003,Childs Hill,E05013631,51.56967063,-0.184458946,525923.3025000002,187205.5022,58
Leo Baeck College Library,The Sternberg Centre for Judaism ,80 East End Road ,N3 2SY,Barnet,http://lbc.ac.uk/library-resources/,200033491,E09000003,Finchley Church End,E05013639,51.59527665,-0.189326369,525515.4411000004,190044.6216000002,58
Middlesex University: Museum of Domestic Design & Arc,9 Boulevard Drive ,Beaufort Park Colindale,NW9 5HF,Barnet,https://moda.mdx.ac.uk/,200141126,E09000003,Colindale South,E05013633,51.59604884,-0.241636786,521890.2346000001,190042.01590000093,58
Middlesex University: Sheppard Library,The Burroughs, ,NW4 4BT,Barnet,https://unihub.mdx.ac.uk/study/library/library-services/library-opening-hours,200153196,E09000003,Hendon,E05013643,51.5904557,-0.22959233,522739.48819999956,189440.1484999992,58
"Royal Air Force Museum, Department of Research and In",Grahame Park Way, ,NW9 5LL,Barnet,https://www.rafmuseum.org.uk/research/research-enquiries.aspx,200049886,E09000003,Colindale North,E05013632,51.59894703,-0.238163901,522123.00710000005,190370.09569999948,58
artsdepot,"5 Nether Street, Tally Ho Corner",North Finchley,,Barnet,https://www.artsdepot.co.uk/private-rooms-studios,200196017,E09000003,West Finchley,E05013648,51.61281644,-0.176699509,526341.3540000003,192016.8906999994,58
Create Space London,80 Daws Ln,Mill Hill,,Barnet,https://www.createspacelondon.org/?fbclid=IwAR3z5OP_MsyfZ64PwpV3CIIng3-2rGQqD_lhIhL1391Zn1HTKsXZDYp9VTc,See notes,E09000003,Mill Hill,E05013645,51.61565,-0.2388,522034.23869999964,192226.53130000085,58
Arts Depot ,5 Nether St,North Finchley,N12 0GA,Barnet,https://www.artsdepot.co.uk/,200196017,E09000003,West Finchley,E05013648,51.61281644,-0.176699509,526341.3540000003,192016.8906999994,58
Phoenix (East Finchley),,52 High Road,N2 9PJ,Barnet,,200061366,E09000003,East Finchley,E05013636,51.588503,-0.16368621,527310.2549999999,189335.69519999996,58
Vue  Finchley North,Great North Leisure Park,Chaplin Square,N12 0GL,Barnet,,200217093,E09000003,Woodhouse,E05013651,51.603832,-0.17332068,526600.2496999996,191023.6144999992,58
Everyman Barnet,,,,Barnet,,,E09000003,Barnet Vale,E05013628,51.64651,-0.18771,525486.0897000004,195744.86879999936,58
Areaworks Colindale,"Unit 23, Beaufort Park",8 Aerodrome Rd,,Barnet,https://www.areaworks.com/coworking-spaces/colindale/,200155308 ,E09000003,Colindale South,E05013633,51.595283,-0.24240245,521839.24990000017,189955.5764000006,58
North London Film Studios,The Ridgeway,London ,,Barnet,https://purposegroup.co.uk ,200117012,E09000003,Totteridge & Woodside,E05013646,51.614256,-0.21312858,523815.2648,192114.65110000037,58
Arts Depot,5 Nether Street,,,Barnet,http://www.artsdepot.co.uk,200196017,E09000003,West Finchley,E05013648,51.61281644,-0.176699509,526341.3540000003,192016.8906999994,58
NW7 Hub,Mill hill Library,Hartley Avenue,,Barnet,https://www.nw7hub.org.uk,10094710274,E09000003,Mill Hill,E05013645,51.615382,-0.24309943,521737.3225999996,192189.57960000075,58
Innovation Dance Studios Finchley,2A Lodge Lane,,,Barnet,https://www.innovationdancestudios.co.uk/finchley-dance-studio/location/,10091041343,E09000003,West Finchley,E05013648,51.61634745,-0.177296442,526290.2331999997,192408.53299999982,58
Studio 45,115A Brunswick Park Roa,,,Barnet,http://www.studio45.london,200219587,E09000003,Brunswick Park,E05013629,51.62293183,-0.147463783,528336.9506999999,193192.7025000006,58
Arts Depot,5 Nether Street,,,Barnet,http://www.artsdepot.co.uk,200196017,E09000003,West Finchley,E05013648,51.61281644,-0.176699509,526341.3540000003,192016.8906999994,58
artsdepot,5 Nether St, Tally Ho Corner, North Finchley,Barnet,https://www.artsdepot.co.uk/private-rooms-studios,200198999,E09000003,West Finchley,E05013648,51.61297,-0.17686,526329.8164999997,192033.69030000083,58
NW7 Hub,Mill hill Library,Hartley Avenue,,Barnet,https://www.nw7hub.org.uk,10094710274,E09000003,Mill Hill,E05013645,51.615382,-0.24309943,521737.3225999996,192189.57960000075,58
B.E. Cook Limited,431 High Road,,,Barnet,,200060663,E09000003,East Finchley,E05013636,51.60153409,-0.172813057,526641.7925000004,190768.95610000007,58
Jewellery Cave Limited,48b Hendon Lane London N3 1TT United Kingdom,,,Barnet,http://www.jewellerycave.co.uk,200058885,E09000003,Finchley Church End,E05013639,51.59871,-0.19912,524827.6960000005,190409.65520000085,58
Codis Maya Limited,1st Floor 314 Regents Park Road,Finchley,,Barnet,http://www.codismaya.com,200209140,E09000003,Finchley Church End,E05013639,51.59895386,-0.193783745,525196.6018000003,190445.89949999936,58
Childs Hill ,,,,Barnet,,200219960,E09000003,Childs Hill,E05013631,51.56166852,-0.199092218,524931.1315000001,186290.5449000001,58
Golders Green ,,,,Barnet,,200049056,E09000003,Childs Hill,E05013631,51.57425403,-0.200179203,524821.3454999998,187688.24689999968,58
Garden Suburb Community Library ,,,,Barnet,,200207760,E09000003,Garden Suburb,E05013641,51.58580095,-0.181741357,526067.0323000001,189003.94079999998,58
Hendon,,,,Barnet,,200222812,E09000003,Hendon,E05013643,51.58809113,-0.227360361,522900.4698000001,189180.9416000005,58
East Finchley,,,,Barnet,,200061457,E09000003,East Finchley,E05013636,51.59342094,-0.165973843,527138.0717000002,189878.61339999922,58
Church End ,,,,Barnet,,200218220,E09000003,Finchley Church End,E05013639,51.59932321,-0.195695662,525063.1742000002,190483.7003000006,58
Colindale,,,,Barnet,,200222825,E09000003,Colindale North,E05013632,51.60129207,-0.243478885,521748.6624999996,190622.03690000065,58
South Friern ,,,,Barnet,,200147125,E09000003,Friern Barnet,E05013640,51.59993455,-0.146935286,528438.3924000002,190636.2092000004,58
Burnt Oak ,,,,Barnet,,200155264,E09000003,Burnt Oak,E05013630,51.60276504,-0.261638438,520487.20660000015,190755.83440000005,58
Friern Barnet Community Library ,,,,Barnet,,200044867,E09000003,Friern Barnet,E05013640,51.61303719,-0.151842928,528061.6743999999,192084.68649999984,58
Mill Hill ,,,,Barnet,,200057669,E09000003,Mill Hill,E05013645,51.61488958,-0.241490103,521850.0482000001,192137.49230000004,58
Edgware ,,,,Barnet,,200220766,E09000003,Edgware,E05013637,51.61577734,-0.272427097,519705.9611999998,192185.21880000085,58
North Finchley ,,,,Barnet,,200097082,E09000003,Woodhouse,E05013651,51.61807536,-0.174310929,526492.1183000002,192605.8501999993,58
Osidge,,,,Barnet,,200140830,E09000003,Brunswick Park,E05013629,51.62982049,-0.147457177,528317.9741000002,193958.7725000009,58
East Barnet ,,,,Barnet,,200016111,E09000003,East Barnet,E05013635,51.64389091,-0.159901578,527417.2960000001,195501.71590000018,58
Chipping Barnet ,,,,Barnet,,200107378,E09000003,High Barnet,E05013644,51.65565921,-0.203165618,524391.8092,196735.8892000001,58
Create Space London,Create Space London,80 Daws Lane,Mill Hill,Barnet,www.createspacelondon.org/,200160294,E09000003,Mill Hill,E05013645,51.61526637,-0.238795818,522035.5563000003,192183.87570000067,58
Maison Henry Bertrand,13-15 Station Road,,,Barnet,https://www.maisonhenrybertrand.com,10093298811,E09000003,Finchley Church End,E05013639,51.59999267,-0.191458643,525354.7724000001,190565.40450000018,58
The Stephens Collection,Avenue House,East End Road,Finchley,Barnet,http://www.london-northwest.com/sites/stephens,200035687,E09000003,Finchley Church End,E05013639,51.59610036,-0.192996205,525258.9903999995,190129.92650000006,58
Royal Air Force Museum London (RAF),Grahame Park Way,Hendon,NA,Barnet,http://www.rafmuseum.org/,200049886,E09000003,Hendon,E05013643,51.59844565,-0.236591661,522233.2368999999,190316.96360000037,58
Barnet Museum (and Local History Society),31 Wood Street,Barnet,Hertfordshire,Barnet,www.barnetmuseum.co.uk,200128241,E09000003,High Barnet,E05013644,51.65238108,-0.200717589,524570.1102999998,196375.51410000026,58
Museum of Domestic Design and Architecture,Middlesex University,9 Boulevard Drive,Beaufort Park,Barnet,http://www.culture24.org.uk/se000059,200141133,E09000003,Colindale South,E05013633,51.59561416,-0.240340162,521981.1995000001,189995.83359999955,58
Night Owl Nightlife Limited,32 Engel Park,,,Barnet,,,E09000003,Mill Hill,E05013645,51.612549988,-0.21759999,523510.32070000004,191917.3652999997,58
Blue Box Studios Ltd,183 Edgware Road,Brent,,Barnet,www.blueboxstudios.com,202099122,E09000003,Colindale South,E05013633,51.58646535,-0.249788916,521351.13019999955,188962.75390000083,58
Volume Unlimited,1C Meadow Works ,,,Barnet,https://volume-unlimited.co.uk/volume-unlimited/,See notes,E09000003,Barnet Vale,E05013628,51.64315,-0.18372,525771.4222999997,195378.07359999977,58
Angels Costumes,1 Garrick Road,,,Barnet,https://angels.uk.com/,200046869,E09000003,West Hendon,E05013649,51.58106059,-0.239865614,522053.0234000003,188378.19559999928,58
Maison Henry Bertrand,13-15  Station Road,,,Barnet,https://www.maisonhenrybertrand.com,10093298811,E09000003,Finchley Church End,E05013639,51.59999267,-0.191458643,525354.7724000001,190565.40450000018,58
Ron Briggs Design,1 Bedford Mews,,,Barnet,http://www.ronbriggs.com/,200216781,E09000003,East Finchley,E05013636,51.59144599,-0.163506874,527314.4582000002,189663.27999999933,58
Bridge Theatre Training Company,90 Kingsway,Tally Ho Corner,,Barnet,www.thebridge-ttc.org,200196013,E09000003,West Finchley,E05013648,51.6128175,-0.176704377,526341.0141000003,192017.00009999983,58
artsdepot,5 Nether St, Tally Ho Corner, North Finchley,Barnet,https://www.artsdepot.co.uk/private-rooms-studios,200198999,E09000003,West Finchley,E05013648,51.61297,-0.17686,526329.8164999997,192033.69030000083,58
The Bull Theatre,68 High St, Barnet,,Barnet,https://www.thebulltheatre.com/,200148795,E09000003,High Barnet,E05013644,51.6536034,-0.200963858,524549.7297,196511.0223999992,58
artsdepot,5 Nether St, Tally Ho Corner, North Finchley,Barnet,https://www.artsdepot.co.uk/,200198999,E09000003,West Finchley,E05013648,51.61346127,-0.177899683,526256.4722999996,192086.52690000087,58
